solid OpenSCAD_Model
  facet normal 1 -0 0
    outer loop
      vertex 14 7.62939e-07 4
      vertex 14 7.3 0
      vertex 14 7.3 4
    endloop
  endfacet
  facet normal 1 0 0
    outer loop
      vertex 14 7.3 0
      vertex 14 7.62939e-07 4
      vertex 14 7.62939e-07 0
    endloop
  endfacet
  facet normal 1 -0 0
    outer loop
      vertex 14 26.7 4
      vertex 14 30.8 0
      vertex 14 30.8 4
    endloop
  endfacet
  facet normal 1 0 0
    outer loop
      vertex 14 30.8 0
      vertex 14 26.7 4
      vertex 14 26.7 0
    endloop
  endfacet
  facet normal 0 -1 0
    outer loop
      vertex 0 7.62939e-07 0
      vertex 14 7.62939e-07 4
      vertex 0 7.62939e-07 4
    endloop
  endfacet
  facet normal 0 -1 -0
    outer loop
      vertex 14 7.62939e-07 4
      vertex 0 7.62939e-07 0
      vertex 14 7.62939e-07 0
    endloop
  endfacet
  facet normal 0 1 -0
    outer loop
      vertex 14 30.8 0
      vertex 0 30.8 4
      vertex 14 30.8 4
    endloop
  endfacet
  facet normal 0 1 0
    outer loop
      vertex 0 30.8 4
      vertex 14 30.8 0
      vertex 0 30.8 0
    endloop
  endfacet
  facet normal -1 0 0
    outer loop
      vertex 0 7.62939e-07 0
      vertex 0 30.8 4
      vertex 0 30.8 0
    endloop
  endfacet
  facet normal -1 -0 0
    outer loop
      vertex 0 30.8 4
      vertex 0 7.62939e-07 0
      vertex 0 7.62939e-07 4
    endloop
  endfacet
  facet normal 0 0 1
    outer loop
      vertex 14 30.8 4
      vertex 8 26.7 4
      vertex 14 26.7 4
    endloop
  endfacet
  facet normal 0 0 1
    outer loop
      vertex 8 26.7 4
      vertex 6.15001 16.6824 4
      vertex 8 7.3 4
    endloop
  endfacet
  facet normal 0 0 1
    outer loop
      vertex 8 26.7 4
      vertex 6.14938 16.75 4
      vertex 6.15001 16.6824 4
    endloop
  endfacet
  facet normal 0 0 1
    outer loop
      vertex 8 26.7 4
      vertex 6.14754 16.8172 4
      vertex 6.14938 16.75 4
    endloop
  endfacet
  facet normal 0 0 1
    outer loop
      vertex 8 26.7 4
      vertex 6.14447 16.8837 4
      vertex 6.14754 16.8172 4
    endloop
  endfacet
  facet normal 0 0 1
    outer loop
      vertex 8 26.7 4
      vertex 6.14023 16.9496 4
      vertex 6.14447 16.8837 4
    endloop
  endfacet
  facet normal 0 0 1
    outer loop
      vertex 8 26.7 4
      vertex 6.13481 17.0146 4
      vertex 6.14023 16.9496 4
    endloop
  endfacet
  facet normal 0 0 1
    outer loop
      vertex 8 26.7 4
      vertex 6.12823 17.0788 4
      vertex 6.13481 17.0146 4
    endloop
  endfacet
  facet normal 0 0 1
    outer loop
      vertex 8 26.7 4
      vertex 6.12053 17.1419 4
      vertex 6.12823 17.0788 4
    endloop
  endfacet
  facet normal 0 0 1
    outer loop
      vertex 8 26.7 4
      vertex 6.11169 17.204 4
      vertex 6.12053 17.1419 4
    endloop
  endfacet
  facet normal 0 0 1
    outer loop
      vertex 8 26.7 4
      vertex 6.10178 17.2649 4
      vertex 6.11169 17.204 4
    endloop
  endfacet
  facet normal 0 0 1
    outer loop
      vertex 8 26.7 4
      vertex 6.09079 17.3245 4
      vertex 6.10178 17.2649 4
    endloop
  endfacet
  facet normal 0 0 1
    outer loop
      vertex 8 26.7 4
      vertex 6.07874 17.3827 4
      vertex 6.09079 17.3245 4
    endloop
  endfacet
  facet normal 0 0 1
    outer loop
      vertex 8 26.7 4
      vertex 6.06564 17.4393 4
      vertex 6.07874 17.3827 4
    endloop
  endfacet
  facet normal 0 0 1
    outer loop
      vertex 8 26.7 4
      vertex 6.05153 17.4944 4
      vertex 6.06564 17.4393 4
    endloop
  endfacet
  facet normal 0 0 1
    outer loop
      vertex 8 26.7 4
      vertex 6.03641 17.5478 4
      vertex 6.05153 17.4944 4
    endloop
  endfacet
  facet normal 0 0 1
    outer loop
      vertex 8 26.7 4
      vertex 6.02031 17.5994 4
      vertex 6.03641 17.5478 4
    endloop
  endfacet
  facet normal 0 0 1
    outer loop
      vertex 8 26.7 4
      vertex 6.00325 17.6491 4
      vertex 6.02031 17.5994 4
    endloop
  endfacet
  facet normal 0 0 1
    outer loop
      vertex 8 26.7 4
      vertex 5.98524 17.6968 4
      vertex 6.00325 17.6491 4
    endloop
  endfacet
  facet normal 0 0 1
    outer loop
      vertex 8 26.7 4
      vertex 5.96631 17.7425 4
      vertex 5.98524 17.6968 4
    endloop
  endfacet
  facet normal 0 0 1
    outer loop
      vertex 8 26.7 4
      vertex 5.94647 17.7859 4
      vertex 5.96631 17.7425 4
    endloop
  endfacet
  facet normal 0 0 1
    outer loop
      vertex 8 26.7 4
      vertex 5.92575 17.827 4
      vertex 5.94647 17.7859 4
    endloop
  endfacet
  facet normal 0 0 1
    outer loop
      vertex 8 26.7 4
      vertex 5.90416 17.8657 4
      vertex 5.92575 17.827 4
    endloop
  endfacet
  facet normal 0 0 1
    outer loop
      vertex 8 26.7 4
      vertex 5.87839 17.9076 4
      vertex 5.90416 17.8657 4
    endloop
  endfacet
  facet normal 0 0 1
    outer loop
      vertex 8 26.7 4
      vertex 5.8511 17.9476 4
      vertex 5.87839 17.9076 4
    endloop
  endfacet
  facet normal 0 0 1
    outer loop
      vertex 8 26.7 4
      vertex 5.82233 17.9856 4
      vertex 5.8511 17.9476 4
    endloop
  endfacet
  facet normal 0 0 1
    outer loop
      vertex 8 26.7 4
      vertex 5.79205 18.0216 4
      vertex 5.82233 17.9856 4
    endloop
  endfacet
  facet normal 0 0 1
    outer loop
      vertex 8 26.7 4
      vertex 5.76031 18.0557 4
      vertex 5.79205 18.0216 4
    endloop
  endfacet
  facet normal 0 0 1
    outer loop
      vertex 8 26.7 4
      vertex 5.7271 18.0878 4
      vertex 5.76031 18.0557 4
    endloop
  endfacet
  facet normal 0 0 1
    outer loop
      vertex 8 26.7 4
      vertex 5.69243 18.1179 4
      vertex 5.7271 18.0878 4
    endloop
  endfacet
  facet normal 0 0 1
    outer loop
      vertex 8 26.7 4
      vertex 5.65634 18.146 4
      vertex 5.69243 18.1179 4
    endloop
  endfacet
  facet normal 0 0 1
    outer loop
      vertex 8 26.7 4
      vertex 5.61882 18.1721 4
      vertex 5.65634 18.146 4
    endloop
  endfacet
  facet normal 0 0 1
    outer loop
      vertex 8 26.7 4
      vertex 5.57988 18.1961 4
      vertex 5.61882 18.1721 4
    endloop
  endfacet
  facet normal 0 0 1
    outer loop
      vertex 8 26.7 4
      vertex 5.53955 18.2182 4
      vertex 5.57988 18.1961 4
    endloop
  endfacet
  facet normal 0 0 1
    outer loop
      vertex 8 26.7 4
      vertex 5.49785 18.2381 4
      vertex 5.53955 18.2182 4
    endloop
  endfacet
  facet normal 0 0 1
    outer loop
      vertex 8 26.7 4
      vertex 5.45477 18.256 4
      vertex 5.49785 18.2381 4
    endloop
  endfacet
  facet normal 0 0 1
    outer loop
      vertex 8 26.7 4
      vertex 5.41034 18.2719 4
      vertex 5.45477 18.256 4
    endloop
  endfacet
  facet normal 0 0 1
    outer loop
      vertex 8 26.7 4
      vertex 5.36456 18.2857 4
      vertex 5.41034 18.2719 4
    endloop
  endfacet
  facet normal 0 0 1
    outer loop
      vertex 8 26.7 4
      vertex 5.31746 18.2973 4
      vertex 5.36456 18.2857 4
    endloop
  endfacet
  facet normal 0 0 1
    outer loop
      vertex 8 26.7 4
      vertex 5.26904 18.3069 4
      vertex 5.31746 18.2973 4
    endloop
  endfacet
  facet normal 0 0 1
    outer loop
      vertex 8 26.7 4
      vertex 5.21933 18.3144 4
      vertex 5.26904 18.3069 4
    endloop
  endfacet
  facet normal 0 0 1
    outer loop
      vertex 8 26.7 4
      vertex 5.16832 18.3197 4
      vertex 5.21933 18.3144 4
    endloop
  endfacet
  facet normal 0 0 1
    outer loop
      vertex 8 26.7 4
      vertex 5.11604 18.323 4
      vertex 5.16832 18.3197 4
    endloop
  endfacet
  facet normal 0 0 1
    outer loop
      vertex 8 26.7 4
      vertex 5.0625 18.324 4
      vertex 5.11604 18.323 4
    endloop
  endfacet
  facet normal 0 0 1
    outer loop
      vertex 8 26.7 4
      vertex 4.99075 18.3218 4
      vertex 5.0625 18.324 4
    endloop
  endfacet
  facet normal 0 0 1
    outer loop
      vertex 8 26.7 4
      vertex 4.92087 18.3152 4
      vertex 4.99075 18.3218 4
    endloop
  endfacet
  facet normal 0 0 1
    outer loop
      vertex 8 26.7 4
      vertex 4.85301 18.3043 4
      vertex 4.92087 18.3152 4
    endloop
  endfacet
  facet normal 0 0 1
    outer loop
      vertex 3.31264 18.2241 4
      vertex 4.85301 18.3043 4
      vertex 8 26.7 4
    endloop
  endfacet
  facet normal 0 0 1
    outer loop
      vertex 4.85301 18.3043 4
      vertex 3.31264 18.2241 4
      vertex 4.78732 18.2892 4
    endloop
  endfacet
  facet normal 0 0 1
    outer loop
      vertex 4.78732 18.2892 4
      vertex 3.31264 18.2241 4
      vertex 4.72397 18.2702 4
    endloop
  endfacet
  facet normal 0 0 1
    outer loop
      vertex 4.72397 18.2702 4
      vertex 3.31264 18.2241 4
      vertex 4.66312 18.2474 4
    endloop
  endfacet
  facet normal 0 0 1
    outer loop
      vertex 4.66312 18.2474 4
      vertex 3.31264 18.2241 4
      vertex 4.60493 18.2208 4
    endloop
  endfacet
  facet normal 0 0 1
    outer loop
      vertex 4.60493 18.2208 4
      vertex 3.31264 18.2241 4
      vertex 4.54955 18.1907 4
    endloop
  endfacet
  facet normal 0 0 1
    outer loop
      vertex 4.54955 18.1907 4
      vertex 3.31264 18.2241 4
      vertex 4.49715 18.1571 4
    endloop
  endfacet
  facet normal 0 0 1
    outer loop
      vertex 4.49715 18.1571 4
      vertex 3.31264 18.2241 4
      vertex 4.44788 18.1202 4
    endloop
  endfacet
  facet normal 0 0 1
    outer loop
      vertex 4.44788 18.1202 4
      vertex 3.31264 18.2241 4
      vertex 4.4019 18.0802 4
    endloop
  endfacet
  facet normal 0 0 1
    outer loop
      vertex 4.4019 18.0802 4
      vertex 3.31264 18.2241 4
      vertex 4.35938 18.0372 4
    endloop
  endfacet
  facet normal 0 0 1
    outer loop
      vertex 4.35938 18.0372 4
      vertex 3.31264 18.2241 4
      vertex 4.32047 17.9912 4
    endloop
  endfacet
  facet normal 0 0 1
    outer loop
      vertex 4.32047 17.9912 4
      vertex 3.31264 18.2241 4
      vertex 4.28532 17.9426 4
    endloop
  endfacet
  facet normal 0 0 1
    outer loop
      vertex 4.28532 17.9426 4
      vertex 3.31264 18.2241 4
      vertex 4.25412 17.8913 4
    endloop
  endfacet
  facet normal 0 0 1
    outer loop
      vertex 4.17502 16.648 4
      vertex 3.31264 18.2241 4
      vertex 4.15434 16.5743 4
    endloop
  endfacet
  facet normal 0 0 1
    outer loop
      vertex 4.15434 16.5743 4
      vertex 3.31264 18.2241 4
      vertex 4.13805 16.4974 4
    endloop
  endfacet
  facet normal 0 0 1
    outer loop
      vertex 3.31264 15.2699 4
      vertex 4.13805 16.4974 4
      vertex 3.31264 18.2241 4
    endloop
  endfacet
  facet normal 0 0 1
    outer loop
      vertex 4.12625 16.4175 4
      vertex 3.31264 15.2699 4
      vertex 4.11908 16.3347 4
    endloop
  endfacet
  facet normal 0 0 1
    outer loop
      vertex 4.13805 16.4974 4
      vertex 3.31264 15.2699 4
      vertex 4.12625 16.4175 4
    endloop
  endfacet
  facet normal 0 0 1
    outer loop
      vertex 4.16261 17.6006 4
      vertex 3.31264 18.2241 4
      vertex 4.15833 17.5365 4
    endloop
  endfacet
  facet normal 0 0 1
    outer loop
      vertex 4.17178 17.6628 4
      vertex 3.31264 18.2241 4
      vertex 4.16261 17.6006 4
    endloop
  endfacet
  facet normal 0 0 1
    outer loop
      vertex 4.18567 17.7232 4
      vertex 3.31264 18.2241 4
      vertex 4.17178 17.6628 4
    endloop
  endfacet
  facet normal 0 0 1
    outer loop
      vertex 4.20413 17.7814 4
      vertex 3.31264 18.2241 4
      vertex 4.18567 17.7232 4
    endloop
  endfacet
  facet normal 0 0 1
    outer loop
      vertex 4.22701 17.8375 4
      vertex 3.31264 18.2241 4
      vertex 4.20413 17.7814 4
    endloop
  endfacet
  facet normal 0 0 1
    outer loop
      vertex 4.25412 17.8913 4
      vertex 3.31264 18.2241 4
      vertex 4.22701 17.8375 4
    endloop
  endfacet
  facet normal 0 0 1
    outer loop
      vertex 8 26.7 4
      vertex 2.72932 18.2241 4
      vertex 3.31264 18.2241 4
    endloop
  endfacet
  facet normal 0 0 1
    outer loop
      vertex 2.72932 18.2241 4
      vertex 2.02097 16.1866 4
      vertex 2.72932 16.1866 4
    endloop
  endfacet
  facet normal 0 0 1
    outer loop
      vertex 2.02097 16.1866 4
      vertex 0 30.8 4
      vertex 2.02097 15.7991 4
    endloop
  endfacet
  facet normal 0 0 1
    outer loop
      vertex 2.72932 18.2241 4
      vertex 0 30.8 4
      vertex 2.02097 16.1866 4
    endloop
  endfacet
  facet normal 0 0 1
    outer loop
      vertex 8 26.7 4
      vertex 0 30.8 4
      vertex 2.72932 18.2241 4
    endloop
  endfacet
  facet normal -0 0 1
    outer loop
      vertex 0 30.8 4
      vertex 8 26.7 4
      vertex 14 30.8 4
    endloop
  endfacet
  facet normal -0 0 1
    outer loop
      vertex 8 7.3 4
      vertex 14 7.62939e-07 4
      vertex 14 7.3 4
    endloop
  endfacet
  facet normal -0 0 1
    outer loop
      vertex 6.14955 16.6212 4
      vertex 8 7.3 4
      vertex 6.15001 16.6824 4
    endloop
  endfacet
  facet normal -0 0 1
    outer loop
      vertex 6.14818 16.5613 4
      vertex 8 7.3 4
      vertex 6.14955 16.6212 4
    endloop
  endfacet
  facet normal -0 0 1
    outer loop
      vertex 6.1459 16.5028 4
      vertex 8 7.3 4
      vertex 6.14818 16.5613 4
    endloop
  endfacet
  facet normal -0 0 1
    outer loop
      vertex 6.14272 16.4457 4
      vertex 8 7.3 4
      vertex 6.1459 16.5028 4
    endloop
  endfacet
  facet normal -0 0 1
    outer loop
      vertex 6.13861 16.39 4
      vertex 8 7.3 4
      vertex 6.14272 16.4457 4
    endloop
  endfacet
  facet normal -0 0 1
    outer loop
      vertex 6.13358 16.3357 4
      vertex 8 7.3 4
      vertex 6.13861 16.39 4
    endloop
  endfacet
  facet normal -0 0 1
    outer loop
      vertex 6.12762 16.2827 4
      vertex 8 7.3 4
      vertex 6.13358 16.3357 4
    endloop
  endfacet
  facet normal -0 0 1
    outer loop
      vertex 6.12074 16.2312 4
      vertex 8 7.3 4
      vertex 6.12762 16.2827 4
    endloop
  endfacet
  facet normal -0 0 1
    outer loop
      vertex 6.11295 16.181 4
      vertex 8 7.3 4
      vertex 6.12074 16.2312 4
    endloop
  endfacet
  facet normal -0 0 1
    outer loop
      vertex 6.1042 16.1323 4
      vertex 8 7.3 4
      vertex 6.11295 16.181 4
    endloop
  endfacet
  facet normal -0 0 1
    outer loop
      vertex 6.09453 16.085 4
      vertex 8 7.3 4
      vertex 6.1042 16.1323 4
    endloop
  endfacet
  facet normal -0 0 1
    outer loop
      vertex 6.08392 16.0391 4
      vertex 8 7.3 4
      vertex 6.09453 16.085 4
    endloop
  endfacet
  facet normal -0 0 1
    outer loop
      vertex 6.07237 15.9946 4
      vertex 8 7.3 4
      vertex 6.08392 16.0391 4
    endloop
  endfacet
  facet normal -0 0 1
    outer loop
      vertex 6.05988 15.9515 4
      vertex 8 7.3 4
      vertex 6.07237 15.9946 4
    endloop
  endfacet
  facet normal -0 0 1
    outer loop
      vertex 6.04645 15.9099 4
      vertex 8 7.3 4
      vertex 6.05988 15.9515 4
    endloop
  endfacet
  facet normal -0 0 1
    outer loop
      vertex 6.03206 15.8697 4
      vertex 8 7.3 4
      vertex 6.04645 15.9099 4
    endloop
  endfacet
  facet normal -0 0 1
    outer loop
      vertex 6.01672 15.831 4
      vertex 8 7.3 4
      vertex 6.03206 15.8697 4
    endloop
  endfacet
  facet normal -0 0 1
    outer loop
      vertex 6.00043 15.7938 4
      vertex 8 7.3 4
      vertex 6.01672 15.831 4
    endloop
  endfacet
  facet normal -0 0 1
    outer loop
      vertex 5.98318 15.7579 4
      vertex 8 7.3 4
      vertex 6.00043 15.7938 4
    endloop
  endfacet
  facet normal -0 0 1
    outer loop
      vertex 5.96498 15.7236 4
      vertex 8 7.3 4
      vertex 5.98318 15.7579 4
    endloop
  endfacet
  facet normal -0 0 1
    outer loop
      vertex 5.94582 15.6907 4
      vertex 8 7.3 4
      vertex 5.96498 15.7236 4
    endloop
  endfacet
  facet normal -0 0 1
    outer loop
      vertex 5.91833 15.6465 4
      vertex 8 7.3 4
      vertex 5.94582 15.6907 4
    endloop
  endfacet
  facet normal -0 0 1
    outer loop
      vertex 5.88945 15.6043 4
      vertex 8 7.3 4
      vertex 5.91833 15.6465 4
    endloop
  endfacet
  facet normal -0 0 1
    outer loop
      vertex 5.85921 15.5642 4
      vertex 8 7.3 4
      vertex 5.88945 15.6043 4
    endloop
  endfacet
  facet normal -0 0 1
    outer loop
      vertex 5.82764 15.5262 4
      vertex 8 7.3 4
      vertex 5.85921 15.5642 4
    endloop
  endfacet
  facet normal -0 0 1
    outer loop
      vertex 5.79474 15.4903 4
      vertex 8 7.3 4
      vertex 5.82764 15.5262 4
    endloop
  endfacet
  facet normal -0 0 1
    outer loop
      vertex 5.76057 15.4564 4
      vertex 8 7.3 4
      vertex 5.79474 15.4903 4
    endloop
  endfacet
  facet normal -0 0 1
    outer loop
      vertex 5.72514 15.4247 4
      vertex 8 7.3 4
      vertex 5.76057 15.4564 4
    endloop
  endfacet
  facet normal -0 0 1
    outer loop
      vertex 5.68849 15.395 4
      vertex 8 7.3 4
      vertex 5.72514 15.4247 4
    endloop
  endfacet
  facet normal -0 0 1
    outer loop
      vertex 5.65063 15.3676 4
      vertex 8 7.3 4
      vertex 5.68849 15.395 4
    endloop
  endfacet
  facet normal -0 0 1
    outer loop
      vertex 5.6116 15.3422 4
      vertex 8 7.3 4
      vertex 5.65063 15.3676 4
    endloop
  endfacet
  facet normal -0 0 1
    outer loop
      vertex 5.57143 15.319 4
      vertex 8 7.3 4
      vertex 5.6116 15.3422 4
    endloop
  endfacet
  facet normal -0 0 1
    outer loop
      vertex 5.53014 15.2979 4
      vertex 8 7.3 4
      vertex 5.57143 15.319 4
    endloop
  endfacet
  facet normal -0 0 1
    outer loop
      vertex 5.48773 15.279 4
      vertex 8 7.3 4
      vertex 5.53014 15.2979 4
    endloop
  endfacet
  facet normal -0 0 1
    outer loop
      vertex 5.44427 15.2623 4
      vertex 8 7.3 4
      vertex 5.48773 15.279 4
    endloop
  endfacet
  facet normal -0 0 1
    outer loop
      vertex 5.39978 15.2478 4
      vertex 8 7.3 4
      vertex 5.44427 15.2623 4
    endloop
  endfacet
  facet normal -0 0 1
    outer loop
      vertex 5.35428 15.2355 4
      vertex 8 7.3 4
      vertex 5.39978 15.2478 4
    endloop
  endfacet
  facet normal -0 0 1
    outer loop
      vertex 5.30779 15.2254 4
      vertex 8 7.3 4
      vertex 5.35428 15.2355 4
    endloop
  endfacet
  facet normal -0 0 1
    outer loop
      vertex 5.26033 15.2175 4
      vertex 8 7.3 4
      vertex 5.30779 15.2254 4
    endloop
  endfacet
  facet normal -0 0 1
    outer loop
      vertex 5.21194 15.2119 4
      vertex 8 7.3 4
      vertex 5.26033 15.2175 4
    endloop
  endfacet
  facet normal -0 0 1
    outer loop
      vertex 5.16264 15.2085 4
      vertex 8 7.3 4
      vertex 5.21194 15.2119 4
    endloop
  endfacet
  facet normal -0 0 1
    outer loop
      vertex 5.11249 15.2074 4
      vertex 8 7.3 4
      vertex 5.16264 15.2085 4
    endloop
  endfacet
  facet normal 0 0 1
    outer loop
      vertex 5.02925 15.2103 4
      vertex 8 7.3 4
      vertex 5.11249 15.2074 4
    endloop
  endfacet
  facet normal 0 0 1
    outer loop
      vertex 4.94873 15.2187 4
      vertex 8 7.3 4
      vertex 5.02925 15.2103 4
    endloop
  endfacet
  facet normal 0 0 1
    outer loop
      vertex 4.87102 15.2327 4
      vertex 8 7.3 4
      vertex 4.94873 15.2187 4
    endloop
  endfacet
  facet normal 0 0 1
    outer loop
      vertex 3.31264 15.2699 4
      vertex 4.87102 15.2327 4
      vertex 4.7963 15.252 4
    endloop
  endfacet
  facet normal -0 0 1
    outer loop
      vertex 3.31264 15.2699 4
      vertex 4.7963 15.252 4
      vertex 4.72469 15.2765 4
    endloop
  endfacet
  facet normal 0 0 1
    outer loop
      vertex 3.31264 15.2699 4
      vertex 4.72469 15.2765 4
      vertex 4.65631 15.306 4
    endloop
  endfacet
  facet normal 0 0 1
    outer loop
      vertex 3.31264 15.2699 4
      vertex 4.65631 15.306 4
      vertex 4.59135 15.3404 4
    endloop
  endfacet
  facet normal 0 0 1
    outer loop
      vertex 3.31264 15.2699 4
      vertex 4.59135 15.3404 4
      vertex 4.52991 15.3795 4
    endloop
  endfacet
  facet normal 0 0 1
    outer loop
      vertex 3.31264 15.2699 4
      vertex 4.52991 15.3795 4
      vertex 4.47215 15.4232 4
    endloop
  endfacet
  facet normal 0 0 1
    outer loop
      vertex 3.31264 15.2699 4
      vertex 4.47215 15.4232 4
      vertex 4.4182 15.4713 4
    endloop
  endfacet
  facet normal 0 0 1
    outer loop
      vertex 3.31264 15.2699 4
      vertex 4.4182 15.4713 4
      vertex 4.36821 15.5237 4
    endloop
  endfacet
  facet normal 0 0 1
    outer loop
      vertex 3.31264 15.2699 4
      vertex 4.36821 15.5237 4
      vertex 4.32231 15.5802 4
    endloop
  endfacet
  facet normal 0 0 1
    outer loop
      vertex 3.31264 15.2699 4
      vertex 4.32231 15.5802 4
      vertex 4.28064 15.6407 4
    endloop
  endfacet
  facet normal 0 0 1
    outer loop
      vertex 3.31264 15.2699 4
      vertex 4.28064 15.6407 4
      vertex 4.24336 15.7049 4
    endloop
  endfacet
  facet normal 0 0 1
    outer loop
      vertex 3.31264 15.2699 4
      vertex 4.24336 15.7049 4
      vertex 4.21059 15.7729 4
    endloop
  endfacet
  facet normal 0 0 1
    outer loop
      vertex 4.11908 16.3347 4
      vertex 3.31264 15.2699 4
      vertex 4.11667 16.2491 4
    endloop
  endfacet
  facet normal 0 0 1
    outer loop
      vertex 4.11667 16.2491 4
      vertex 3.31264 15.2699 4
      vertex 4.11938 16.1623 4
    endloop
  endfacet
  facet normal 0 0 1
    outer loop
      vertex 4.11938 16.1623 4
      vertex 3.31264 15.2699 4
      vertex 4.12747 16.0783 4
    endloop
  endfacet
  facet normal 0 0 1
    outer loop
      vertex 4.12747 16.0783 4
      vertex 3.31264 15.2699 4
      vertex 4.14078 15.9972 4
    endloop
  endfacet
  facet normal 0 0 1
    outer loop
      vertex 4.14078 15.9972 4
      vertex 3.31264 15.2699 4
      vertex 4.15915 15.9192 4
    endloop
  endfacet
  facet normal 0 0 1
    outer loop
      vertex 4.15915 15.9192 4
      vertex 3.31264 15.2699 4
      vertex 4.18248 15.8443 4
    endloop
  endfacet
  facet normal 0 0 1
    outer loop
      vertex 3.31264 15.2699 4
      vertex 4.21059 15.7729 4
      vertex 4.18248 15.8443 4
    endloop
  endfacet
  facet normal 0 0 1
    outer loop
      vertex 4.87102 15.2327 4
      vertex 3.31264 15.2699 4
      vertex 8 7.3 4
    endloop
  endfacet
  facet normal -0 0 1
    outer loop
      vertex 2.92514 15.2699 4
      vertex 8 7.3 4
      vertex 3.31264 15.2699 4
    endloop
  endfacet
  facet normal 0 0 1
    outer loop
      vertex 2.89317 15.3652 4
      vertex 2.92514 15.2699 4
      vertex 2.9106 15.3187 4
    endloop
  endfacet
  facet normal 0 0 1
    outer loop
      vertex 2.87286 15.4094 4
      vertex 2.92514 15.2699 4
      vertex 2.89317 15.3652 4
    endloop
  endfacet
  facet normal 0 0 1
    outer loop
      vertex 2.84969 15.4512 4
      vertex 2.92514 15.2699 4
      vertex 2.87286 15.4094 4
    endloop
  endfacet
  facet normal 0 0 1
    outer loop
      vertex 2.82364 15.4907 4
      vertex 2.92514 15.2699 4
      vertex 2.84969 15.4512 4
    endloop
  endfacet
  facet normal 0 0 1
    outer loop
      vertex 2.79472 15.5279 4
      vertex 2.92514 15.2699 4
      vertex 2.82364 15.4907 4
    endloop
  endfacet
  facet normal 0 0 1
    outer loop
      vertex 2.76295 15.5626 4
      vertex 2.92514 15.2699 4
      vertex 2.79472 15.5279 4
    endloop
  endfacet
  facet normal 0 0 1
    outer loop
      vertex 2.72833 15.5951 4
      vertex 2.92514 15.2699 4
      vertex 2.76295 15.5626 4
    endloop
  endfacet
  facet normal 0 0 1
    outer loop
      vertex 2.69086 15.6251 4
      vertex 2.92514 15.2699 4
      vertex 2.72833 15.5951 4
    endloop
  endfacet
  facet normal 0 0 1
    outer loop
      vertex 2.65053 15.6528 4
      vertex 2.92514 15.2699 4
      vertex 2.69086 15.6251 4
    endloop
  endfacet
  facet normal 0 0 1
    outer loop
      vertex 2.60738 15.6781 4
      vertex 2.92514 15.2699 4
      vertex 2.65053 15.6528 4
    endloop
  endfacet
  facet normal 0 0 1
    outer loop
      vertex 2.92514 15.2699 4
      vertex 2.60738 15.6781 4
      vertex 2.56139 15.701 4
    endloop
  endfacet
  facet normal 0 0 1
    outer loop
      vertex 2.92514 15.2699 4
      vertex 2.56139 15.701 4
      vertex 2.51257 15.7215 4
    endloop
  endfacet
  facet normal 0 0 1
    outer loop
      vertex 2.92514 15.2699 4
      vertex 2.51257 15.7215 4
      vertex 2.46095 15.7397 4
    endloop
  endfacet
  facet normal 0 0 1
    outer loop
      vertex 2.92514 15.2699 4
      vertex 2.46095 15.7397 4
      vertex 2.40649 15.7554 4
    endloop
  endfacet
  facet normal 0 0 1
    outer loop
      vertex 2.92514 15.2699 4
      vertex 2.40649 15.7554 4
      vertex 2.34923 15.7687 4
    endloop
  endfacet
  facet normal 0 0 1
    outer loop
      vertex 2.92514 15.2699 4
      vertex 2.34923 15.7687 4
      vertex 2.28917 15.7796 4
    endloop
  endfacet
  facet normal 0 0 1
    outer loop
      vertex 2.92514 15.2699 4
      vertex 2.28917 15.7796 4
      vertex 2.2263 15.7881 4
    endloop
  endfacet
  facet normal 0 0 1
    outer loop
      vertex 2.92514 15.2699 4
      vertex 2.2263 15.7881 4
      vertex 2.16064 15.7942 4
    endloop
  endfacet
  facet normal 0 0 1
    outer loop
      vertex 2.92514 15.2699 4
      vertex 2.16064 15.7942 4
      vertex 2.09219 15.7979 4
    endloop
  endfacet
  facet normal 0 0 1
    outer loop
      vertex 2.92514 15.2699 4
      vertex 2.09219 15.7979 4
      vertex 2.02097 15.7991 4
    endloop
  endfacet
  facet normal 0 0 1
    outer loop
      vertex 0 7.62939e-07 4
      vertex 2.92514 15.2699 4
      vertex 2.02097 15.7991 4
    endloop
  endfacet
  facet normal 0 0 1
    outer loop
      vertex 8 7.3 4
      vertex 0 7.62939e-07 4
      vertex 14 7.62939e-07 4
    endloop
  endfacet
  facet normal 0 0 1
    outer loop
      vertex 2.92514 15.2699 4
      vertex 0 7.62939e-07 4
      vertex 8 7.3 4
    endloop
  endfacet
  facet normal 0 0 1
    outer loop
      vertex 0 7.62939e-07 4
      vertex 2.02097 15.7991 4
      vertex 0 30.8 4
    endloop
  endfacet
  facet normal 0 0 1
    outer loop
      vertex 5.49788 17.0596 4
      vertex 5.56557 17.0619 4
      vertex 5.56233 17.1373 4
    endloop
  endfacet
  facet normal 0 0 1
    outer loop
      vertex 5.44806 17.1119 4
      vertex 5.56233 17.1373 4
      vertex 5.55692 17.2088 4
    endloop
  endfacet
  facet normal 0 0 1
    outer loop
      vertex 5.3983 17.1549 4
      vertex 5.55692 17.2088 4
      vertex 5.54933 17.2761 4
    endloop
  endfacet
  facet normal 0 0 1
    outer loop
      vertex 5.3558 17.1841 4
      vertex 5.54933 17.2761 4
      vertex 5.53955 17.3395 4
    endloop
  endfacet
  facet normal 0 0 1
    outer loop
      vertex 5.56557 17.0619 4
      vertex 5.52917 17.0247 4
      vertex 5.56665 16.9824 4
    endloop
  endfacet
  facet normal 0 0 1
    outer loop
      vertex 5.32579 17.201 4
      vertex 5.53955 17.3395 4
      vertex 5.52759 17.3989 4
    endloop
  endfacet
  facet normal 0 0 1
    outer loop
      vertex 5.27654 17.2234 4
      vertex 5.52759 17.3989 4
      vertex 5.51341 17.4543 4
    endloop
  endfacet
  facet normal 0 0 1
    outer loop
      vertex 5.56557 17.0619 4
      vertex 5.50771 17.0487 4
      vertex 5.52917 17.0247 4
    endloop
  endfacet
  facet normal 0 0 1
    outer loop
      vertex 5.56557 17.0619 4
      vertex 5.49788 17.0596 4
      vertex 5.50771 17.0487 4
    endloop
  endfacet
  facet normal 0 0 1
    outer loop
      vertex 5.25909 17.2301 4
      vertex 5.51341 17.4543 4
      vertex 5.49702 17.5058 4
    endloop
  endfacet
  facet normal 0 0 1
    outer loop
      vertex 5.56233 17.1373 4
      vertex 5.48857 17.0697 4
      vertex 5.49788 17.0596 4
    endloop
  endfacet
  facet normal 0 0 1
    outer loop
      vertex 5.56233 17.1373 4
      vertex 5.47974 17.0793 4
      vertex 5.48857 17.0697 4
    endloop
  endfacet
  facet normal 0 0 1
    outer loop
      vertex 5.22285 17.2421 4
      vertex 5.49702 17.5058 4
      vertex 5.47842 17.5533 4
    endloop
  endfacet
  facet normal 0 0 1
    outer loop
      vertex 5.56233 17.1373 4
      vertex 5.47133 17.0882 4
      vertex 5.47974 17.0793 4
    endloop
  endfacet
  facet normal 0 0 1
    outer loop
      vertex 5.56233 17.1373 4
      vertex 5.46327 17.0966 4
      vertex 5.47133 17.0882 4
    endloop
  endfacet
  facet normal 0 0 1
    outer loop
      vertex 5.2041 17.2475 4
      vertex 5.47842 17.5533 4
      vertex 5.4576 17.5969 4
    endloop
  endfacet
  facet normal 0 0 1
    outer loop
      vertex 5.56233 17.1373 4
      vertex 5.45554 17.1045 4
      vertex 5.46327 17.0966 4
    endloop
  endfacet
  facet normal 0 0 1
    outer loop
      vertex 5.56233 17.1373 4
      vertex 5.44806 17.1119 4
      vertex 5.45554 17.1045 4
    endloop
  endfacet
  facet normal 0 0 1
    outer loop
      vertex 5.55692 17.2088 4
      vertex 5.44077 17.1189 4
      vertex 5.44806 17.1119 4
    endloop
  endfacet
  facet normal 0 0 1
    outer loop
      vertex 5.18498 17.2524 4
      vertex 5.4576 17.5969 4
      vertex 5.43452 17.6367 4
    endloop
  endfacet
  facet normal 0 0 1
    outer loop
      vertex 5.55692 17.2088 4
      vertex 5.43364 17.1256 4
      vertex 5.44077 17.1189 4
    endloop
  endfacet
  facet normal 0 0 1
    outer loop
      vertex 5.55692 17.2088 4
      vertex 5.42661 17.1319 4
      vertex 5.43364 17.1256 4
    endloop
  endfacet
  facet normal 0 0 1
    outer loop
      vertex 5.55692 17.2088 4
      vertex 5.4196 17.138 4
      vertex 5.42661 17.1319 4
    endloop
  endfacet
  facet normal 0 0 1
    outer loop
      vertex 5.55692 17.2088 4
      vertex 5.41258 17.1438 4
      vertex 5.4196 17.138 4
    endloop
  endfacet
  facet normal 0 0 1
    outer loop
      vertex 5.16548 17.2568 4
      vertex 5.43452 17.6367 4
      vertex 5.40921 17.6725 4
    endloop
  endfacet
  facet normal 0 0 1
    outer loop
      vertex 5.55692 17.2088 4
      vertex 5.4055 17.1494 4
      vertex 5.41258 17.1438 4
    endloop
  endfacet
  facet normal 0 0 1
    outer loop
      vertex 5.55692 17.2088 4
      vertex 5.3983 17.1549 4
      vertex 5.4055 17.1494 4
    endloop
  endfacet
  facet normal 0 0 1
    outer loop
      vertex 5.54933 17.2761 4
      vertex 5.39093 17.1604 4
      vertex 5.3983 17.1549 4
    endloop
  endfacet
  facet normal 0 0 1
    outer loop
      vertex 5.54933 17.2761 4
      vertex 5.38332 17.1657 4
      vertex 5.39093 17.1604 4
    endloop
  endfacet
  facet normal 0 0 1
    outer loop
      vertex 5.14566 17.2608 4
      vertex 5.40921 17.6725 4
      vertex 5.38165 17.7045 4
    endloop
  endfacet
  facet normal 0 0 1
    outer loop
      vertex 5.54933 17.2761 4
      vertex 5.36989 17.1751 4
      vertex 5.38332 17.1657 4
    endloop
  endfacet
  facet normal 0 0 1
    outer loop
      vertex 5.54933 17.2761 4
      vertex 5.3558 17.1841 4
      vertex 5.36989 17.1751 4
    endloop
  endfacet
  facet normal 0 0 1
    outer loop
      vertex 5.14566 17.2608 4
      vertex 5.38165 17.7045 4
      vertex 5.35184 17.7327 4
    endloop
  endfacet
  facet normal 0 0 1
    outer loop
      vertex 5.53955 17.3395 4
      vertex 5.34109 17.1927 4
      vertex 5.3558 17.1841 4
    endloop
  endfacet
  facet normal 0 0 1
    outer loop
      vertex 5.53955 17.3395 4
      vertex 5.32579 17.201 4
      vertex 5.34109 17.1927 4
    endloop
  endfacet
  facet normal 0 0 1
    outer loop
      vertex 5.12555 17.2642 4
      vertex 5.35184 17.7327 4
      vertex 5.31975 17.7571 4
    endloop
  endfacet
  facet normal 0 0 1
    outer loop
      vertex 5.52759 17.3989 4
      vertex 5.30991 17.2089 4
      vertex 5.32579 17.201 4
    endloop
  endfacet
  facet normal 0 0 1
    outer loop
      vertex 5.52759 17.3989 4
      vertex 5.29349 17.2163 4
      vertex 5.30991 17.2089 4
    endloop
  endfacet
  facet normal 0 0 1
    outer loop
      vertex 5.12555 17.2642 4
      vertex 5.31975 17.7571 4
      vertex 5.28539 17.7776 4
    endloop
  endfacet
  facet normal 0 0 1
    outer loop
      vertex 5.52759 17.3989 4
      vertex 5.27654 17.2234 4
      vertex 5.29349 17.2163 4
    endloop
  endfacet
  facet normal 0 0 1
    outer loop
      vertex 5.51341 17.4543 4
      vertex 5.25909 17.2301 4
      vertex 5.27654 17.2234 4
    endloop
  endfacet
  facet normal 0 0 1
    outer loop
      vertex 5.12555 17.2642 4
      vertex 5.28539 17.7776 4
      vertex 5.24873 17.7944 4
    endloop
  endfacet
  facet normal 0 0 1
    outer loop
      vertex 5.49702 17.5058 4
      vertex 5.2412 17.2363 4
      vertex 5.25909 17.2301 4
    endloop
  endfacet
  facet normal 0 0 1
    outer loop
      vertex 5.49702 17.5058 4
      vertex 5.22285 17.2421 4
      vertex 5.2412 17.2363 4
    endloop
  endfacet
  facet normal 0 0 1
    outer loop
      vertex 5.10515 17.2672 4
      vertex 5.24873 17.7944 4
      vertex 5.20979 17.8074 4
    endloop
  endfacet
  facet normal 0 0 1
    outer loop
      vertex 5.47842 17.5533 4
      vertex 5.2041 17.2475 4
      vertex 5.22285 17.2421 4
    endloop
  endfacet
  facet normal 0 0 1
    outer loop
      vertex 5.4576 17.5969 4
      vertex 5.18498 17.2524 4
      vertex 5.2041 17.2475 4
    endloop
  endfacet
  facet normal 0 0 1
    outer loop
      vertex 5.10515 17.2672 4
      vertex 5.20979 17.8074 4
      vertex 5.16856 17.8167 4
    endloop
  endfacet
  facet normal 0 0 1
    outer loop
      vertex 5.43452 17.6367 4
      vertex 5.16548 17.2568 4
      vertex 5.18498 17.2524 4
    endloop
  endfacet
  facet normal 0 0 1
    outer loop
      vertex 5.40921 17.6725 4
      vertex 5.14566 17.2608 4
      vertex 5.16548 17.2568 4
    endloop
  endfacet
  facet normal 0 0 1
    outer loop
      vertex 5.35184 17.7327 4
      vertex 5.12555 17.2642 4
      vertex 5.14566 17.2608 4
    endloop
  endfacet
  facet normal 0 0 1
    outer loop
      vertex 5.0845 17.2696 4
      vertex 5.16856 17.8167 4
      vertex 5.12502 17.8222 4
    endloop
  endfacet
  facet normal 0 0 1
    outer loop
      vertex 5.24873 17.7944 4
      vertex 5.10515 17.2672 4
      vertex 5.12555 17.2642 4
    endloop
  endfacet
  facet normal 0 0 1
    outer loop
      vertex 5.16856 17.8167 4
      vertex 5.0845 17.2696 4
      vertex 5.10515 17.2672 4
    endloop
  endfacet
  facet normal 0 0 1
    outer loop
      vertex 5.06364 17.2715 4
      vertex 5.12502 17.8222 4
      vertex 5.07915 17.8241 4
    endloop
  endfacet
  facet normal 0 0 1
    outer loop
      vertex 5.12502 17.8222 4
      vertex 5.06364 17.2715 4
      vertex 5.0845 17.2696 4
    endloop
  endfacet
  facet normal -0 0 1
    outer loop
      vertex 5.04988 17.8233 4
      vertex 5.06364 17.2715 4
      vertex 5.07915 17.8241 4
    endloop
  endfacet
  facet normal 0 0 1
    outer loop
      vertex 5.04988 17.8233 4
      vertex 5.04257 17.2729 4
      vertex 5.06364 17.2715 4
    endloop
  endfacet
  facet normal -0 0 1
    outer loop
      vertex 5.02161 17.821 4
      vertex 5.04257 17.2729 4
      vertex 5.04988 17.8233 4
    endloop
  endfacet
  facet normal 0 0 1
    outer loop
      vertex 5.02161 17.821 4
      vertex 5.02135 17.2738 4
      vertex 5.04257 17.2729 4
    endloop
  endfacet
  facet normal -0 0 1
    outer loop
      vertex 4.99437 17.8173 4
      vertex 5.02135 17.2738 4
      vertex 5.02161 17.821 4
    endloop
  endfacet
  facet normal -0 0 1
    outer loop
      vertex 4.9682 17.8122 4
      vertex 5.02135 17.2738 4
      vertex 4.99437 17.8173 4
    endloop
  endfacet
  facet normal -0 0 1
    outer loop
      vertex 4.94313 17.8056 4
      vertex 5.02135 17.2738 4
      vertex 4.9682 17.8122 4
    endloop
  endfacet
  facet normal 0 0 1
    outer loop
      vertex 5.02135 17.2738 4
      vertex 4.94313 17.8056 4
      vertex 4.99998 17.274 4
    endloop
  endfacet
  facet normal -0 0 1
    outer loop
      vertex 4.91919 17.7977 4
      vertex 4.99998 17.274 4
      vertex 4.94313 17.8056 4
    endloop
  endfacet
  facet normal -0 0 1
    outer loop
      vertex 4.89644 17.7884 4
      vertex 4.99998 17.274 4
      vertex 4.91919 17.7977 4
    endloop
  endfacet
  facet normal -0 0 1
    outer loop
      vertex 4.87489 17.7778 4
      vertex 4.99998 17.274 4
      vertex 4.89644 17.7884 4
    endloop
  endfacet
  facet normal -0 0 1
    outer loop
      vertex 4.8546 17.766 4
      vertex 4.99998 17.274 4
      vertex 4.87489 17.7778 4
    endloop
  endfacet
  facet normal -0 0 1
    outer loop
      vertex 4.83557 17.7529 4
      vertex 4.99998 17.274 4
      vertex 4.8546 17.766 4
    endloop
  endfacet
  facet normal -0 0 1
    outer loop
      vertex 4.81787 17.7386 4
      vertex 4.99998 17.274 4
      vertex 4.83557 17.7529 4
    endloop
  endfacet
  facet normal -0 0 1
    outer loop
      vertex 4.80151 17.7232 4
      vertex 4.99998 17.274 4
      vertex 4.81787 17.7386 4
    endloop
  endfacet
  facet normal -0 0 1
    outer loop
      vertex 4.78653 17.7066 4
      vertex 4.99998 17.274 4
      vertex 4.80151 17.7232 4
    endloop
  endfacet
  facet normal -0 0 1
    outer loop
      vertex 4.77298 17.6889 4
      vertex 4.99998 17.274 4
      vertex 4.78653 17.7066 4
    endloop
  endfacet
  facet normal -0 0 1
    outer loop
      vertex 4.76088 17.6701 4
      vertex 4.99998 17.274 4
      vertex 4.77298 17.6889 4
    endloop
  endfacet
  facet normal 0 0 1
    outer loop
      vertex 4.92613 17.2712 4
      vertex 4.72083 17.5365 4
      vertex 4.85469 17.2629 4
    endloop
  endfacet
  facet normal -0 0 1
    outer loop
      vertex 4.75027 17.6502 4
      vertex 4.99998 17.274 4
      vertex 4.76088 17.6701 4
    endloop
  endfacet
  facet normal -0 0 1
    outer loop
      vertex 4.7412 17.6294 4
      vertex 4.99998 17.274 4
      vertex 4.75027 17.6502 4
    endloop
  endfacet
  facet normal -0 0 1
    outer loop
      vertex 4.73367 17.6076 4
      vertex 4.99998 17.274 4
      vertex 4.7412 17.6294 4
    endloop
  endfacet
  facet normal -0 0 1
    outer loop
      vertex 4.72775 17.5848 4
      vertex 4.99998 17.274 4
      vertex 4.73367 17.6076 4
    endloop
  endfacet
  facet normal -0 0 1
    outer loop
      vertex 4.72346 17.5611 4
      vertex 4.99998 17.274 4
      vertex 4.72775 17.5848 4
    endloop
  endfacet
  facet normal -0 0 1
    outer loop
      vertex 4.72083 17.5365 4
      vertex 4.99998 17.274 4
      vertex 4.72346 17.5611 4
    endloop
  endfacet
  facet normal 0 0 1
    outer loop
      vertex 4.99998 17.274 4
      vertex 4.72083 17.5365 4
      vertex 4.92613 17.2712 4
    endloop
  endfacet
  facet normal 0 0 1
    outer loop
      vertex 4.85469 17.2629 4
      vertex 4.72083 17.5365 4
      vertex 4.78575 17.2492 4
    endloop
  endfacet
  facet normal 0 0 1
    outer loop
      vertex 4.72083 17.5365 4
      vertex 4.71945 17.2303 4
      vertex 4.78575 17.2492 4
    endloop
  endfacet
  facet normal 0 0 1
    outer loop
      vertex 4.72083 17.5365 4
      vertex 4.65591 17.2062 4
      vertex 4.71945 17.2303 4
    endloop
  endfacet
  facet normal 0 0 1
    outer loop
      vertex 4.72083 17.5365 4
      vertex 4.59528 17.1773 4
      vertex 4.65591 17.2062 4
    endloop
  endfacet
  facet normal -0 0 1
    outer loop
      vertex 4.15833 17.5365 4
      vertex 4.59528 17.1773 4
      vertex 4.72083 17.5365 4
    endloop
  endfacet
  facet normal 0 0 1
    outer loop
      vertex 4.59528 17.1773 4
      vertex 4.15833 17.5365 4
      vertex 4.53764 17.1435 4
    endloop
  endfacet
  facet normal 0 0 1
    outer loop
      vertex 4.53764 17.1435 4
      vertex 4.15833 17.5365 4
      vertex 4.48314 17.1051 4
    endloop
  endfacet
  facet normal 0 0 1
    outer loop
      vertex 4.48314 17.1051 4
      vertex 4.15833 17.5365 4
      vertex 4.43192 17.0622 4
    endloop
  endfacet
  facet normal 0 0 1
    outer loop
      vertex 4.43192 17.0622 4
      vertex 4.15833 17.5365 4
      vertex 4.38406 17.0149 4
    endloop
  endfacet
  facet normal 0 0 1
    outer loop
      vertex 4.38406 17.0149 4
      vertex 4.15833 17.5365 4
      vertex 4.33972 16.9634 4
    endloop
  endfacet
  facet normal 0 0 1
    outer loop
      vertex 4.33972 16.9634 4
      vertex 4.15833 17.5365 4
      vertex 4.29901 16.9079 4
    endloop
  endfacet
  facet normal 0 0 1
    outer loop
      vertex 4.15833 17.5365 4
      vertex 4.26207 16.8484 4
      vertex 4.29901 16.9079 4
    endloop
  endfacet
  facet normal 0 0 1
    outer loop
      vertex 4.15833 17.5365 4
      vertex 4.229 16.7852 4
      vertex 4.26207 16.8484 4
    endloop
  endfacet
  facet normal 0 0 1
    outer loop
      vertex 4.15833 17.5365 4
      vertex 4.19995 16.7183 4
      vertex 4.229 16.7852 4
    endloop
  endfacet
  facet normal 0 0 1
    outer loop
      vertex 4.15833 17.5365 4
      vertex 4.17502 16.648 4
      vertex 4.19995 16.7183 4
    endloop
  endfacet
  facet normal 0 0 1
    outer loop
      vertex 3.31264 18.2241 4
      vertex 4.17502 16.648 4
      vertex 4.15833 17.5365 4
    endloop
  endfacet
  facet normal -0 0 1
    outer loop
      vertex 4.67195 16.2886 4
      vertex 5.55417 16.2491 4
      vertex 5.55296 16.2948 4
    endloop
  endfacet
  facet normal 0 0 1
    outer loop
      vertex 5.55417 16.2491 4
      vertex 4.67082 16.2407 4
      vertex 5.55299 16.2 4
    endloop
  endfacet
  facet normal 0 0 1
    outer loop
      vertex 4.67195 16.2886 4
      vertex 5.55296 16.2948 4
      vertex 5.54938 16.3389 4
    endloop
  endfacet
  facet normal 0 -0 1
    outer loop
      vertex 4.67192 16.1928 4
      vertex 5.55299 16.2 4
      vertex 4.67082 16.2407 4
    endloop
  endfacet
  facet normal 0 0 1
    outer loop
      vertex 4.67529 16.3347 4
      vertex 5.54938 16.3389 4
      vertex 5.54346 16.3814 4
    endloop
  endfacet
  facet normal 0 0 1
    outer loop
      vertex 5.55299 16.2 4
      vertex 4.67192 16.1928 4
      vertex 5.54947 16.1528 4
    endloop
  endfacet
  facet normal 0 0 1
    outer loop
      vertex 4.68083 16.3788 4
      vertex 5.54346 16.3814 4
      vertex 5.53528 16.4223 4
    endloop
  endfacet
  facet normal 0 -0 1
    outer loop
      vertex 4.67519 16.1466 4
      vertex 5.54947 16.1528 4
      vertex 4.67192 16.1928 4
    endloop
  endfacet
  facet normal 0 0 1
    outer loop
      vertex 4.68851 16.4209 4
      vertex 5.53528 16.4223 4
      vertex 5.52489 16.4613 4
    endloop
  endfacet
  facet normal 0 0 1
    outer loop
      vertex 5.54947 16.1528 4
      vertex 4.67519 16.1466 4
      vertex 5.54366 16.1075 4
    endloop
  endfacet
  facet normal 0 0 1
    outer loop
      vertex 4.68851 16.4209 4
      vertex 5.52489 16.4613 4
      vertex 5.51233 16.4986 4
    endloop
  endfacet
  facet normal 0 -0 1
    outer loop
      vertex 4.68059 16.1022 4
      vertex 5.54366 16.1075 4
      vertex 4.67519 16.1466 4
    endloop
  endfacet
  facet normal 0 0 1
    outer loop
      vertex 4.69827 16.4611 4
      vertex 5.51233 16.4986 4
      vertex 5.49768 16.5339 4
    endloop
  endfacet
  facet normal 0 0 1
    outer loop
      vertex 5.54366 16.1075 4
      vertex 4.68059 16.1022 4
      vertex 5.53558 16.0642 4
    endloop
  endfacet
  facet normal 0 0 1
    outer loop
      vertex 4.71008 16.4992 4
      vertex 5.49768 16.5339 4
      vertex 5.481 16.5673 4
    endloop
  endfacet
  facet normal 0 -0 1
    outer loop
      vertex 4.68808 16.0597 4
      vertex 5.53558 16.0642 4
      vertex 4.68059 16.1022 4
    endloop
  endfacet
  facet normal 0 0 1
    outer loop
      vertex 4.71008 16.4992 4
      vertex 5.481 16.5673 4
      vertex 5.46233 16.5987 4
    endloop
  endfacet
  facet normal 0 0 1
    outer loop
      vertex 5.53558 16.0642 4
      vertex 4.68808 16.0597 4
      vertex 5.52531 16.0229 4
    endloop
  endfacet
  facet normal 0 0 1
    outer loop
      vertex 4.71008 16.4992 4
      vertex 5.46233 16.5987 4
      vertex 5.44173 16.628 4
    endloop
  endfacet
  facet normal 0 -0 1
    outer loop
      vertex 4.69762 16.0192 4
      vertex 5.52531 16.0229 4
      vertex 4.68808 16.0597 4
    endloop
  endfacet
  facet normal 0 0 1
    outer loop
      vertex 4.71008 16.4992 4
      vertex 5.44173 16.628 4
      vertex 5.41927 16.655 4
    endloop
  endfacet
  facet normal 0 0 1
    outer loop
      vertex 5.52531 16.0229 4
      vertex 4.69762 16.0192 4
      vertex 5.51286 15.9837 4
    endloop
  endfacet
  facet normal 0 0 1
    outer loop
      vertex 4.71008 16.4992 4
      vertex 5.41927 16.655 4
      vertex 5.39497 16.6799 4
    endloop
  endfacet
  facet normal 0 0 1
    outer loop
      vertex 4.71008 16.4992 4
      vertex 5.39497 16.6799 4
      vertex 5.36894 16.7024 4
    endloop
  endfacet
  facet normal 0 0 1
    outer loop
      vertex 5.51286 15.9837 4
      vertex 4.69762 16.0192 4
      vertex 5.49831 15.9466 4
    endloop
  endfacet
  facet normal 0 0 1
    outer loop
      vertex 4.71008 16.4992 4
      vertex 5.36894 16.7024 4
      vertex 5.3412 16.7225 4
    endloop
  endfacet
  facet normal -0 -0 1
    outer loop
      vertex 4.70917 15.9806 4
      vertex 5.49831 15.9466 4
      vertex 4.69762 16.0192 4
    endloop
  endfacet
  facet normal 0 0 1
    outer loop
      vertex 4.71008 16.4992 4
      vertex 5.3412 16.7225 4
      vertex 5.31181 16.7402 4
    endloop
  endfacet
  facet normal 0 0 1
    outer loop
      vertex 5.49831 15.9466 4
      vertex 4.70917 15.9806 4
      vertex 5.48166 15.9117 4
    endloop
  endfacet
  facet normal 0 0 1
    outer loop
      vertex 4.71008 16.4992 4
      vertex 5.31181 16.7402 4
      vertex 5.28084 16.7554 4
    endloop
  endfacet
  facet normal 0 0 1
    outer loop
      vertex 5.48166 15.9117 4
      vertex 4.70917 15.9806 4
      vertex 5.46298 15.8791 4
    endloop
  endfacet
  facet normal 0 0 1
    outer loop
      vertex 4.71008 16.4992 4
      vertex 5.28084 16.7554 4
      vertex 5.24834 16.7679 4
    endloop
  endfacet
  facet normal 0 0 1
    outer loop
      vertex 5.46298 15.8791 4
      vertex 4.70917 15.9806 4
      vertex 5.44232 15.8488 4
    endloop
  endfacet
  facet normal 0 0 1
    outer loop
      vertex 4.71008 16.4992 4
      vertex 5.24834 16.7679 4
      vertex 5.21437 16.7778 4
    endloop
  endfacet
  facet normal 0 0 1
    outer loop
      vertex 5.44232 15.8488 4
      vertex 4.70917 15.9806 4
      vertex 5.41969 15.8208 4
    endloop
  endfacet
  facet normal 0 0 1
    outer loop
      vertex 4.71008 16.4992 4
      vertex 5.21437 16.7778 4
      vertex 5.17897 16.7849 4
    endloop
  endfacet
  facet normal 0 0 1
    outer loop
      vertex 5.41969 15.8208 4
      vertex 4.70917 15.9806 4
      vertex 5.39517 15.7952 4
    endloop
  endfacet
  facet normal 0 0 1
    outer loop
      vertex 4.71008 16.4992 4
      vertex 5.17897 16.7849 4
      vertex 5.14223 16.7893 4
    endloop
  endfacet
  facet normal 0 0 1
    outer loop
      vertex 5.39517 15.7952 4
      vertex 4.70917 15.9806 4
      vertex 5.36879 15.7721 4
    endloop
  endfacet
  facet normal 0 0 1
    outer loop
      vertex 4.71008 16.4992 4
      vertex 5.14223 16.7893 4
      vertex 5.10417 16.7907 4
    endloop
  endfacet
  facet normal 0 0 1
    outer loop
      vertex 5.36879 15.7721 4
      vertex 4.70917 15.9806 4
      vertex 5.34058 15.7515 4
    endloop
  endfacet
  facet normal 0 0 1
    outer loop
      vertex 4.71008 16.4992 4
      vertex 5.10417 16.7907 4
      vertex 5.06676 16.7893 4
    endloop
  endfacet
  facet normal 0 0 1
    outer loop
      vertex 5.34058 15.7515 4
      vertex 4.70917 15.9806 4
      vertex 5.31059 15.7335 4
    endloop
  endfacet
  facet normal 0 0 1
    outer loop
      vertex 4.71008 16.4992 4
      vertex 5.06676 16.7893 4
      vertex 5.03076 16.7851 4
    endloop
  endfacet
  facet normal 0 0 1
    outer loop
      vertex 5.31059 15.7335 4
      vertex 4.70917 15.9806 4
      vertex 5.27888 15.7181 4
    endloop
  endfacet
  facet normal 0 0 1
    outer loop
      vertex 4.71008 16.4992 4
      vertex 5.03076 16.7851 4
      vertex 4.9962 16.7782 4
    endloop
  endfacet
  facet normal 0 0 1
    outer loop
      vertex 5.27888 15.7181 4
      vertex 4.70917 15.9806 4
      vertex 5.24548 15.7054 4
    endloop
  endfacet
  facet normal 0 0 1
    outer loop
      vertex 4.71008 16.4992 4
      vertex 4.9962 16.7782 4
      vertex 4.96313 16.7686 4
    endloop
  endfacet
  facet normal 0 0 1
    outer loop
      vertex 5.24548 15.7054 4
      vertex 4.70917 15.9806 4
      vertex 5.21043 15.6954 4
    endloop
  endfacet
  facet normal 0 0 1
    outer loop
      vertex 4.71008 16.4992 4
      vertex 4.96313 16.7686 4
      vertex 4.93159 16.7563 4
    endloop
  endfacet
  facet normal -0 -0 1
    outer loop
      vertex 4.72267 15.9441 4
      vertex 5.21043 15.6954 4
      vertex 4.70917 15.9806 4
    endloop
  endfacet
  facet normal 0 0 1
    outer loop
      vertex 4.71008 16.4992 4
      vertex 4.93159 16.7563 4
      vertex 4.90164 16.7415 4
    endloop
  endfacet
  facet normal 0 0 1
    outer loop
      vertex 5.21043 15.6954 4
      vertex 4.72267 15.9441 4
      vertex 5.17378 15.6882 4
    endloop
  endfacet
  facet normal 0 0 1
    outer loop
      vertex 4.71008 16.4992 4
      vertex 4.90164 16.7415 4
      vertex 4.87331 16.7241 4
    endloop
  endfacet
  facet normal 0 0 1
    outer loop
      vertex 5.17378 15.6882 4
      vertex 4.72267 15.9441 4
      vertex 5.13556 15.6839 4
    endloop
  endfacet
  facet normal 0 0 1
    outer loop
      vertex 4.71008 16.4992 4
      vertex 4.87331 16.7241 4
      vertex 4.84663 16.7042 4
    endloop
  endfacet
  facet normal -0 -0 1
    outer loop
      vertex 4.73811 15.9098 4
      vertex 5.13556 15.6839 4
      vertex 4.72267 15.9441 4
    endloop
  endfacet
  facet normal 0 0 1
    outer loop
      vertex 4.71008 16.4992 4
      vertex 4.84663 16.7042 4
      vertex 4.82166 16.6818 4
    endloop
  endfacet
  facet normal 0 0 1
    outer loop
      vertex 5.13556 15.6839 4
      vertex 4.73811 15.9098 4
      vertex 5.09583 15.6824 4
    endloop
  endfacet
  facet normal 0 0 1
    outer loop
      vertex 4.71008 16.4992 4
      vertex 4.82166 16.6818 4
      vertex 4.79843 16.6571 4
    endloop
  endfacet
  facet normal -0 -0 1
    outer loop
      vertex 4.75545 15.8775 4
      vertex 5.09583 15.6824 4
      vertex 4.73811 15.9098 4
    endloop
  endfacet
  facet normal 0 0 1
    outer loop
      vertex 4.71008 16.4992 4
      vertex 4.79843 16.6571 4
      vertex 4.77701 16.63 4
    endloop
  endfacet
  facet normal 0 0 1
    outer loop
      vertex 5.09583 15.6824 4
      vertex 4.75545 15.8775 4
      vertex 5.05902 15.6839 4
    endloop
  endfacet
  facet normal 0 0 1
    outer loop
      vertex 4.71008 16.4992 4
      vertex 4.77701 16.63 4
      vertex 4.75742 16.6006 4
    endloop
  endfacet
  facet normal 0 0 1
    outer loop
      vertex 5.05902 15.6839 4
      vertex 4.75545 15.8775 4
      vertex 5.02361 15.6882 4
    endloop
  endfacet
  facet normal 0 0 1
    outer loop
      vertex 4.71008 16.4992 4
      vertex 4.75742 16.6006 4
      vertex 4.7397 16.569 4
    endloop
  endfacet
  facet normal 0 0 1
    outer loop
      vertex 5.02361 15.6882 4
      vertex 4.75545 15.8775 4
      vertex 4.98964 15.6954 4
    endloop
  endfacet
  facet normal 0 0 1
    outer loop
      vertex 4.71008 16.4992 4
      vertex 4.7397 16.569 4
      vertex 4.72391 16.5352 4
    endloop
  endfacet
  facet normal 0 0 1
    outer loop
      vertex 5.49768 16.5339 4
      vertex 4.71008 16.4992 4
      vertex 4.69827 16.4611 4
    endloop
  endfacet
  facet normal 0 0 1
    outer loop
      vertex 5.51233 16.4986 4
      vertex 4.69827 16.4611 4
      vertex 4.68851 16.4209 4
    endloop
  endfacet
  facet normal 0 0 1
    outer loop
      vertex 4.89677 15.7333 4
      vertex 4.75545 15.8775 4
      vertex 4.86897 15.7512 4
    endloop
  endfacet
  facet normal 0 0 1
    outer loop
      vertex 5.53528 16.4223 4
      vertex 4.68851 16.4209 4
      vertex 4.68083 16.3788 4
    endloop
  endfacet
  facet normal 0 0 1
    outer loop
      vertex 4.86897 15.7512 4
      vertex 4.75545 15.8775 4
      vertex 4.84282 15.7717 4
    endloop
  endfacet
  facet normal 0 0 1
    outer loop
      vertex 5.54346 16.3814 4
      vertex 4.68083 16.3788 4
      vertex 4.67529 16.3347 4
    endloop
  endfacet
  facet normal 0 0 1
    outer loop
      vertex 4.84282 15.7717 4
      vertex 4.75545 15.8775 4
      vertex 4.81834 15.7946 4
    endloop
  endfacet
  facet normal 0 0 1
    outer loop
      vertex 5.54938 16.3389 4
      vertex 4.67529 16.3347 4
      vertex 4.67195 16.2886 4
    endloop
  endfacet
  facet normal 0 0 1
    outer loop
      vertex 4.81834 15.7946 4
      vertex 4.75545 15.8775 4
      vertex 4.77463 15.8476 4
    endloop
  endfacet
  facet normal 0 0 1
    outer loop
      vertex 5.55417 16.2491 4
      vertex 4.67195 16.2886 4
      vertex 4.67082 16.2407 4
    endloop
  endfacet
  facet normal 0 0 1
    outer loop
      vertex 4.81834 15.7946 4
      vertex 4.77463 15.8476 4
      vertex 4.79561 15.8199 4
    endloop
  endfacet
  facet normal 0 0 1
    outer loop
      vertex 4.98964 15.6954 4
      vertex 4.75545 15.8775 4
      vertex 4.95715 15.7054 4
    endloop
  endfacet
  facet normal 0 0 1
    outer loop
      vertex 4.92618 15.718 4
      vertex 4.75545 15.8775 4
      vertex 4.89677 15.7333 4
    endloop
  endfacet
  facet normal 0 0 1
    outer loop
      vertex 4.95715 15.7054 4
      vertex 4.75545 15.8775 4
      vertex 4.92618 15.718 4
    endloop
  endfacet
  facet normal 0 0 -1
    outer loop
      vertex 14 7.62939e-07 0
      vertex 8 7.3 0
      vertex 14 7.3 0
    endloop
  endfacet
  facet normal 0 0 -1
    outer loop
      vertex 0 30.8 0
      vertex 8 7.3 0
      vertex 0 7.62939e-07 0
    endloop
  endfacet
  facet normal 0 0 -1
    outer loop
      vertex 0 7.62939e-07 0
      vertex 8 7.3 0
      vertex 14 7.62939e-07 0
    endloop
  endfacet
  facet normal 0 0 -1
    outer loop
      vertex 8 26.7 0
      vertex 14 30.8 0
      vertex 14 26.7 0
    endloop
  endfacet
  facet normal 0 0 -1
    outer loop
      vertex 8 26.7 0
      vertex 0 30.8 0
      vertex 14 30.8 0
    endloop
  endfacet
  facet normal 0 0 -1
    outer loop
      vertex 8 7.3 0
      vertex 0 30.8 0
      vertex 8 26.7 0
    endloop
  endfacet
  facet normal 0 1 -0
    outer loop
      vertex 14 7.3 0
      vertex 8 7.3 4
      vertex 14 7.3 4
    endloop
  endfacet
  facet normal 0 1 0
    outer loop
      vertex 8 7.3 4
      vertex 14 7.3 0
      vertex 8 7.3 0
    endloop
  endfacet
  facet normal 0 -1 0
    outer loop
      vertex 8 26.7 0
      vertex 14 26.7 4
      vertex 8 26.7 4
    endloop
  endfacet
  facet normal 0 -1 -0
    outer loop
      vertex 14 26.7 4
      vertex 8 26.7 0
      vertex 14 26.7 0
    endloop
  endfacet
  facet normal 1 -0 0
    outer loop
      vertex 8 7.3 4
      vertex 8 26.7 0
      vertex 8 26.7 4
    endloop
  endfacet
  facet normal 1 0 0
    outer loop
      vertex 8 26.7 0
      vertex 8 7.3 4
      vertex 8 7.3 0
    endloop
  endfacet
  facet normal 0 0 1
    outer loop
      vertex 6.12074 16.2312 3.4
      vertex 5.55296 16.2948 3.4
      vertex 5.55417 16.2491 3.4
    endloop
  endfacet
  facet normal 0 0 1
    outer loop
      vertex 6.14955 16.6212 3.4
      vertex 5.54938 16.3389 3.4
      vertex 5.55296 16.2948 3.4
    endloop
  endfacet
  facet normal 0 0 1
    outer loop
      vertex 6.14955 16.6212 3.4
      vertex 5.54346 16.3814 3.4
      vertex 5.54938 16.3389 3.4
    endloop
  endfacet
  facet normal 0 0 1
    outer loop
      vertex 6.14955 16.6212 3.4
      vertex 5.53528 16.4223 3.4
      vertex 5.54346 16.3814 3.4
    endloop
  endfacet
  facet normal 0 0 1
    outer loop
      vertex 5.31181 16.7402 3.4
      vertex 5.56665 16.9824 3.4
      vertex 5.52917 17.0247 3.4
    endloop
  endfacet
  facet normal 0 0 1
    outer loop
      vertex 6.14955 16.6212 3.4
      vertex 5.52489 16.4613 3.4
      vertex 5.53528 16.4223 3.4
    endloop
  endfacet
  facet normal 0 0 1
    outer loop
      vertex 6.14955 16.6212 3.4
      vertex 5.51233 16.4986 3.4
      vertex 5.52489 16.4613 3.4
    endloop
  endfacet
  facet normal 0 0 1
    outer loop
      vertex 5.31181 16.7402 3.4
      vertex 5.52917 17.0247 3.4
      vertex 5.50771 17.0487 3.4
    endloop
  endfacet
  facet normal 0 0 1
    outer loop
      vertex 5.28084 16.7554 3.4
      vertex 5.50771 17.0487 3.4
      vertex 5.49788 17.0596 3.4
    endloop
  endfacet
  facet normal 0 0 1
    outer loop
      vertex 6.14955 16.6212 3.4
      vertex 5.49768 16.5339 3.4
      vertex 5.51233 16.4986 3.4
    endloop
  endfacet
  facet normal 0 0 1
    outer loop
      vertex 5.28084 16.7554 3.4
      vertex 5.49788 17.0596 3.4
      vertex 5.48857 17.0697 3.4
    endloop
  endfacet
  facet normal 0 0 1
    outer loop
      vertex 6.15001 16.6824 3.4
      vertex 5.49768 16.5339 3.4
      vertex 6.14955 16.6212 3.4
    endloop
  endfacet
  facet normal 0 0 1
    outer loop
      vertex 5.28084 16.7554 3.4
      vertex 5.48857 17.0697 3.4
      vertex 5.47974 17.0793 3.4
    endloop
  endfacet
  facet normal 0 0 1
    outer loop
      vertex 5.24834 16.7679 3.4
      vertex 5.47974 17.0793 3.4
      vertex 5.47133 17.0882 3.4
    endloop
  endfacet
  facet normal 0 0 1
    outer loop
      vertex 5.24834 16.7679 3.4
      vertex 5.47133 17.0882 3.4
      vertex 5.46327 17.0966 3.4
    endloop
  endfacet
  facet normal 0 0 1
    outer loop
      vertex 5.56665 16.9824 3.4
      vertex 5.46233 16.5987 3.4
      vertex 5.481 16.5673 3.4
    endloop
  endfacet
  facet normal 0 0 1
    outer loop
      vertex 5.24834 16.7679 3.4
      vertex 5.46327 17.0966 3.4
      vertex 5.45554 17.1045 3.4
    endloop
  endfacet
  facet normal 0 0 1
    outer loop
      vertex 5.24834 16.7679 3.4
      vertex 5.45554 17.1045 3.4
      vertex 5.44806 17.1119 3.4
    endloop
  endfacet
  facet normal 0 0 1
    outer loop
      vertex 5.56665 16.9824 3.4
      vertex 5.44173 16.628 3.4
      vertex 5.46233 16.5987 3.4
    endloop
  endfacet
  facet normal 0 0 1
    outer loop
      vertex 5.24834 16.7679 3.4
      vertex 5.44806 17.1119 3.4
      vertex 5.44077 17.1189 3.4
    endloop
  endfacet
  facet normal 0 0 1
    outer loop
      vertex 5.24834 16.7679 3.4
      vertex 5.44077 17.1189 3.4
      vertex 5.43364 17.1256 3.4
    endloop
  endfacet
  facet normal 0 0 1
    outer loop
      vertex 5.24834 16.7679 3.4
      vertex 5.43364 17.1256 3.4
      vertex 5.42661 17.1319 3.4
    endloop
  endfacet
  facet normal 0 0 1
    outer loop
      vertex 5.21437 16.7778 3.4
      vertex 5.42661 17.1319 3.4
      vertex 5.4196 17.138 3.4
    endloop
  endfacet
  facet normal 0 0 1
    outer loop
      vertex 5.56665 16.9824 3.4
      vertex 5.41927 16.655 3.4
      vertex 5.44173 16.628 3.4
    endloop
  endfacet
  facet normal 0 0 1
    outer loop
      vertex 5.21437 16.7778 3.4
      vertex 5.4196 17.138 3.4
      vertex 5.41258 17.1438 3.4
    endloop
  endfacet
  facet normal 0 0 1
    outer loop
      vertex 5.21437 16.7778 3.4
      vertex 5.41258 17.1438 3.4
      vertex 5.4055 17.1494 3.4
    endloop
  endfacet
  facet normal 0 0 1
    outer loop
      vertex 5.21437 16.7778 3.4
      vertex 5.4055 17.1494 3.4
      vertex 5.3983 17.1549 3.4
    endloop
  endfacet
  facet normal 0 0 1
    outer loop
      vertex 5.56665 16.9824 3.4
      vertex 5.39497 16.6799 3.4
      vertex 5.41927 16.655 3.4
    endloop
  endfacet
  facet normal 0 0 1
    outer loop
      vertex 5.21437 16.7778 3.4
      vertex 5.3983 17.1549 3.4
      vertex 5.39093 17.1604 3.4
    endloop
  endfacet
  facet normal 0 0 1
    outer loop
      vertex 5.21437 16.7778 3.4
      vertex 5.39093 17.1604 3.4
      vertex 5.38332 17.1657 3.4
    endloop
  endfacet
  facet normal 0 0 1
    outer loop
      vertex 5.21437 16.7778 3.4
      vertex 5.38332 17.1657 3.4
      vertex 5.36989 17.1751 3.4
    endloop
  endfacet
  facet normal 0 0 1
    outer loop
      vertex 5.56665 16.9824 3.4
      vertex 5.36894 16.7024 3.4
      vertex 5.39497 16.6799 3.4
    endloop
  endfacet
  facet normal 0 0 1
    outer loop
      vertex 5.21437 16.7778 3.4
      vertex 5.36989 17.1751 3.4
      vertex 5.3558 17.1841 3.4
    endloop
  endfacet
  facet normal 0 0 1
    outer loop
      vertex 5.56665 16.9824 3.4
      vertex 5.3412 16.7225 3.4
      vertex 5.36894 16.7024 3.4
    endloop
  endfacet
  facet normal 0 0 1
    outer loop
      vertex 5.17897 16.7849 3.4
      vertex 5.3558 17.1841 3.4
      vertex 5.34109 17.1927 3.4
    endloop
  endfacet
  facet normal 0 0 1
    outer loop
      vertex 5.17897 16.7849 3.4
      vertex 5.34109 17.1927 3.4
      vertex 5.32579 17.201 3.4
    endloop
  endfacet
  facet normal 0 0 1
    outer loop
      vertex 5.56665 16.9824 3.4
      vertex 5.31181 16.7402 3.4
      vertex 5.3412 16.7225 3.4
    endloop
  endfacet
  facet normal 0 0 1
    outer loop
      vertex 5.17897 16.7849 3.4
      vertex 5.32579 17.201 3.4
      vertex 5.30991 17.2089 3.4
    endloop
  endfacet
  facet normal 0 0 1
    outer loop
      vertex 5.17897 16.7849 3.4
      vertex 5.30991 17.2089 3.4
      vertex 5.29349 17.2163 3.4
    endloop
  endfacet
  facet normal 0 0 1
    outer loop
      vertex 5.50771 17.0487 3.4
      vertex 5.28084 16.7554 3.4
      vertex 5.31181 16.7402 3.4
    endloop
  endfacet
  facet normal 0 0 1
    outer loop
      vertex 5.17897 16.7849 3.4
      vertex 5.29349 17.2163 3.4
      vertex 5.27654 17.2234 3.4
    endloop
  endfacet
  facet normal 0 0 1
    outer loop
      vertex 5.17897 16.7849 3.4
      vertex 5.27654 17.2234 3.4
      vertex 5.25909 17.2301 3.4
    endloop
  endfacet
  facet normal 0 0 1
    outer loop
      vertex 5.47974 17.0793 3.4
      vertex 5.24834 16.7679 3.4
      vertex 5.28084 16.7554 3.4
    endloop
  endfacet
  facet normal 0 0 1
    outer loop
      vertex 5.14223 16.7893 3.4
      vertex 5.25909 17.2301 3.4
      vertex 5.2412 17.2363 3.4
    endloop
  endfacet
  facet normal 0 0 1
    outer loop
      vertex 5.14223 16.7893 3.4
      vertex 5.2412 17.2363 3.4
      vertex 5.22285 17.2421 3.4
    endloop
  endfacet
  facet normal 0 0 1
    outer loop
      vertex 5.42661 17.1319 3.4
      vertex 5.21437 16.7778 3.4
      vertex 5.24834 16.7679 3.4
    endloop
  endfacet
  facet normal 0 0 1
    outer loop
      vertex 5.14223 16.7893 3.4
      vertex 5.22285 17.2421 3.4
      vertex 5.2041 17.2475 3.4
    endloop
  endfacet
  facet normal 0 0 1
    outer loop
      vertex 5.14223 16.7893 3.4
      vertex 5.2041 17.2475 3.4
      vertex 5.18498 17.2524 3.4
    endloop
  endfacet
  facet normal 0 0 1
    outer loop
      vertex 5.3558 17.1841 3.4
      vertex 5.17897 16.7849 3.4
      vertex 5.21437 16.7778 3.4
    endloop
  endfacet
  facet normal 0 0 1
    outer loop
      vertex 5.10417 16.7907 3.4
      vertex 5.18498 17.2524 3.4
      vertex 5.16548 17.2568 3.4
    endloop
  endfacet
  facet normal 0 0 1
    outer loop
      vertex 5.10417 16.7907 3.4
      vertex 5.16548 17.2568 3.4
      vertex 5.14566 17.2608 3.4
    endloop
  endfacet
  facet normal 0 0 1
    outer loop
      vertex 5.25909 17.2301 3.4
      vertex 5.14223 16.7893 3.4
      vertex 5.17897 16.7849 3.4
    endloop
  endfacet
  facet normal 0 0 1
    outer loop
      vertex 5.10417 16.7907 3.4
      vertex 5.14566 17.2608 3.4
      vertex 5.12555 17.2642 3.4
    endloop
  endfacet
  facet normal 0 0 1
    outer loop
      vertex 5.10417 16.7907 3.4
      vertex 5.12555 17.2642 3.4
      vertex 5.10515 17.2672 3.4
    endloop
  endfacet
  facet normal 0 0 1
    outer loop
      vertex 5.18498 17.2524 3.4
      vertex 5.10417 16.7907 3.4
      vertex 5.14223 16.7893 3.4
    endloop
  endfacet
  facet normal 0 0 1
    outer loop
      vertex 5.06676 16.7893 3.4
      vertex 5.10515 17.2672 3.4
      vertex 5.0845 17.2696 3.4
    endloop
  endfacet
  facet normal 0 0 1
    outer loop
      vertex 5.10515 17.2672 3.4
      vertex 5.06676 16.7893 3.4
      vertex 5.10417 16.7907 3.4
    endloop
  endfacet
  facet normal 0 0 1
    outer loop
      vertex 5.06364 17.2715 3.4
      vertex 5.06676 16.7893 3.4
      vertex 5.0845 17.2696 3.4
    endloop
  endfacet
  facet normal 0 0 1
    outer loop
      vertex 5.04257 17.2729 3.4
      vertex 5.06676 16.7893 3.4
      vertex 5.06364 17.2715 3.4
    endloop
  endfacet
  facet normal 0 0 1
    outer loop
      vertex 5.04257 17.2729 3.4
      vertex 5.03076 16.7851 3.4
      vertex 5.06676 16.7893 3.4
    endloop
  endfacet
  facet normal 0 0 1
    outer loop
      vertex 5.02135 17.2738 3.4
      vertex 5.03076 16.7851 3.4
      vertex 5.04257 17.2729 3.4
    endloop
  endfacet
  facet normal 0 0 1
    outer loop
      vertex 4.99998 17.274 3.4
      vertex 5.03076 16.7851 3.4
      vertex 5.02135 17.2738 3.4
    endloop
  endfacet
  facet normal -0 0 1
    outer loop
      vertex 4.92613 17.2712 3.4
      vertex 5.03076 16.7851 3.4
      vertex 4.99998 17.274 3.4
    endloop
  endfacet
  facet normal 0 0 1
    outer loop
      vertex 5.03076 16.7851 3.4
      vertex 4.92613 17.2712 3.4
      vertex 4.9962 16.7782 3.4
    endloop
  endfacet
  facet normal -0 0 1
    outer loop
      vertex 4.85469 17.2629 3.4
      vertex 4.9962 16.7782 3.4
      vertex 4.92613 17.2712 3.4
    endloop
  endfacet
  facet normal 0 0 1
    outer loop
      vertex 4.9962 16.7782 3.4
      vertex 4.85469 17.2629 3.4
      vertex 4.96313 16.7686 3.4
    endloop
  endfacet
  facet normal -0 0 1
    outer loop
      vertex 4.78575 17.2492 3.4
      vertex 4.96313 16.7686 3.4
      vertex 4.85469 17.2629 3.4
    endloop
  endfacet
  facet normal 0 0 1
    outer loop
      vertex 4.96313 16.7686 3.4
      vertex 4.78575 17.2492 3.4
      vertex 4.93159 16.7563 3.4
    endloop
  endfacet
  facet normal -0 0 1
    outer loop
      vertex 4.71945 17.2303 3.4
      vertex 4.93159 16.7563 3.4
      vertex 4.78575 17.2492 3.4
    endloop
  endfacet
  facet normal 0 0 1
    outer loop
      vertex 4.93159 16.7563 3.4
      vertex 4.71945 17.2303 3.4
      vertex 4.90164 16.7415 3.4
    endloop
  endfacet
  facet normal -0 0 1
    outer loop
      vertex 4.65591 17.2062 3.4
      vertex 4.90164 16.7415 3.4
      vertex 4.71945 17.2303 3.4
    endloop
  endfacet
  facet normal 0 0 1
    outer loop
      vertex 4.90164 16.7415 3.4
      vertex 4.65591 17.2062 3.4
      vertex 4.87331 16.7241 3.4
    endloop
  endfacet
  facet normal -0 0 1
    outer loop
      vertex 4.59528 17.1773 3.4
      vertex 4.87331 16.7241 3.4
      vertex 4.65591 17.2062 3.4
    endloop
  endfacet
  facet normal 0 0 1
    outer loop
      vertex 4.87331 16.7241 3.4
      vertex 4.59528 17.1773 3.4
      vertex 4.84663 16.7042 3.4
    endloop
  endfacet
  facet normal -0 0 1
    outer loop
      vertex 4.53764 17.1435 3.4
      vertex 4.84663 16.7042 3.4
      vertex 4.59528 17.1773 3.4
    endloop
  endfacet
  facet normal -0 0 1
    outer loop
      vertex 4.48314 17.1051 3.4
      vertex 4.84663 16.7042 3.4
      vertex 4.53764 17.1435 3.4
    endloop
  endfacet
  facet normal 0 0 1
    outer loop
      vertex 4.84663 16.7042 3.4
      vertex 4.48314 17.1051 3.4
      vertex 4.82166 16.6818 3.4
    endloop
  endfacet
  facet normal -0 0 1
    outer loop
      vertex 4.43192 17.0622 3.4
      vertex 4.82166 16.6818 3.4
      vertex 4.48314 17.1051 3.4
    endloop
  endfacet
  facet normal 0 0 1
    outer loop
      vertex 4.82166 16.6818 3.4
      vertex 4.43192 17.0622 3.4
      vertex 4.79843 16.6571 3.4
    endloop
  endfacet
  facet normal -0 0 1
    outer loop
      vertex 4.38406 17.0149 3.4
      vertex 4.79843 16.6571 3.4
      vertex 4.43192 17.0622 3.4
    endloop
  endfacet
  facet normal 0 0 1
    outer loop
      vertex 4.79843 16.6571 3.4
      vertex 4.38406 17.0149 3.4
      vertex 4.77701 16.63 3.4
    endloop
  endfacet
  facet normal -0 0 1
    outer loop
      vertex 4.33972 16.9634 3.4
      vertex 4.77701 16.63 3.4
      vertex 4.38406 17.0149 3.4
    endloop
  endfacet
  facet normal -0 0 1
    outer loop
      vertex 4.29901 16.9079 3.4
      vertex 4.77701 16.63 3.4
      vertex 4.33972 16.9634 3.4
    endloop
  endfacet
  facet normal 0 0 1
    outer loop
      vertex 4.77701 16.63 3.4
      vertex 4.29901 16.9079 3.4
      vertex 4.75742 16.6006 3.4
    endloop
  endfacet
  facet normal -0 0 1
    outer loop
      vertex 4.26207 16.8484 3.4
      vertex 4.75742 16.6006 3.4
      vertex 4.29901 16.9079 3.4
    endloop
  endfacet
  facet normal 0 0 1
    outer loop
      vertex 4.75742 16.6006 3.4
      vertex 4.26207 16.8484 3.4
      vertex 4.7397 16.569 3.4
    endloop
  endfacet
  facet normal -0 0 1
    outer loop
      vertex 4.229 16.7852 3.4
      vertex 4.7397 16.569 3.4
      vertex 4.26207 16.8484 3.4
    endloop
  endfacet
  facet normal 0 0 1
    outer loop
      vertex 4.7397 16.569 3.4
      vertex 4.229 16.7852 3.4
      vertex 4.72391 16.5352 3.4
    endloop
  endfacet
  facet normal 0 0 1
    outer loop
      vertex 4.67195 16.2886 3.4
      vertex 4.11667 16.2491 3.4
      vertex 4.67082 16.2407 3.4
    endloop
  endfacet
  facet normal -0 0 1
    outer loop
      vertex 4.19995 16.7183 3.4
      vertex 4.72391 16.5352 3.4
      vertex 4.229 16.7852 3.4
    endloop
  endfacet
  facet normal 0 -0 1
    outer loop
      vertex 4.11938 16.1623 3.4
      vertex 4.67082 16.2407 3.4
      vertex 4.11667 16.2491 3.4
    endloop
  endfacet
  facet normal 0 0 1
    outer loop
      vertex 4.72391 16.5352 3.4
      vertex 4.19995 16.7183 3.4
      vertex 4.71008 16.4992 3.4
    endloop
  endfacet
  facet normal 0 -0 1
    outer loop
      vertex 4.12747 16.0783 3.4
      vertex 4.67082 16.2407 3.4
      vertex 4.11938 16.1623 3.4
    endloop
  endfacet
  facet normal -0 0 1
    outer loop
      vertex 4.17502 16.648 3.4
      vertex 4.71008 16.4992 3.4
      vertex 4.19995 16.7183 3.4
    endloop
  endfacet
  facet normal 0 -0 1
    outer loop
      vertex 4.14078 15.9972 3.4
      vertex 4.67082 16.2407 3.4
      vertex 4.12747 16.0783 3.4
    endloop
  endfacet
  facet normal 0 0 1
    outer loop
      vertex 4.71008 16.4992 3.4
      vertex 4.17502 16.648 3.4
      vertex 4.69827 16.4611 3.4
    endloop
  endfacet
  facet normal 0 -0 1
    outer loop
      vertex 4.15915 15.9192 3.4
      vertex 4.67082 16.2407 3.4
      vertex 4.14078 15.9972 3.4
    endloop
  endfacet
  facet normal -0 0 1
    outer loop
      vertex 4.15434 16.5743 3.4
      vertex 4.69827 16.4611 3.4
      vertex 4.17502 16.648 3.4
    endloop
  endfacet
  facet normal 0 0 1
    outer loop
      vertex 4.67082 16.2407 3.4
      vertex 4.59135 15.3404 3.4
      vertex 4.65631 15.306 3.4
    endloop
  endfacet
  facet normal 0 0 1
    outer loop
      vertex 4.69827 16.4611 3.4
      vertex 4.15434 16.5743 3.4
      vertex 4.68851 16.4209 3.4
    endloop
  endfacet
  facet normal 0 0 1
    outer loop
      vertex 4.11667 16.2491 3.4
      vertex 4.67195 16.2886 3.4
      vertex 4.11908 16.3347 3.4
    endloop
  endfacet
  facet normal -0 0 1
    outer loop
      vertex 4.13805 16.4974 3.4
      vertex 4.68851 16.4209 3.4
      vertex 4.15434 16.5743 3.4
    endloop
  endfacet
  facet normal 0 0 1
    outer loop
      vertex 4.67082 16.2407 3.4
      vertex 4.52991 15.3795 3.4
      vertex 4.59135 15.3404 3.4
    endloop
  endfacet
  facet normal 0 0 1
    outer loop
      vertex 4.68851 16.4209 3.4
      vertex 4.13805 16.4974 3.4
      vertex 4.68083 16.3788 3.4
    endloop
  endfacet
  facet normal 0 0 1
    outer loop
      vertex 4.11908 16.3347 3.4
      vertex 4.67529 16.3347 3.4
      vertex 4.12625 16.4175 3.4
    endloop
  endfacet
  facet normal -0 0 1
    outer loop
      vertex 4.12625 16.4175 3.4
      vertex 4.68083 16.3788 3.4
      vertex 4.13805 16.4974 3.4
    endloop
  endfacet
  facet normal 0 0 1
    outer loop
      vertex 4.68083 16.3788 3.4
      vertex 4.12625 16.4175 3.4
      vertex 4.67529 16.3347 3.4
    endloop
  endfacet
  facet normal 0 0 1
    outer loop
      vertex 4.67529 16.3347 3.4
      vertex 4.11908 16.3347 3.4
      vertex 4.67195 16.2886 3.4
    endloop
  endfacet
  facet normal 0 0 1
    outer loop
      vertex 4.67082 16.2407 3.4
      vertex 4.21059 15.7729 3.4
      vertex 4.24336 15.7049 3.4
    endloop
  endfacet
  facet normal 0 -0 1
    outer loop
      vertex 4.21059 15.7729 3.4
      vertex 4.67082 16.2407 3.4
      vertex 4.18248 15.8443 3.4
    endloop
  endfacet
  facet normal 0 -0 1
    outer loop
      vertex 4.18248 15.8443 3.4
      vertex 4.67082 16.2407 3.4
      vertex 4.15915 15.9192 3.4
    endloop
  endfacet
  facet normal 0 0 1
    outer loop
      vertex 4.67082 16.2407 3.4
      vertex 4.47215 15.4232 3.4
      vertex 4.52991 15.3795 3.4
    endloop
  endfacet
  facet normal 0 0 1
    outer loop
      vertex 4.67082 16.2407 3.4
      vertex 4.24336 15.7049 3.4
      vertex 4.28064 15.6407 3.4
    endloop
  endfacet
  facet normal 0 0 1
    outer loop
      vertex 4.67082 16.2407 3.4
      vertex 4.4182 15.4713 3.4
      vertex 4.47215 15.4232 3.4
    endloop
  endfacet
  facet normal 0 0 1
    outer loop
      vertex 4.67082 16.2407 3.4
      vertex 4.28064 15.6407 3.4
      vertex 4.32231 15.5802 3.4
    endloop
  endfacet
  facet normal 0 0 1
    outer loop
      vertex 4.67082 16.2407 3.4
      vertex 4.36821 15.5237 3.4
      vertex 4.4182 15.4713 3.4
    endloop
  endfacet
  facet normal 0 0 1
    outer loop
      vertex 4.67082 16.2407 3.4
      vertex 4.32231 15.5802 3.4
      vertex 4.36821 15.5237 3.4
    endloop
  endfacet
  facet normal 0 0 1
    outer loop
      vertex 5.481 16.5673 3.4
      vertex 6.14938 16.75 3.4
      vertex 5.56665 16.9824 3.4
    endloop
  endfacet
  facet normal 0 0 1
    outer loop
      vertex 6.14938 16.75 3.4
      vertex 5.481 16.5673 3.4
      vertex 6.15001 16.6824 3.4
    endloop
  endfacet
  facet normal 0 0 1
    outer loop
      vertex 5.56665 16.9824 3.4
      vertex 6.14938 16.75 3.4
      vertex 6.14754 16.8172 3.4
    endloop
  endfacet
  facet normal 0 -0 1
    outer loop
      vertex 5.49768 16.5339 3.4
      vertex 6.15001 16.6824 3.4
      vertex 5.481 16.5673 3.4
    endloop
  endfacet
  facet normal 0 0 1
    outer loop
      vertex 5.56665 16.9824 3.4
      vertex 6.14754 16.8172 3.4
      vertex 6.14447 16.8837 3.4
    endloop
  endfacet
  facet normal 0 0 1
    outer loop
      vertex 5.55296 16.2948 3.4
      vertex 6.14818 16.5613 3.4
      vertex 6.14955 16.6212 3.4
    endloop
  endfacet
  facet normal 0 0 1
    outer loop
      vertex 5.56665 16.9824 3.4
      vertex 6.14447 16.8837 3.4
      vertex 6.14023 16.9496 3.4
    endloop
  endfacet
  facet normal 0 0 1
    outer loop
      vertex 5.55296 16.2948 3.4
      vertex 6.1459 16.5028 3.4
      vertex 6.14818 16.5613 3.4
    endloop
  endfacet
  facet normal -0 0 1
    outer loop
      vertex 5.56665 16.9824 3.4
      vertex 6.14023 16.9496 3.4
      vertex 6.13481 17.0146 3.4
    endloop
  endfacet
  facet normal 0 0 1
    outer loop
      vertex 5.55296 16.2948 3.4
      vertex 6.14272 16.4457 3.4
      vertex 6.1459 16.5028 3.4
    endloop
  endfacet
  facet normal 0 0 1
    outer loop
      vertex 5.56665 16.9824 3.4
      vertex 6.13481 17.0146 3.4
      vertex 6.12823 17.0788 3.4
    endloop
  endfacet
  facet normal 0 0 1
    outer loop
      vertex 5.55296 16.2948 3.4
      vertex 6.13861 16.39 3.4
      vertex 6.14272 16.4457 3.4
    endloop
  endfacet
  facet normal 0 0 1
    outer loop
      vertex 5.55296 16.2948 3.4
      vertex 6.13358 16.3357 3.4
      vertex 6.13861 16.39 3.4
    endloop
  endfacet
  facet normal 0 0 1
    outer loop
      vertex 5.56557 17.0619 3.4
      vertex 6.12823 17.0788 3.4
      vertex 6.12053 17.1419 3.4
    endloop
  endfacet
  facet normal -0 0 1
    outer loop
      vertex 5.55296 16.2948 3.4
      vertex 6.12762 16.2827 3.4
      vertex 6.13358 16.3357 3.4
    endloop
  endfacet
  facet normal 0 0 1
    outer loop
      vertex 5.56233 17.1373 3.4
      vertex 6.12053 17.1419 3.4
      vertex 6.11169 17.204 3.4
    endloop
  endfacet
  facet normal 0 0 1
    outer loop
      vertex 5.55296 16.2948 3.4
      vertex 6.12074 16.2312 3.4
      vertex 6.12762 16.2827 3.4
    endloop
  endfacet
  facet normal 0 0 1
    outer loop
      vertex 5.56233 17.1373 3.4
      vertex 6.11169 17.204 3.4
      vertex 6.10178 17.2649 3.4
    endloop
  endfacet
  facet normal 0 0 1
    outer loop
      vertex 6.12074 16.2312 3.4
      vertex 5.55417 16.2491 3.4
      vertex 6.11295 16.181 3.4
    endloop
  endfacet
  facet normal 0 0 1
    outer loop
      vertex 5.55692 17.2088 3.4
      vertex 6.10178 17.2649 3.4
      vertex 6.09079 17.3245 3.4
    endloop
  endfacet
  facet normal -0 0 1
    outer loop
      vertex 5.55299 16.2 3.4
      vertex 6.11295 16.181 3.4
      vertex 5.55417 16.2491 3.4
    endloop
  endfacet
  facet normal 0 0 1
    outer loop
      vertex 5.54933 17.2761 3.4
      vertex 6.09079 17.3245 3.4
      vertex 6.07874 17.3827 3.4
    endloop
  endfacet
  facet normal 0 0 1
    outer loop
      vertex 6.11295 16.181 3.4
      vertex 5.55299 16.2 3.4
      vertex 6.1042 16.1323 3.4
    endloop
  endfacet
  facet normal 0 0 1
    outer loop
      vertex 5.54933 17.2761 3.4
      vertex 6.07874 17.3827 3.4
      vertex 6.06564 17.4393 3.4
    endloop
  endfacet
  facet normal 0 0 1
    outer loop
      vertex 6.1042 16.1323 3.4
      vertex 5.55299 16.2 3.4
      vertex 6.09453 16.085 3.4
    endloop
  endfacet
  facet normal 0 0 1
    outer loop
      vertex 5.53955 17.3395 3.4
      vertex 6.06564 17.4393 3.4
      vertex 6.05153 17.4944 3.4
    endloop
  endfacet
  facet normal -0 0 1
    outer loop
      vertex 5.54947 16.1528 3.4
      vertex 6.09453 16.085 3.4
      vertex 5.55299 16.2 3.4
    endloop
  endfacet
  facet normal 0 0 1
    outer loop
      vertex 5.52759 17.3989 3.4
      vertex 6.05153 17.4944 3.4
      vertex 6.03641 17.5478 3.4
    endloop
  endfacet
  facet normal 0 0 1
    outer loop
      vertex 6.09453 16.085 3.4
      vertex 5.54947 16.1528 3.4
      vertex 6.08392 16.0391 3.4
    endloop
  endfacet
  facet normal 0 0 1
    outer loop
      vertex 5.51341 17.4543 3.4
      vertex 6.03641 17.5478 3.4
      vertex 6.02031 17.5994 3.4
    endloop
  endfacet
  facet normal -0 0 1
    outer loop
      vertex 5.54366 16.1075 3.4
      vertex 6.08392 16.0391 3.4
      vertex 5.54947 16.1528 3.4
    endloop
  endfacet
  facet normal 0 0 1
    outer loop
      vertex 5.51341 17.4543 3.4
      vertex 6.02031 17.5994 3.4
      vertex 6.00325 17.6491 3.4
    endloop
  endfacet
  facet normal 0 0 1
    outer loop
      vertex 6.08392 16.0391 3.4
      vertex 5.54366 16.1075 3.4
      vertex 6.07237 15.9946 3.4
    endloop
  endfacet
  facet normal 0 0 1
    outer loop
      vertex 5.49702 17.5058 3.4
      vertex 6.00325 17.6491 3.4
      vertex 5.98524 17.6968 3.4
    endloop
  endfacet
  facet normal 0 0 1
    outer loop
      vertex 6.07237 15.9946 3.4
      vertex 5.54366 16.1075 3.4
      vertex 6.05988 15.9515 3.4
    endloop
  endfacet
  facet normal 0 0 1
    outer loop
      vertex 5.49702 17.5058 3.4
      vertex 5.98524 17.6968 3.4
      vertex 5.96631 17.7425 3.4
    endloop
  endfacet
  facet normal -0 0 1
    outer loop
      vertex 5.53558 16.0642 3.4
      vertex 6.05988 15.9515 3.4
      vertex 5.54366 16.1075 3.4
    endloop
  endfacet
  facet normal 0 0 1
    outer loop
      vertex 5.47842 17.5533 3.4
      vertex 5.96631 17.7425 3.4
      vertex 5.94647 17.7859 3.4
    endloop
  endfacet
  facet normal 0 0 1
    outer loop
      vertex 6.05988 15.9515 3.4
      vertex 5.53558 16.0642 3.4
      vertex 6.04645 15.9099 3.4
    endloop
  endfacet
  facet normal 0 0 1
    outer loop
      vertex 5.47842 17.5533 3.4
      vertex 5.94647 17.7859 3.4
      vertex 5.92575 17.827 3.4
    endloop
  endfacet
  facet normal 0 0 1
    outer loop
      vertex 6.04645 15.9099 3.4
      vertex 5.53558 16.0642 3.4
      vertex 6.03206 15.8697 3.4
    endloop
  endfacet
  facet normal 0 0 1
    outer loop
      vertex 5.4576 17.5969 3.4
      vertex 5.92575 17.827 3.4
      vertex 5.90416 17.8657 3.4
    endloop
  endfacet
  facet normal -0 0 1
    outer loop
      vertex 5.52531 16.0229 3.4
      vertex 6.03206 15.8697 3.4
      vertex 5.53558 16.0642 3.4
    endloop
  endfacet
  facet normal 0 0 1
    outer loop
      vertex 5.43452 17.6367 3.4
      vertex 5.90416 17.8657 3.4
      vertex 5.87839 17.9076 3.4
    endloop
  endfacet
  facet normal 0 0 1
    outer loop
      vertex 6.03206 15.8697 3.4
      vertex 5.52531 16.0229 3.4
      vertex 6.01672 15.831 3.4
    endloop
  endfacet
  facet normal 0 0 1
    outer loop
      vertex 5.43452 17.6367 3.4
      vertex 5.87839 17.9076 3.4
      vertex 5.8511 17.9476 3.4
    endloop
  endfacet
  facet normal -0 0 1
    outer loop
      vertex 5.51286 15.9837 3.4
      vertex 6.01672 15.831 3.4
      vertex 5.52531 16.0229 3.4
    endloop
  endfacet
  facet normal 0 0 1
    outer loop
      vertex 5.40921 17.6725 3.4
      vertex 5.8511 17.9476 3.4
      vertex 5.82233 17.9856 3.4
    endloop
  endfacet
  facet normal 0 0 1
    outer loop
      vertex 6.01672 15.831 3.4
      vertex 5.51286 15.9837 3.4
      vertex 6.00043 15.7938 3.4
    endloop
  endfacet
  facet normal 0 0 1
    outer loop
      vertex 5.40921 17.6725 3.4
      vertex 5.82233 17.9856 3.4
      vertex 5.79205 18.0216 3.4
    endloop
  endfacet
  facet normal 0 0 1
    outer loop
      vertex 6.00043 15.7938 3.4
      vertex 5.51286 15.9837 3.4
      vertex 5.98318 15.7579 3.4
    endloop
  endfacet
  facet normal 0 0 1
    outer loop
      vertex 5.38165 17.7045 3.4
      vertex 5.79205 18.0216 3.4
      vertex 5.76031 18.0557 3.4
    endloop
  endfacet
  facet normal 0 0 1
    outer loop
      vertex 5.38165 17.7045 3.4
      vertex 5.76031 18.0557 3.4
      vertex 5.7271 18.0878 3.4
    endloop
  endfacet
  facet normal -0 0 1
    outer loop
      vertex 5.49831 15.9466 3.4
      vertex 5.98318 15.7579 3.4
      vertex 5.51286 15.9837 3.4
    endloop
  endfacet
  facet normal 0 0 1
    outer loop
      vertex 5.35184 17.7327 3.4
      vertex 5.7271 18.0878 3.4
      vertex 5.69243 18.1179 3.4
    endloop
  endfacet
  facet normal 0 0 1
    outer loop
      vertex 5.98318 15.7579 3.4
      vertex 5.49831 15.9466 3.4
      vertex 5.96498 15.7236 3.4
    endloop
  endfacet
  facet normal 0 0 1
    outer loop
      vertex 5.35184 17.7327 3.4
      vertex 5.69243 18.1179 3.4
      vertex 5.65634 18.146 3.4
    endloop
  endfacet
  facet normal 0 0 1
    outer loop
      vertex 5.96498 15.7236 3.4
      vertex 5.49831 15.9466 3.4
      vertex 5.94582 15.6907 3.4
    endloop
  endfacet
  facet normal 0 0 1
    outer loop
      vertex 5.35184 17.7327 3.4
      vertex 5.65634 18.146 3.4
      vertex 5.61882 18.1721 3.4
    endloop
  endfacet
  facet normal -0 0 1
    outer loop
      vertex 5.48166 15.9117 3.4
      vertex 5.94582 15.6907 3.4
      vertex 5.49831 15.9466 3.4
    endloop
  endfacet
  facet normal 0 0 1
    outer loop
      vertex 5.31975 17.7571 3.4
      vertex 5.61882 18.1721 3.4
      vertex 5.57988 18.1961 3.4
    endloop
  endfacet
  facet normal 0 0 1
    outer loop
      vertex 5.94582 15.6907 3.4
      vertex 5.48166 15.9117 3.4
      vertex 5.91833 15.6465 3.4
    endloop
  endfacet
  facet normal 0 0 1
    outer loop
      vertex 5.91833 15.6465 3.4
      vertex 5.48166 15.9117 3.4
      vertex 5.88945 15.6043 3.4
    endloop
  endfacet
  facet normal 0 0 1
    outer loop
      vertex 6.12823 17.0788 3.4
      vertex 5.56557 17.0619 3.4
      vertex 5.56665 16.9824 3.4
    endloop
  endfacet
  facet normal 0 0 1
    outer loop
      vertex 6.12053 17.1419 3.4
      vertex 5.56233 17.1373 3.4
      vertex 5.56557 17.0619 3.4
    endloop
  endfacet
  facet normal 0 0 1
    outer loop
      vertex 6.10178 17.2649 3.4
      vertex 5.55692 17.2088 3.4
      vertex 5.56233 17.1373 3.4
    endloop
  endfacet
  facet normal 0 0 1
    outer loop
      vertex 6.09079 17.3245 3.4
      vertex 5.54933 17.2761 3.4
      vertex 5.55692 17.2088 3.4
    endloop
  endfacet
  facet normal 0 0 1
    outer loop
      vertex 5.31975 17.7571 3.4
      vertex 5.57988 18.1961 3.4
      vertex 5.53955 18.2182 3.4
    endloop
  endfacet
  facet normal 0 0 1
    outer loop
      vertex 6.06564 17.4393 3.4
      vertex 5.53955 17.3395 3.4
      vertex 5.54933 17.2761 3.4
    endloop
  endfacet
  facet normal 0 0 1
    outer loop
      vertex 6.05153 17.4944 3.4
      vertex 5.52759 17.3989 3.4
      vertex 5.53955 17.3395 3.4
    endloop
  endfacet
  facet normal 0 0 1
    outer loop
      vertex 6.03641 17.5478 3.4
      vertex 5.51341 17.4543 3.4
      vertex 5.52759 17.3989 3.4
    endloop
  endfacet
  facet normal 0 0 1
    outer loop
      vertex 5.28539 17.7776 3.4
      vertex 5.53955 18.2182 3.4
      vertex 5.49785 18.2381 3.4
    endloop
  endfacet
  facet normal 0 0 1
    outer loop
      vertex 6.00325 17.6491 3.4
      vertex 5.49702 17.5058 3.4
      vertex 5.51341 17.4543 3.4
    endloop
  endfacet
  facet normal 0 0 1
    outer loop
      vertex 5.96631 17.7425 3.4
      vertex 5.47842 17.5533 3.4
      vertex 5.49702 17.5058 3.4
    endloop
  endfacet
  facet normal 0 0 1
    outer loop
      vertex 5.92575 17.827 3.4
      vertex 5.4576 17.5969 3.4
      vertex 5.47842 17.5533 3.4
    endloop
  endfacet
  facet normal 0 0 1
    outer loop
      vertex 5.28539 17.7776 3.4
      vertex 5.49785 18.2381 3.4
      vertex 5.45477 18.256 3.4
    endloop
  endfacet
  facet normal 0 0 1
    outer loop
      vertex 5.90416 17.8657 3.4
      vertex 5.43452 17.6367 3.4
      vertex 5.4576 17.5969 3.4
    endloop
  endfacet
  facet normal 0 0 1
    outer loop
      vertex 5.24873 17.7944 3.4
      vertex 5.45477 18.256 3.4
      vertex 5.41034 18.2719 3.4
    endloop
  endfacet
  facet normal 0 0 1
    outer loop
      vertex 5.8511 17.9476 3.4
      vertex 5.40921 17.6725 3.4
      vertex 5.43452 17.6367 3.4
    endloop
  endfacet
  facet normal 0 0 1
    outer loop
      vertex 5.79205 18.0216 3.4
      vertex 5.38165 17.7045 3.4
      vertex 5.40921 17.6725 3.4
    endloop
  endfacet
  facet normal 0 0 1
    outer loop
      vertex 5.24873 17.7944 3.4
      vertex 5.41034 18.2719 3.4
      vertex 5.36456 18.2857 3.4
    endloop
  endfacet
  facet normal 0 0 1
    outer loop
      vertex 5.7271 18.0878 3.4
      vertex 5.35184 17.7327 3.4
      vertex 5.38165 17.7045 3.4
    endloop
  endfacet
  facet normal 0 0 1
    outer loop
      vertex 5.61882 18.1721 3.4
      vertex 5.31975 17.7571 3.4
      vertex 5.35184 17.7327 3.4
    endloop
  endfacet
  facet normal 0 0 1
    outer loop
      vertex 5.20979 17.8074 3.4
      vertex 5.36456 18.2857 3.4
      vertex 5.31746 18.2973 3.4
    endloop
  endfacet
  facet normal 0 0 1
    outer loop
      vertex 5.53955 18.2182 3.4
      vertex 5.28539 17.7776 3.4
      vertex 5.31975 17.7571 3.4
    endloop
  endfacet
  facet normal 0 0 1
    outer loop
      vertex 5.20979 17.8074 3.4
      vertex 5.31746 18.2973 3.4
      vertex 5.26904 18.3069 3.4
    endloop
  endfacet
  facet normal 0 0 1
    outer loop
      vertex 5.45477 18.256 3.4
      vertex 5.24873 17.7944 3.4
      vertex 5.28539 17.7776 3.4
    endloop
  endfacet
  facet normal 0 0 1
    outer loop
      vertex 5.16856 17.8167 3.4
      vertex 5.26904 18.3069 3.4
      vertex 5.21933 18.3144 3.4
    endloop
  endfacet
  facet normal 0 0 1
    outer loop
      vertex 5.36456 18.2857 3.4
      vertex 5.20979 17.8074 3.4
      vertex 5.24873 17.7944 3.4
    endloop
  endfacet
  facet normal 0 0 1
    outer loop
      vertex 5.26904 18.3069 3.4
      vertex 5.16856 17.8167 3.4
      vertex 5.20979 17.8074 3.4
    endloop
  endfacet
  facet normal 0 0 1
    outer loop
      vertex 5.12502 17.8222 3.4
      vertex 5.21933 18.3144 3.4
      vertex 5.16832 18.3197 3.4
    endloop
  endfacet
  facet normal 0 0 1
    outer loop
      vertex 5.21933 18.3144 3.4
      vertex 5.12502 17.8222 3.4
      vertex 5.16856 17.8167 3.4
    endloop
  endfacet
  facet normal 0 0 1
    outer loop
      vertex 5.11604 18.323 3.4
      vertex 5.12502 17.8222 3.4
      vertex 5.16832 18.3197 3.4
    endloop
  endfacet
  facet normal 0 0 1
    outer loop
      vertex 5.11604 18.323 3.4
      vertex 5.07915 17.8241 3.4
      vertex 5.12502 17.8222 3.4
    endloop
  endfacet
  facet normal 0 0 1
    outer loop
      vertex 5.0625 18.324 3.4
      vertex 5.07915 17.8241 3.4
      vertex 5.11604 18.323 3.4
    endloop
  endfacet
  facet normal 0 0 1
    outer loop
      vertex 5.0625 18.324 3.4
      vertex 5.04988 17.8233 3.4
      vertex 5.07915 17.8241 3.4
    endloop
  endfacet
  facet normal -0 0 1
    outer loop
      vertex 4.99075 18.3218 3.4
      vertex 5.04988 17.8233 3.4
      vertex 5.0625 18.324 3.4
    endloop
  endfacet
  facet normal 0 0 1
    outer loop
      vertex 5.04988 17.8233 3.4
      vertex 4.99075 18.3218 3.4
      vertex 5.02161 17.821 3.4
    endloop
  endfacet
  facet normal -0 0 1
    outer loop
      vertex 4.92087 18.3152 3.4
      vertex 5.02161 17.821 3.4
      vertex 4.99075 18.3218 3.4
    endloop
  endfacet
  facet normal 0 0 1
    outer loop
      vertex 5.02161 17.821 3.4
      vertex 4.92087 18.3152 3.4
      vertex 4.99437 17.8173 3.4
    endloop
  endfacet
  facet normal 0 0 1
    outer loop
      vertex 4.99437 17.8173 3.4
      vertex 4.92087 18.3152 3.4
      vertex 4.9682 17.8122 3.4
    endloop
  endfacet
  facet normal -0 0 1
    outer loop
      vertex 4.85301 18.3043 3.4
      vertex 4.9682 17.8122 3.4
      vertex 4.92087 18.3152 3.4
    endloop
  endfacet
  facet normal 0 0 1
    outer loop
      vertex 4.9682 17.8122 3.4
      vertex 4.85301 18.3043 3.4
      vertex 4.94313 17.8056 3.4
    endloop
  endfacet
  facet normal -0 0 1
    outer loop
      vertex 4.78732 18.2892 3.4
      vertex 4.94313 17.8056 3.4
      vertex 4.85301 18.3043 3.4
    endloop
  endfacet
  facet normal 0 0 1
    outer loop
      vertex 4.94313 17.8056 3.4
      vertex 4.78732 18.2892 3.4
      vertex 4.91919 17.7977 3.4
    endloop
  endfacet
  facet normal -0 0 1
    outer loop
      vertex 4.72397 18.2702 3.4
      vertex 4.91919 17.7977 3.4
      vertex 4.78732 18.2892 3.4
    endloop
  endfacet
  facet normal 0 0 1
    outer loop
      vertex 4.91919 17.7977 3.4
      vertex 4.72397 18.2702 3.4
      vertex 4.89644 17.7884 3.4
    endloop
  endfacet
  facet normal -0 0 1
    outer loop
      vertex 4.66312 18.2474 3.4
      vertex 4.89644 17.7884 3.4
      vertex 4.72397 18.2702 3.4
    endloop
  endfacet
  facet normal 0 0 1
    outer loop
      vertex 4.89644 17.7884 3.4
      vertex 4.66312 18.2474 3.4
      vertex 4.87489 17.7778 3.4
    endloop
  endfacet
  facet normal -0 0 1
    outer loop
      vertex 4.60493 18.2208 3.4
      vertex 4.87489 17.7778 3.4
      vertex 4.66312 18.2474 3.4
    endloop
  endfacet
  facet normal 0 0 1
    outer loop
      vertex 4.87489 17.7778 3.4
      vertex 4.60493 18.2208 3.4
      vertex 4.8546 17.766 3.4
    endloop
  endfacet
  facet normal -0 0 1
    outer loop
      vertex 4.54955 18.1907 3.4
      vertex 4.8546 17.766 3.4
      vertex 4.60493 18.2208 3.4
    endloop
  endfacet
  facet normal 0 0 1
    outer loop
      vertex 4.8546 17.766 3.4
      vertex 4.54955 18.1907 3.4
      vertex 4.83557 17.7529 3.4
    endloop
  endfacet
  facet normal -0 0 1
    outer loop
      vertex 4.49715 18.1571 3.4
      vertex 4.83557 17.7529 3.4
      vertex 4.54955 18.1907 3.4
    endloop
  endfacet
  facet normal 0 0 1
    outer loop
      vertex 4.83557 17.7529 3.4
      vertex 4.49715 18.1571 3.4
      vertex 4.81787 17.7386 3.4
    endloop
  endfacet
  facet normal -0 0 1
    outer loop
      vertex 4.44788 18.1202 3.4
      vertex 4.81787 17.7386 3.4
      vertex 4.49715 18.1571 3.4
    endloop
  endfacet
  facet normal 0 0 1
    outer loop
      vertex 4.81787 17.7386 3.4
      vertex 4.44788 18.1202 3.4
      vertex 4.80151 17.7232 3.4
    endloop
  endfacet
  facet normal -0 0 1
    outer loop
      vertex 4.4019 18.0802 3.4
      vertex 4.80151 17.7232 3.4
      vertex 4.44788 18.1202 3.4
    endloop
  endfacet
  facet normal 0 0 1
    outer loop
      vertex 4.80151 17.7232 3.4
      vertex 4.4019 18.0802 3.4
      vertex 4.78653 17.7066 3.4
    endloop
  endfacet
  facet normal -0 0 1
    outer loop
      vertex 4.35938 18.0372 3.4
      vertex 4.78653 17.7066 3.4
      vertex 4.4019 18.0802 3.4
    endloop
  endfacet
  facet normal 0 0 1
    outer loop
      vertex 4.78653 17.7066 3.4
      vertex 4.35938 18.0372 3.4
      vertex 4.77298 17.6889 3.4
    endloop
  endfacet
  facet normal -0 0 1
    outer loop
      vertex 4.32047 17.9912 3.4
      vertex 4.77298 17.6889 3.4
      vertex 4.35938 18.0372 3.4
    endloop
  endfacet
  facet normal 0 0 1
    outer loop
      vertex 4.77298 17.6889 3.4
      vertex 4.32047 17.9912 3.4
      vertex 4.76088 17.6701 3.4
    endloop
  endfacet
  facet normal -0 0 1
    outer loop
      vertex 4.28532 17.9426 3.4
      vertex 4.76088 17.6701 3.4
      vertex 4.32047 17.9912 3.4
    endloop
  endfacet
  facet normal 0 0 1
    outer loop
      vertex 4.76088 17.6701 3.4
      vertex 4.28532 17.9426 3.4
      vertex 4.75027 17.6502 3.4
    endloop
  endfacet
  facet normal -0 0 1
    outer loop
      vertex 4.25412 17.8913 3.4
      vertex 4.75027 17.6502 3.4
      vertex 4.28532 17.9426 3.4
    endloop
  endfacet
  facet normal 0 0 1
    outer loop
      vertex 4.75027 17.6502 3.4
      vertex 4.25412 17.8913 3.4
      vertex 4.7412 17.6294 3.4
    endloop
  endfacet
  facet normal -0 0 1
    outer loop
      vertex 4.22701 17.8375 3.4
      vertex 4.7412 17.6294 3.4
      vertex 4.25412 17.8913 3.4
    endloop
  endfacet
  facet normal 0 0 1
    outer loop
      vertex 4.7412 17.6294 3.4
      vertex 4.22701 17.8375 3.4
      vertex 4.73367 17.6076 3.4
    endloop
  endfacet
  facet normal -0 0 1
    outer loop
      vertex 4.20413 17.7814 3.4
      vertex 4.73367 17.6076 3.4
      vertex 4.22701 17.8375 3.4
    endloop
  endfacet
  facet normal 0 0 1
    outer loop
      vertex 4.73367 17.6076 3.4
      vertex 4.20413 17.7814 3.4
      vertex 4.72775 17.5848 3.4
    endloop
  endfacet
  facet normal -0 0 1
    outer loop
      vertex 4.18567 17.7232 3.4
      vertex 4.72775 17.5848 3.4
      vertex 4.20413 17.7814 3.4
    endloop
  endfacet
  facet normal -0 0 1
    outer loop
      vertex 4.17178 17.6628 3.4
      vertex 4.72775 17.5848 3.4
      vertex 4.18567 17.7232 3.4
    endloop
  endfacet
  facet normal 0 0 1
    outer loop
      vertex 4.72775 17.5848 3.4
      vertex 4.17178 17.6628 3.4
      vertex 4.72346 17.5611 3.4
    endloop
  endfacet
  facet normal -0 0 1
    outer loop
      vertex 4.16261 17.6006 3.4
      vertex 4.72346 17.5611 3.4
      vertex 4.17178 17.6628 3.4
    endloop
  endfacet
  facet normal 0 0 1
    outer loop
      vertex 4.72346 17.5611 3.4
      vertex 4.16261 17.6006 3.4
      vertex 4.72083 17.5365 3.4
    endloop
  endfacet
  facet normal 0 0 1
    outer loop
      vertex 4.72083 17.5365 3.4
      vertex 4.16261 17.6006 3.4
      vertex 4.15833 17.5365 3.4
    endloop
  endfacet
  facet normal -0 0 1
    outer loop
      vertex 5.46298 15.8791 3.4
      vertex 5.88945 15.6043 3.4
      vertex 5.48166 15.9117 3.4
    endloop
  endfacet
  facet normal 0 0 1
    outer loop
      vertex 5.88945 15.6043 3.4
      vertex 5.46298 15.8791 3.4
      vertex 5.85921 15.5642 3.4
    endloop
  endfacet
  facet normal -0 0 1
    outer loop
      vertex 5.44232 15.8488 3.4
      vertex 5.85921 15.5642 3.4
      vertex 5.46298 15.8791 3.4
    endloop
  endfacet
  facet normal 0 0 1
    outer loop
      vertex 5.85921 15.5642 3.4
      vertex 5.44232 15.8488 3.4
      vertex 5.82764 15.5262 3.4
    endloop
  endfacet
  facet normal 0 0 1
    outer loop
      vertex 5.82764 15.5262 3.4
      vertex 5.44232 15.8488 3.4
      vertex 5.79474 15.4903 3.4
    endloop
  endfacet
  facet normal -0 0 1
    outer loop
      vertex 5.41969 15.8208 3.4
      vertex 5.79474 15.4903 3.4
      vertex 5.44232 15.8488 3.4
    endloop
  endfacet
  facet normal 0 0 1
    outer loop
      vertex 5.79474 15.4903 3.4
      vertex 5.41969 15.8208 3.4
      vertex 5.76057 15.4564 3.4
    endloop
  endfacet
  facet normal -0 0 1
    outer loop
      vertex 5.39517 15.7952 3.4
      vertex 5.76057 15.4564 3.4
      vertex 5.41969 15.8208 3.4
    endloop
  endfacet
  facet normal 0 0 1
    outer loop
      vertex 5.76057 15.4564 3.4
      vertex 5.39517 15.7952 3.4
      vertex 5.72514 15.4247 3.4
    endloop
  endfacet
  facet normal 0 0 1
    outer loop
      vertex 5.72514 15.4247 3.4
      vertex 5.39517 15.7952 3.4
      vertex 5.68849 15.395 3.4
    endloop
  endfacet
  facet normal -0 0 1
    outer loop
      vertex 5.36879 15.7721 3.4
      vertex 5.68849 15.395 3.4
      vertex 5.39517 15.7952 3.4
    endloop
  endfacet
  facet normal 0 0 1
    outer loop
      vertex 5.68849 15.395 3.4
      vertex 5.36879 15.7721 3.4
      vertex 5.65063 15.3676 3.4
    endloop
  endfacet
  facet normal -0 0 1
    outer loop
      vertex 5.34058 15.7515 3.4
      vertex 5.65063 15.3676 3.4
      vertex 5.36879 15.7721 3.4
    endloop
  endfacet
  facet normal 0 0 1
    outer loop
      vertex 5.65063 15.3676 3.4
      vertex 5.34058 15.7515 3.4
      vertex 5.6116 15.3422 3.4
    endloop
  endfacet
  facet normal 0 0 1
    outer loop
      vertex 5.6116 15.3422 3.4
      vertex 5.34058 15.7515 3.4
      vertex 5.57143 15.319 3.4
    endloop
  endfacet
  facet normal -0 0 1
    outer loop
      vertex 5.31059 15.7335 3.4
      vertex 5.57143 15.319 3.4
      vertex 5.34058 15.7515 3.4
    endloop
  endfacet
  facet normal 0 0 1
    outer loop
      vertex 5.57143 15.319 3.4
      vertex 5.31059 15.7335 3.4
      vertex 5.53014 15.2979 3.4
    endloop
  endfacet
  facet normal 0 0 1
    outer loop
      vertex 5.53014 15.2979 3.4
      vertex 5.31059 15.7335 3.4
      vertex 5.48773 15.279 3.4
    endloop
  endfacet
  facet normal -0 0 1
    outer loop
      vertex 5.27888 15.7181 3.4
      vertex 5.48773 15.279 3.4
      vertex 5.31059 15.7335 3.4
    endloop
  endfacet
  facet normal 0 0 1
    outer loop
      vertex 5.48773 15.279 3.4
      vertex 5.27888 15.7181 3.4
      vertex 5.44427 15.2623 3.4
    endloop
  endfacet
  facet normal 0 0 1
    outer loop
      vertex 5.44427 15.2623 3.4
      vertex 5.27888 15.7181 3.4
      vertex 5.39978 15.2478 3.4
    endloop
  endfacet
  facet normal -0 0 1
    outer loop
      vertex 5.24548 15.7054 3.4
      vertex 5.39978 15.2478 3.4
      vertex 5.27888 15.7181 3.4
    endloop
  endfacet
  facet normal 0 0 1
    outer loop
      vertex 5.39978 15.2478 3.4
      vertex 5.24548 15.7054 3.4
      vertex 5.35428 15.2355 3.4
    endloop
  endfacet
  facet normal -0 0 1
    outer loop
      vertex 5.21043 15.6954 3.4
      vertex 5.35428 15.2355 3.4
      vertex 5.24548 15.7054 3.4
    endloop
  endfacet
  facet normal 0 0 1
    outer loop
      vertex 5.35428 15.2355 3.4
      vertex 5.21043 15.6954 3.4
      vertex 5.30779 15.2254 3.4
    endloop
  endfacet
  facet normal 0 0 1
    outer loop
      vertex 5.30779 15.2254 3.4
      vertex 5.21043 15.6954 3.4
      vertex 5.26033 15.2175 3.4
    endloop
  endfacet
  facet normal -0 0 1
    outer loop
      vertex 5.17378 15.6882 3.4
      vertex 5.26033 15.2175 3.4
      vertex 5.21043 15.6954 3.4
    endloop
  endfacet
  facet normal 0 0 1
    outer loop
      vertex 5.26033 15.2175 3.4
      vertex 5.17378 15.6882 3.4
      vertex 5.21194 15.2119 3.4
    endloop
  endfacet
  facet normal -0 0 1
    outer loop
      vertex 5.13556 15.6839 3.4
      vertex 5.21194 15.2119 3.4
      vertex 5.17378 15.6882 3.4
    endloop
  endfacet
  facet normal 0 0 1
    outer loop
      vertex 5.21194 15.2119 3.4
      vertex 5.13556 15.6839 3.4
      vertex 5.16264 15.2085 3.4
    endloop
  endfacet
  facet normal 0 0 1
    outer loop
      vertex 5.13556 15.6839 3.4
      vertex 5.11249 15.2074 3.4
      vertex 5.16264 15.2085 3.4
    endloop
  endfacet
  facet normal -0 0 1
    outer loop
      vertex 5.09583 15.6824 3.4
      vertex 5.11249 15.2074 3.4
      vertex 5.13556 15.6839 3.4
    endloop
  endfacet
  facet normal 0 0 1
    outer loop
      vertex 5.02925 15.2103 3.4
      vertex 5.09583 15.6824 3.4
      vertex 5.05902 15.6839 3.4
    endloop
  endfacet
  facet normal 0 0 1
    outer loop
      vertex 5.09583 15.6824 3.4
      vertex 5.02925 15.2103 3.4
      vertex 5.11249 15.2074 3.4
    endloop
  endfacet
  facet normal 0 0 1
    outer loop
      vertex 5.02361 15.6882 3.4
      vertex 5.02925 15.2103 3.4
      vertex 5.05902 15.6839 3.4
    endloop
  endfacet
  facet normal 0 0 1
    outer loop
      vertex 4.94873 15.2187 3.4
      vertex 5.02361 15.6882 3.4
      vertex 4.98964 15.6954 3.4
    endloop
  endfacet
  facet normal 0 0 1
    outer loop
      vertex 4.87102 15.2327 3.4
      vertex 4.98964 15.6954 3.4
      vertex 4.95715 15.7054 3.4
    endloop
  endfacet
  facet normal 0 0 1
    outer loop
      vertex 5.02361 15.6882 3.4
      vertex 4.94873 15.2187 3.4
      vertex 5.02925 15.2103 3.4
    endloop
  endfacet
  facet normal 0 0 1
    outer loop
      vertex 4.7963 15.252 3.4
      vertex 4.95715 15.7054 3.4
      vertex 4.92618 15.718 3.4
    endloop
  endfacet
  facet normal 0 0 1
    outer loop
      vertex 4.72469 15.2765 3.4
      vertex 4.92618 15.718 3.4
      vertex 4.89677 15.7333 3.4
    endloop
  endfacet
  facet normal 0 0 1
    outer loop
      vertex 4.98964 15.6954 3.4
      vertex 4.87102 15.2327 3.4
      vertex 4.94873 15.2187 3.4
    endloop
  endfacet
  facet normal 0 0 1
    outer loop
      vertex 4.65631 15.306 3.4
      vertex 4.89677 15.7333 3.4
      vertex 4.86897 15.7512 3.4
    endloop
  endfacet
  facet normal 0 0 1
    outer loop
      vertex 4.65631 15.306 3.4
      vertex 4.86897 15.7512 3.4
      vertex 4.84282 15.7717 3.4
    endloop
  endfacet
  facet normal 0 0 1
    outer loop
      vertex 4.65631 15.306 3.4
      vertex 4.84282 15.7717 3.4
      vertex 4.81834 15.7946 3.4
    endloop
  endfacet
  facet normal 0 0 1
    outer loop
      vertex 4.95715 15.7054 3.4
      vertex 4.7963 15.252 3.4
      vertex 4.87102 15.2327 3.4
    endloop
  endfacet
  facet normal 0 0 1
    outer loop
      vertex 4.65631 15.306 3.4
      vertex 4.81834 15.7946 3.4
      vertex 4.79561 15.8199 3.4
    endloop
  endfacet
  facet normal 0 0 1
    outer loop
      vertex 4.65631 15.306 3.4
      vertex 4.79561 15.8199 3.4
      vertex 4.77463 15.8476 3.4
    endloop
  endfacet
  facet normal 0 0 1
    outer loop
      vertex 4.65631 15.306 3.4
      vertex 4.77463 15.8476 3.4
      vertex 4.75545 15.8775 3.4
    endloop
  endfacet
  facet normal 0 0 1
    outer loop
      vertex 4.65631 15.306 3.4
      vertex 4.75545 15.8775 3.4
      vertex 4.73811 15.9098 3.4
    endloop
  endfacet
  facet normal 0 0 1
    outer loop
      vertex 4.92618 15.718 3.4
      vertex 4.72469 15.2765 3.4
      vertex 4.7963 15.252 3.4
    endloop
  endfacet
  facet normal 0 0 1
    outer loop
      vertex 4.65631 15.306 3.4
      vertex 4.73811 15.9098 3.4
      vertex 4.72267 15.9441 3.4
    endloop
  endfacet
  facet normal 0 0 1
    outer loop
      vertex 4.65631 15.306 3.4
      vertex 4.72267 15.9441 3.4
      vertex 4.70917 15.9806 3.4
    endloop
  endfacet
  facet normal 0 0 1
    outer loop
      vertex 4.65631 15.306 3.4
      vertex 4.70917 15.9806 3.4
      vertex 4.69762 16.0192 3.4
    endloop
  endfacet
  facet normal 0 0 1
    outer loop
      vertex 4.65631 15.306 3.4
      vertex 4.69762 16.0192 3.4
      vertex 4.68808 16.0597 3.4
    endloop
  endfacet
  facet normal 0 0 1
    outer loop
      vertex 4.65631 15.306 3.4
      vertex 4.68808 16.0597 3.4
      vertex 4.68059 16.1022 3.4
    endloop
  endfacet
  facet normal 0 0 1
    outer loop
      vertex 4.65631 15.306 3.4
      vertex 4.68059 16.1022 3.4
      vertex 4.67519 16.1466 3.4
    endloop
  endfacet
  facet normal 0 0 1
    outer loop
      vertex 4.65631 15.306 3.4
      vertex 4.67519 16.1466 3.4
      vertex 4.67192 16.1928 3.4
    endloop
  endfacet
  facet normal 0 0 1
    outer loop
      vertex 4.89677 15.7333 3.4
      vertex 4.65631 15.306 3.4
      vertex 4.72469 15.2765 3.4
    endloop
  endfacet
  facet normal 0 0 1
    outer loop
      vertex 4.65631 15.306 3.4
      vertex 4.67192 16.1928 3.4
      vertex 4.67082 16.2407 3.4
    endloop
  endfacet
  facet normal -0 0 1
    outer loop
      vertex 2.72932 16.1866 3.4
      vertex 3.31264 15.2699 3.4
      vertex 3.31264 18.2241 3.4
    endloop
  endfacet
  facet normal 0 0 1
    outer loop
      vertex 3.31264 15.2699 3.4
      vertex 2.9106 15.3187 3.4
      vertex 2.92514 15.2699 3.4
    endloop
  endfacet
  facet normal -0 -0 1
    outer loop
      vertex 2.79472 15.5279 3.4
      vertex 3.31264 15.2699 3.4
      vertex 2.72932 16.1866 3.4
    endloop
  endfacet
  facet normal 0 0 1
    outer loop
      vertex 3.31264 15.2699 3.4
      vertex 2.89317 15.3652 3.4
      vertex 2.9106 15.3187 3.4
    endloop
  endfacet
  facet normal 0 0 1
    outer loop
      vertex 3.31264 15.2699 3.4
      vertex 2.87286 15.4094 3.4
      vertex 2.89317 15.3652 3.4
    endloop
  endfacet
  facet normal 0 0 1
    outer loop
      vertex 3.31264 15.2699 3.4
      vertex 2.84969 15.4512 3.4
      vertex 2.87286 15.4094 3.4
    endloop
  endfacet
  facet normal 0 0 1
    outer loop
      vertex 3.31264 15.2699 3.4
      vertex 2.82364 15.4907 3.4
      vertex 2.84969 15.4512 3.4
    endloop
  endfacet
  facet normal 0 0 1
    outer loop
      vertex 3.31264 15.2699 3.4
      vertex 2.79472 15.5279 3.4
      vertex 2.82364 15.4907 3.4
    endloop
  endfacet
  facet normal 0 0 1
    outer loop
      vertex 2.72932 16.1866 3.4
      vertex 3.31264 18.2241 3.4
      vertex 2.72932 18.2241 3.4
    endloop
  endfacet
  facet normal 0 0 1
    outer loop
      vertex 2.79472 15.5279 3.4
      vertex 2.72932 16.1866 3.4
      vertex 2.76295 15.5626 3.4
    endloop
  endfacet
  facet normal 0 0 1
    outer loop
      vertex 2.72932 16.1866 3.4
      vertex 2.72833 15.5951 3.4
      vertex 2.76295 15.5626 3.4
    endloop
  endfacet
  facet normal 0 0 1
    outer loop
      vertex 2.72932 16.1866 3.4
      vertex 2.69086 15.6251 3.4
      vertex 2.72833 15.5951 3.4
    endloop
  endfacet
  facet normal 0 0 1
    outer loop
      vertex 2.72932 16.1866 3.4
      vertex 2.65053 15.6528 3.4
      vertex 2.69086 15.6251 3.4
    endloop
  endfacet
  facet normal 0 0 1
    outer loop
      vertex 2.72932 16.1866 3.4
      vertex 2.60738 15.6781 3.4
      vertex 2.65053 15.6528 3.4
    endloop
  endfacet
  facet normal 0 0 1
    outer loop
      vertex 2.72932 16.1866 3.4
      vertex 2.56139 15.701 3.4
      vertex 2.60738 15.6781 3.4
    endloop
  endfacet
  facet normal 0 0 1
    outer loop
      vertex 2.72932 16.1866 3.4
      vertex 2.51257 15.7215 3.4
      vertex 2.56139 15.701 3.4
    endloop
  endfacet
  facet normal 0 0 1
    outer loop
      vertex 2.72932 16.1866 3.4
      vertex 2.46095 15.7397 3.4
      vertex 2.51257 15.7215 3.4
    endloop
  endfacet
  facet normal 0 0 1
    outer loop
      vertex 2.72932 16.1866 3.4
      vertex 2.40649 15.7554 3.4
      vertex 2.46095 15.7397 3.4
    endloop
  endfacet
  facet normal 0 0 1
    outer loop
      vertex 2.72932 16.1866 3.4
      vertex 2.34923 15.7687 3.4
      vertex 2.40649 15.7554 3.4
    endloop
  endfacet
  facet normal 0 0 1
    outer loop
      vertex 2.72932 16.1866 3.4
      vertex 2.28917 15.7796 3.4
      vertex 2.34923 15.7687 3.4
    endloop
  endfacet
  facet normal -0 0 1
    outer loop
      vertex 2.02097 16.1866 3.4
      vertex 2.28917 15.7796 3.4
      vertex 2.72932 16.1866 3.4
    endloop
  endfacet
  facet normal 0 0 1
    outer loop
      vertex 2.28917 15.7796 3.4
      vertex 2.02097 16.1866 3.4
      vertex 2.2263 15.7881 3.4
    endloop
  endfacet
  facet normal 0 0 1
    outer loop
      vertex 2.2263 15.7881 3.4
      vertex 2.02097 16.1866 3.4
      vertex 2.16064 15.7942 3.4
    endloop
  endfacet
  facet normal 0 0 1
    outer loop
      vertex 2.16064 15.7942 3.4
      vertex 2.02097 16.1866 3.4
      vertex 2.09219 15.7979 3.4
    endloop
  endfacet
  facet normal 0 0 1
    outer loop
      vertex 2.09219 15.7979 3.4
      vertex 2.02097 16.1866 3.4
      vertex 2.02097 15.7991 3.4
    endloop
  endfacet
  facet normal -0.0629963 -0.998014 0
    outer loop
      vertex 5.11604 18.323 3.4
      vertex 5.16832 18.3197 4
      vertex 5.11604 18.323 4
    endloop
  endfacet
  facet normal -0.0629963 -0.998014 -0
    outer loop
      vertex 5.16832 18.3197 4
      vertex 5.11604 18.323 3.4
      vertex 5.16832 18.3197 3.4
    endloop
  endfacet
  facet normal -0.103345 -0.994646 0
    outer loop
      vertex 5.16832 18.3197 3.4
      vertex 5.21933 18.3144 4
      vertex 5.16832 18.3197 4
    endloop
  endfacet
  facet normal -0.103345 -0.994646 -0
    outer loop
      vertex 5.21933 18.3144 4
      vertex 5.16832 18.3197 3.4
      vertex 5.21933 18.3144 3.4
    endloop
  endfacet
  facet normal -0.149187 -0.988809 0
    outer loop
      vertex 5.21933 18.3144 3.4
      vertex 5.26904 18.3069 4
      vertex 5.21933 18.3144 4
    endloop
  endfacet
  facet normal -0.149187 -0.988809 -0
    outer loop
      vertex 5.26904 18.3069 4
      vertex 5.21933 18.3144 3.4
      vertex 5.26904 18.3069 3.4
    endloop
  endfacet
  facet normal -0.19448 -0.980907 0
    outer loop
      vertex 5.26904 18.3069 3.4
      vertex 5.31746 18.2973 4
      vertex 5.26904 18.3069 4
    endloop
  endfacet
  facet normal -0.19448 -0.980907 -0
    outer loop
      vertex 5.31746 18.2973 4
      vertex 5.26904 18.3069 3.4
      vertex 5.31746 18.2973 3.4
    endloop
  endfacet
  facet normal -0.239139 -0.970985 0
    outer loop
      vertex 5.31746 18.2973 3.4
      vertex 5.36456 18.2857 4
      vertex 5.31746 18.2973 4
    endloop
  endfacet
  facet normal -0.239139 -0.970985 -0
    outer loop
      vertex 5.36456 18.2857 4
      vertex 5.31746 18.2973 3.4
      vertex 5.36456 18.2857 3.4
    endloop
  endfacet
  facet normal -0.288614 -0.957446 0
    outer loop
      vertex 5.36456 18.2857 3.4
      vertex 5.41034 18.2719 4
      vertex 5.36456 18.2857 4
    endloop
  endfacet
  facet normal -0.288614 -0.957446 -0
    outer loop
      vertex 5.41034 18.2719 4
      vertex 5.36456 18.2857 3.4
      vertex 5.41034 18.2719 3.4
    endloop
  endfacet
  facet normal -0.33694 -0.941526 0
    outer loop
      vertex 5.41034 18.2719 3.4
      vertex 5.45477 18.256 4
      vertex 5.41034 18.2719 4
    endloop
  endfacet
  facet normal -0.33694 -0.941526 -0
    outer loop
      vertex 5.45477 18.256 4
      vertex 5.41034 18.2719 3.4
      vertex 5.45477 18.256 3.4
    endloop
  endfacet
  facet normal -0.383702 -0.923457 0
    outer loop
      vertex 5.45477 18.256 3.4
      vertex 5.49785 18.2381 4
      vertex 5.45477 18.256 4
    endloop
  endfacet
  facet normal -0.383702 -0.923457 -0
    outer loop
      vertex 5.49785 18.2381 4
      vertex 5.45477 18.256 3.4
      vertex 5.49785 18.2381 3.4
    endloop
  endfacet
  facet normal -0.43069 -0.9025 0
    outer loop
      vertex 5.49785 18.2381 3.4
      vertex 5.53955 18.2182 4
      vertex 5.49785 18.2381 4
    endloop
  endfacet
  facet normal -0.43069 -0.9025 -0
    outer loop
      vertex 5.53955 18.2182 4
      vertex 5.49785 18.2381 3.4
      vertex 5.53955 18.2182 3.4
    endloop
  endfacet
  facet normal -0.480558 -0.876963 0
    outer loop
      vertex 5.53955 18.2182 3.4
      vertex 5.57988 18.1961 4
      vertex 5.53955 18.2182 4
    endloop
  endfacet
  facet normal -0.480558 -0.876963 -0
    outer loop
      vertex 5.57988 18.1961 4
      vertex 5.53955 18.2182 3.4
      vertex 5.57988 18.1961 3.4
    endloop
  endfacet
  facet normal -0.524683 -0.851298 0
    outer loop
      vertex 5.57988 18.1961 3.4
      vertex 5.61882 18.1721 4
      vertex 5.57988 18.1961 4
    endloop
  endfacet
  facet normal -0.524683 -0.851298 -0
    outer loop
      vertex 5.61882 18.1721 4
      vertex 5.57988 18.1961 3.4
      vertex 5.61882 18.1721 3.4
    endloop
  endfacet
  facet normal -0.571052 -0.820914 0
    outer loop
      vertex 5.61882 18.1721 3.4
      vertex 5.65634 18.146 4
      vertex 5.61882 18.1721 4
    endloop
  endfacet
  facet normal -0.571052 -0.820914 -0
    outer loop
      vertex 5.65634 18.146 4
      vertex 5.61882 18.1721 3.4
      vertex 5.65634 18.146 3.4
    endloop
  endfacet
  facet normal -0.614349 -0.789034 0
    outer loop
      vertex 5.65634 18.146 3.4
      vertex 5.69243 18.1179 4
      vertex 5.65634 18.146 4
    endloop
  endfacet
  facet normal -0.614349 -0.789034 -0
    outer loop
      vertex 5.69243 18.1179 4
      vertex 5.65634 18.146 3.4
      vertex 5.69243 18.1179 3.4
    endloop
  endfacet
  facet normal -0.655585 -0.755121 0
    outer loop
      vertex 5.69243 18.1179 3.4
      vertex 5.7271 18.0878 4
      vertex 5.69243 18.1179 4
    endloop
  endfacet
  facet normal -0.655585 -0.755121 -0
    outer loop
      vertex 5.7271 18.0878 4
      vertex 5.69243 18.1179 3.4
      vertex 5.7271 18.0878 3.4
    endloop
  endfacet
  facet normal -0.694989 -0.719021 0
    outer loop
      vertex 5.7271 18.0878 3.4
      vertex 5.76031 18.0557 4
      vertex 5.7271 18.0878 4
    endloop
  endfacet
  facet normal -0.694989 -0.719021 -0
    outer loop
      vertex 5.76031 18.0557 4
      vertex 5.7271 18.0878 3.4
      vertex 5.76031 18.0557 3.4
    endloop
  endfacet
  facet normal -0.731983 -0.681323 0
    outer loop
      vertex 5.79205 18.0216 3.4
      vertex 5.76031 18.0557 4
      vertex 5.76031 18.0557 3.4
    endloop
  endfacet
  facet normal -0.731983 -0.681323 0
    outer loop
      vertex 5.76031 18.0557 4
      vertex 5.79205 18.0216 3.4
      vertex 5.79205 18.0216 4
    endloop
  endfacet
  facet normal -0.765286 -0.64369 0
    outer loop
      vertex 5.82233 17.9856 3.4
      vertex 5.79205 18.0216 4
      vertex 5.79205 18.0216 3.4
    endloop
  endfacet
  facet normal -0.765286 -0.64369 0
    outer loop
      vertex 5.79205 18.0216 4
      vertex 5.82233 17.9856 3.4
      vertex 5.82233 17.9856 4
    endloop
  endfacet
  facet normal -0.797273 -0.603619 0
    outer loop
      vertex 5.8511 17.9476 3.4
      vertex 5.82233 17.9856 4
      vertex 5.82233 17.9856 3.4
    endloop
  endfacet
  facet normal -0.797273 -0.603619 0
    outer loop
      vertex 5.82233 17.9856 4
      vertex 5.8511 17.9476 3.4
      vertex 5.8511 17.9476 4
    endloop
  endfacet
  facet normal -0.826061 -0.56358 0
    outer loop
      vertex 5.87839 17.9076 3.4
      vertex 5.8511 17.9476 4
      vertex 5.8511 17.9476 3.4
    endloop
  endfacet
  facet normal -0.826061 -0.56358 0
    outer loop
      vertex 5.8511 17.9476 4
      vertex 5.87839 17.9076 3.4
      vertex 5.87839 17.9076 4
    endloop
  endfacet
  facet normal -0.851791 -0.523882 0
    outer loop
      vertex 5.90416 17.8657 3.4
      vertex 5.87839 17.9076 4
      vertex 5.87839 17.9076 3.4
    endloop
  endfacet
  facet normal -0.851791 -0.523882 0
    outer loop
      vertex 5.87839 17.9076 4
      vertex 5.90416 17.8657 3.4
      vertex 5.90416 17.8657 4
    endloop
  endfacet
  facet normal -0.873294 -0.487194 0
    outer loop
      vertex 5.92575 17.827 3.4
      vertex 5.90416 17.8657 4
      vertex 5.90416 17.8657 3.4
    endloop
  endfacet
  facet normal -0.873294 -0.487194 0
    outer loop
      vertex 5.90416 17.8657 4
      vertex 5.92575 17.827 3.4
      vertex 5.92575 17.827 4
    endloop
  endfacet
  facet normal -0.892945 -0.450166 0
    outer loop
      vertex 5.94647 17.7859 3.4
      vertex 5.92575 17.827 4
      vertex 5.92575 17.827 3.4
    endloop
  endfacet
  facet normal -0.892945 -0.450166 0
    outer loop
      vertex 5.92575 17.827 4
      vertex 5.94647 17.7859 3.4
      vertex 5.94647 17.7859 4
    endloop
  endfacet
  facet normal -0.909474 -0.41576 0
    outer loop
      vertex 5.96631 17.7425 3.4
      vertex 5.94647 17.7859 4
      vertex 5.94647 17.7859 3.4
    endloop
  endfacet
  facet normal -0.909474 -0.41576 0
    outer loop
      vertex 5.94647 17.7859 4
      vertex 5.96631 17.7425 3.4
      vertex 5.96631 17.7425 4
    endloop
  endfacet
  facet normal -0.923876 -0.382691 0
    outer loop
      vertex 5.98524 17.6968 3.4
      vertex 5.96631 17.7425 4
      vertex 5.96631 17.7425 3.4
    endloop
  endfacet
  facet normal -0.923876 -0.382691 0
    outer loop
      vertex 5.96631 17.7425 4
      vertex 5.98524 17.6968 3.4
      vertex 5.98524 17.6968 4
    endloop
  endfacet
  facet normal -0.935537 -0.353229 0
    outer loop
      vertex 6.00325 17.6491 3.4
      vertex 5.98524 17.6968 4
      vertex 5.98524 17.6968 3.4
    endloop
  endfacet
  facet normal -0.935537 -0.353229 0
    outer loop
      vertex 5.98524 17.6968 4
      vertex 6.00325 17.6491 3.4
      vertex 6.00325 17.6491 4
    endloop
  endfacet
  facet normal -0.945829 -0.324665 0
    outer loop
      vertex 6.02031 17.5994 3.4
      vertex 6.00325 17.6491 4
      vertex 6.00325 17.6491 3.4
    endloop
  endfacet
  facet normal -0.945829 -0.324665 0
    outer loop
      vertex 6.00325 17.6491 4
      vertex 6.02031 17.5994 3.4
      vertex 6.02031 17.5994 4
    endloop
  endfacet
  facet normal -0.954612 -0.297854 0
    outer loop
      vertex 6.03641 17.5478 3.4
      vertex 6.02031 17.5994 4
      vertex 6.02031 17.5994 3.4
    endloop
  endfacet
  facet normal -0.954612 -0.297854 0
    outer loop
      vertex 6.02031 17.5994 4
      vertex 6.03641 17.5478 3.4
      vertex 6.03641 17.5478 4
    endloop
  endfacet
  facet normal -0.962174 -0.272436 0
    outer loop
      vertex 6.05153 17.4944 3.4
      vertex 6.03641 17.5478 4
      vertex 6.03641 17.5478 3.4
    endloop
  endfacet
  facet normal -0.962174 -0.272436 0
    outer loop
      vertex 6.03641 17.5478 4
      vertex 6.05153 17.4944 3.4
      vertex 6.05153 17.4944 4
    endloop
  endfacet
  facet normal -0.968741 -0.248075 0
    outer loop
      vertex 6.06564 17.4393 3.4
      vertex 6.05153 17.4944 4
      vertex 6.05153 17.4944 3.4
    endloop
  endfacet
  facet normal -0.968741 -0.248075 0
    outer loop
      vertex 6.05153 17.4944 4
      vertex 6.06564 17.4393 3.4
      vertex 6.06564 17.4393 4
    endloop
  endfacet
  facet normal -0.974246 -0.225488 0
    outer loop
      vertex 6.07874 17.3827 3.4
      vertex 6.06564 17.4393 4
      vertex 6.06564 17.4393 3.4
    endloop
  endfacet
  facet normal -0.974246 -0.225488 0
    outer loop
      vertex 6.06564 17.4393 4
      vertex 6.07874 17.3827 3.4
      vertex 6.07874 17.3827 4
    endloop
  endfacet
  facet normal -0.979232 -0.202745 0
    outer loop
      vertex 6.09079 17.3245 3.4
      vertex 6.07874 17.3827 4
      vertex 6.07874 17.3827 3.4
    endloop
  endfacet
  facet normal -0.979232 -0.202745 0
    outer loop
      vertex 6.07874 17.3827 4
      vertex 6.09079 17.3245 3.4
      vertex 6.09079 17.3245 4
    endloop
  endfacet
  facet normal -0.983421 -0.181339 0
    outer loop
      vertex 6.10178 17.2649 3.4
      vertex 6.09079 17.3245 4
      vertex 6.09079 17.3245 3.4
    endloop
  endfacet
  facet normal -0.983421 -0.181339 0
    outer loop
      vertex 6.09079 17.3245 4
      vertex 6.10178 17.2649 3.4
      vertex 6.10178 17.2649 4
    endloop
  endfacet
  facet normal -0.987017 -0.160613 0
    outer loop
      vertex 6.11169 17.204 3.4
      vertex 6.10178 17.2649 4
      vertex 6.10178 17.2649 3.4
    endloop
  endfacet
  facet normal -0.987017 -0.160613 0
    outer loop
      vertex 6.10178 17.2649 4
      vertex 6.11169 17.204 3.4
      vertex 6.11169 17.204 4
    endloop
  endfacet
  facet normal -0.99002 -0.14093 0
    outer loop
      vertex 6.12053 17.1419 3.4
      vertex 6.11169 17.204 4
      vertex 6.11169 17.204 3.4
    endloop
  endfacet
  facet normal -0.99002 -0.14093 0
    outer loop
      vertex 6.11169 17.204 4
      vertex 6.12053 17.1419 3.4
      vertex 6.12053 17.1419 4
    endloop
  endfacet
  facet normal -0.992637 -0.12113 0
    outer loop
      vertex 6.12823 17.0788 3.4
      vertex 6.12053 17.1419 4
      vertex 6.12053 17.1419 3.4
    endloop
  endfacet
  facet normal -0.992637 -0.12113 0
    outer loop
      vertex 6.12053 17.1419 4
      vertex 6.12823 17.0788 3.4
      vertex 6.12823 17.0788 4
    endloop
  endfacet
  facet normal -0.994789 -0.101958 0
    outer loop
      vertex 6.13481 17.0146 3.4
      vertex 6.12823 17.0788 4
      vertex 6.12823 17.0788 3.4
    endloop
  endfacet
  facet normal -0.994789 -0.101958 0
    outer loop
      vertex 6.12823 17.0788 4
      vertex 6.13481 17.0146 3.4
      vertex 6.13481 17.0146 4
    endloop
  endfacet
  facet normal -0.996542 -0.0830962 0
    outer loop
      vertex 6.14023 16.9496 3.4
      vertex 6.13481 17.0146 4
      vertex 6.13481 17.0146 3.4
    endloop
  endfacet
  facet normal -0.996542 -0.0830962 0
    outer loop
      vertex 6.13481 17.0146 4
      vertex 6.14023 16.9496 3.4
      vertex 6.14023 16.9496 4
    endloop
  endfacet
  facet normal -0.997937 -0.0642071 0
    outer loop
      vertex 6.14447 16.8837 3.4
      vertex 6.14023 16.9496 4
      vertex 6.14023 16.9496 3.4
    endloop
  endfacet
  facet normal -0.997937 -0.0642071 0
    outer loop
      vertex 6.14023 16.9496 4
      vertex 6.14447 16.8837 3.4
      vertex 6.14447 16.8837 4
    endloop
  endfacet
  facet normal -0.998936 -0.0461163 0
    outer loop
      vertex 6.14754 16.8172 3.4
      vertex 6.14447 16.8837 4
      vertex 6.14447 16.8837 3.4
    endloop
  endfacet
  facet normal -0.998936 -0.0461163 0
    outer loop
      vertex 6.14447 16.8837 4
      vertex 6.14754 16.8172 3.4
      vertex 6.14754 16.8172 4
    endloop
  endfacet
  facet normal -0.999625 -0.0273707 0
    outer loop
      vertex 6.14938 16.75 3.4
      vertex 6.14754 16.8172 4
      vertex 6.14754 16.8172 3.4
    endloop
  endfacet
  facet normal -0.999625 -0.0273707 0
    outer loop
      vertex 6.14754 16.8172 4
      vertex 6.14938 16.75 3.4
      vertex 6.14938 16.75 4
    endloop
  endfacet
  facet normal -0.999957 -0.00931912 0
    outer loop
      vertex 6.15001 16.6824 3.4
      vertex 6.14938 16.75 4
      vertex 6.14938 16.75 3.4
    endloop
  endfacet
  facet normal -0.999957 -0.00931912 0
    outer loop
      vertex 6.14938 16.75 4
      vertex 6.15001 16.6824 3.4
      vertex 6.15001 16.6824 4
    endloop
  endfacet
  facet normal -0.999972 0.00751613 0
    outer loop
      vertex 6.14955 16.6212 3.4
      vertex 6.15001 16.6824 4
      vertex 6.15001 16.6824 3.4
    endloop
  endfacet
  facet normal -0.999972 0.00751613 0
    outer loop
      vertex 6.15001 16.6824 4
      vertex 6.14955 16.6212 3.4
      vertex 6.14955 16.6212 4
    endloop
  endfacet
  facet normal -0.999739 0.0228655 0
    outer loop
      vertex 6.14818 16.5613 3.4
      vertex 6.14955 16.6212 4
      vertex 6.14955 16.6212 3.4
    endloop
  endfacet
  facet normal -0.999739 0.0228655 0
    outer loop
      vertex 6.14955 16.6212 4
      vertex 6.14818 16.5613 3.4
      vertex 6.14818 16.5613 4
    endloop
  endfacet
  facet normal -0.999241 0.0389448 0
    outer loop
      vertex 6.1459 16.5028 3.4
      vertex 6.14818 16.5613 4
      vertex 6.14818 16.5613 3.4
    endloop
  endfacet
  facet normal -0.999241 0.0389448 0
    outer loop
      vertex 6.14818 16.5613 4
      vertex 6.1459 16.5028 3.4
      vertex 6.1459 16.5028 4
    endloop
  endfacet
  facet normal -0.998453 0.0556056 0
    outer loop
      vertex 6.14272 16.4457 3.4
      vertex 6.1459 16.5028 4
      vertex 6.1459 16.5028 3.4
    endloop
  endfacet
  facet normal -0.998453 0.0556056 0
    outer loop
      vertex 6.1459 16.5028 4
      vertex 6.14272 16.4457 3.4
      vertex 6.14272 16.4457 4
    endloop
  endfacet
  facet normal -0.997289 0.0735881 0
    outer loop
      vertex 6.13861 16.39 3.4
      vertex 6.14272 16.4457 4
      vertex 6.14272 16.4457 3.4
    endloop
  endfacet
  facet normal -0.997289 0.0735881 0
    outer loop
      vertex 6.14272 16.4457 4
      vertex 6.13861 16.39 3.4
      vertex 6.13861 16.39 4
    endloop
  endfacet
  facet normal -0.995737 0.0922386 0
    outer loop
      vertex 6.13358 16.3357 3.4
      vertex 6.13861 16.39 4
      vertex 6.13861 16.39 3.4
    endloop
  endfacet
  facet normal -0.995737 0.0922386 0
    outer loop
      vertex 6.13861 16.39 4
      vertex 6.13358 16.3357 3.4
      vertex 6.13358 16.3357 4
    endloop
  endfacet
  facet normal -0.993737 0.111748 0
    outer loop
      vertex 6.12762 16.2827 3.4
      vertex 6.13358 16.3357 4
      vertex 6.13358 16.3357 3.4
    endloop
  endfacet
  facet normal -0.993737 0.111748 0
    outer loop
      vertex 6.13358 16.3357 4
      vertex 6.12762 16.2827 3.4
      vertex 6.12762 16.2827 4
    endloop
  endfacet
  facet normal -0.991194 0.132416 0
    outer loop
      vertex 6.12074 16.2312 3.4
      vertex 6.12762 16.2827 4
      vertex 6.12762 16.2827 3.4
    endloop
  endfacet
  facet normal -0.991194 0.132416 0
    outer loop
      vertex 6.12762 16.2827 4
      vertex 6.12074 16.2312 3.4
      vertex 6.12074 16.2312 4
    endloop
  endfacet
  facet normal -0.988173 0.153344 0
    outer loop
      vertex 6.11295 16.181 3.4
      vertex 6.12074 16.2312 4
      vertex 6.12074 16.2312 3.4
    endloop
  endfacet
  facet normal -0.988173 0.153344 0
    outer loop
      vertex 6.12074 16.2312 4
      vertex 6.11295 16.181 3.4
      vertex 6.11295 16.181 4
    endloop
  endfacet
  facet normal -0.98424 0.17684 0
    outer loop
      vertex 6.1042 16.1323 3.4
      vertex 6.11295 16.181 4
      vertex 6.11295 16.181 3.4
    endloop
  endfacet
  facet normal -0.98424 0.17684 0
    outer loop
      vertex 6.11295 16.181 4
      vertex 6.1042 16.1323 3.4
      vertex 6.1042 16.1323 4
    endloop
  endfacet
  facet normal -0.979735 0.200297 0
    outer loop
      vertex 6.09453 16.085 3.4
      vertex 6.1042 16.1323 4
      vertex 6.1042 16.1323 3.4
    endloop
  endfacet
  facet normal -0.979735 0.200297 0
    outer loop
      vertex 6.1042 16.1323 4
      vertex 6.09453 16.085 3.4
      vertex 6.09453 16.085 4
    endloop
  endfacet
  facet normal -0.974309 0.225216 0
    outer loop
      vertex 6.08392 16.0391 3.4
      vertex 6.09453 16.085 4
      vertex 6.09453 16.085 3.4
    endloop
  endfacet
  facet normal -0.974309 0.225216 0
    outer loop
      vertex 6.09453 16.085 4
      vertex 6.08392 16.0391 3.4
      vertex 6.08392 16.0391 4
    endloop
  endfacet
  facet normal -0.967928 0.251226 0
    outer loop
      vertex 6.07237 15.9946 3.4
      vertex 6.08392 16.0391 4
      vertex 6.08392 16.0391 3.4
    endloop
  endfacet
  facet normal -0.967928 0.251226 0
    outer loop
      vertex 6.08392 16.0391 4
      vertex 6.07237 15.9946 3.4
      vertex 6.07237 15.9946 4
    endloop
  endfacet
  facet normal -0.960483 0.278339 0
    outer loop
      vertex 6.05988 15.9515 3.4
      vertex 6.07237 15.9946 4
      vertex 6.07237 15.9946 3.4
    endloop
  endfacet
  facet normal -0.960483 0.278339 0
    outer loop
      vertex 6.07237 15.9946 4
      vertex 6.05988 15.9515 3.4
      vertex 6.05988 15.9515 4
    endloop
  endfacet
  facet normal -0.951637 0.307223 0
    outer loop
      vertex 6.04645 15.9099 3.4
      vertex 6.05988 15.9515 4
      vertex 6.05988 15.9515 3.4
    endloop
  endfacet
  facet normal -0.951637 0.307223 0
    outer loop
      vertex 6.05988 15.9515 4
      vertex 6.04645 15.9099 3.4
      vertex 6.04645 15.9099 4
    endloop
  endfacet
  facet normal -0.941498 0.337019 0
    outer loop
      vertex 6.03206 15.8697 3.4
      vertex 6.04645 15.9099 4
      vertex 6.04645 15.9099 3.4
    endloop
  endfacet
  facet normal -0.941498 0.337019 0
    outer loop
      vertex 6.04645 15.9099 4
      vertex 6.03206 15.8697 3.4
      vertex 6.03206 15.8697 4
    endloop
  endfacet
  facet normal -0.929632 0.36849 0
    outer loop
      vertex 6.01672 15.831 3.4
      vertex 6.03206 15.8697 4
      vertex 6.03206 15.8697 3.4
    endloop
  endfacet
  facet normal -0.929632 0.36849 0
    outer loop
      vertex 6.03206 15.8697 4
      vertex 6.01672 15.831 3.4
      vertex 6.01672 15.831 4
    endloop
  endfacet
  facet normal -0.916022 0.401129 0
    outer loop
      vertex 6.00043 15.7938 3.4
      vertex 6.01672 15.831 4
      vertex 6.01672 15.831 3.4
    endloop
  endfacet
  facet normal -0.916022 0.401129 0
    outer loop
      vertex 6.01672 15.831 4
      vertex 6.00043 15.7938 3.4
      vertex 6.00043 15.7938 4
    endloop
  endfacet
  facet normal -0.901347 0.433098 0
    outer loop
      vertex 5.98318 15.7579 3.4
      vertex 6.00043 15.7938 4
      vertex 6.00043 15.7938 3.4
    endloop
  endfacet
  facet normal -0.901347 0.433098 0
    outer loop
      vertex 6.00043 15.7938 4
      vertex 5.98318 15.7579 3.4
      vertex 5.98318 15.7579 4
    endloop
  endfacet
  facet normal -0.883349 0.468716 0
    outer loop
      vertex 5.96498 15.7236 3.4
      vertex 5.98318 15.7579 4
      vertex 5.98318 15.7579 3.4
    endloop
  endfacet
  facet normal -0.883349 0.468716 0
    outer loop
      vertex 5.98318 15.7579 4
      vertex 5.96498 15.7236 3.4
      vertex 5.96498 15.7236 4
    endloop
  endfacet
  facet normal -0.864141 0.50325 0
    outer loop
      vertex 5.94582 15.6907 3.4
      vertex 5.96498 15.7236 4
      vertex 5.96498 15.7236 3.4
    endloop
  endfacet
  facet normal -0.864141 0.50325 0
    outer loop
      vertex 5.96498 15.7236 4
      vertex 5.94582 15.6907 3.4
      vertex 5.94582 15.6907 4
    endloop
  endfacet
  facet normal -0.849162 0.528133 0
    outer loop
      vertex 5.91833 15.6465 3.4
      vertex 5.94582 15.6907 4
      vertex 5.94582 15.6907 3.4
    endloop
  endfacet
  facet normal -0.849162 0.528133 0
    outer loop
      vertex 5.94582 15.6907 4
      vertex 5.91833 15.6465 3.4
      vertex 5.91833 15.6465 4
    endloop
  endfacet
  facet normal -0.82525 0.564768 0
    outer loop
      vertex 5.88945 15.6043 3.4
      vertex 5.91833 15.6465 4
      vertex 5.91833 15.6465 3.4
    endloop
  endfacet
  facet normal -0.82525 0.564768 0
    outer loop
      vertex 5.91833 15.6465 4
      vertex 5.88945 15.6043 3.4
      vertex 5.88945 15.6043 4
    endloop
  endfacet
  facet normal -0.79842 0.602101 0
    outer loop
      vertex 5.85921 15.5642 3.4
      vertex 5.88945 15.6043 4
      vertex 5.88945 15.6043 3.4
    endloop
  endfacet
  facet normal -0.79842 0.602101 0
    outer loop
      vertex 5.88945 15.6043 4
      vertex 5.85921 15.5642 3.4
      vertex 5.85921 15.5642 4
    endloop
  endfacet
  facet normal -0.769183 0.639029 0
    outer loop
      vertex 5.82764 15.5262 3.4
      vertex 5.85921 15.5642 4
      vertex 5.85921 15.5642 3.4
    endloop
  endfacet
  facet normal -0.769183 0.639029 0
    outer loop
      vertex 5.85921 15.5642 4
      vertex 5.82764 15.5262 3.4
      vertex 5.82764 15.5262 4
    endloop
  endfacet
  facet normal -0.737239 0.675632 0
    outer loop
      vertex 5.79474 15.4903 3.4
      vertex 5.82764 15.5262 4
      vertex 5.82764 15.5262 3.4
    endloop
  endfacet
  facet normal -0.737239 0.675632 0
    outer loop
      vertex 5.82764 15.5262 4
      vertex 5.79474 15.4903 3.4
      vertex 5.79474 15.4903 4
    endloop
  endfacet
  facet normal -0.704296 0.709906 0
    outer loop
      vertex 5.79474 15.4903 3.4
      vertex 5.76057 15.4564 4
      vertex 5.79474 15.4903 4
    endloop
  endfacet
  facet normal -0.704296 0.709906 0
    outer loop
      vertex 5.76057 15.4564 4
      vertex 5.79474 15.4903 3.4
      vertex 5.76057 15.4564 3.4
    endloop
  endfacet
  facet normal -0.666789 0.745247 0
    outer loop
      vertex 5.76057 15.4564 3.4
      vertex 5.72514 15.4247 4
      vertex 5.76057 15.4564 4
    endloop
  endfacet
  facet normal -0.666789 0.745247 0
    outer loop
      vertex 5.72514 15.4247 4
      vertex 5.76057 15.4564 3.4
      vertex 5.72514 15.4247 3.4
    endloop
  endfacet
  facet normal -0.629595 0.776924 0
    outer loop
      vertex 5.72514 15.4247 3.4
      vertex 5.68849 15.395 4
      vertex 5.72514 15.4247 4
    endloop
  endfacet
  facet normal -0.629595 0.776924 0
    outer loop
      vertex 5.68849 15.395 4
      vertex 5.72514 15.4247 3.4
      vertex 5.68849 15.395 3.4
    endloop
  endfacet
  facet normal -0.586287 0.810103 0
    outer loop
      vertex 5.68849 15.395 3.4
      vertex 5.65063 15.3676 4
      vertex 5.68849 15.395 4
    endloop
  endfacet
  facet normal -0.586287 0.810103 0
    outer loop
      vertex 5.65063 15.3676 4
      vertex 5.68849 15.395 3.4
      vertex 5.65063 15.3676 3.4
    endloop
  endfacet
  facet normal -0.545449 0.838144 0
    outer loop
      vertex 5.65063 15.3676 3.4
      vertex 5.6116 15.3422 4
      vertex 5.65063 15.3676 4
    endloop
  endfacet
  facet normal -0.545449 0.838144 0
    outer loop
      vertex 5.6116 15.3422 4
      vertex 5.65063 15.3676 3.4
      vertex 5.6116 15.3422 3.4
    endloop
  endfacet
  facet normal -0.500127 0.865952 0
    outer loop
      vertex 5.6116 15.3422 3.4
      vertex 5.57143 15.319 4
      vertex 5.6116 15.3422 4
    endloop
  endfacet
  facet normal -0.500127 0.865952 0
    outer loop
      vertex 5.57143 15.319 4
      vertex 5.6116 15.3422 3.4
      vertex 5.57143 15.319 3.4
    endloop
  endfacet
  facet normal -0.455046 0.890468 0
    outer loop
      vertex 5.57143 15.319 3.4
      vertex 5.53014 15.2979 4
      vertex 5.57143 15.319 4
    endloop
  endfacet
  facet normal -0.455046 0.890468 0
    outer loop
      vertex 5.53014 15.2979 4
      vertex 5.57143 15.319 3.4
      vertex 5.53014 15.2979 3.4
    endloop
  endfacet
  facet normal -0.407057 0.913403 0
    outer loop
      vertex 5.53014 15.2979 3.4
      vertex 5.48773 15.279 4
      vertex 5.53014 15.2979 4
    endloop
  endfacet
  facet normal -0.407057 0.913403 0
    outer loop
      vertex 5.48773 15.279 4
      vertex 5.53014 15.2979 3.4
      vertex 5.48773 15.279 3.4
    endloop
  endfacet
  facet normal -0.358691 0.933456 0
    outer loop
      vertex 5.48773 15.279 3.4
      vertex 5.44427 15.2623 4
      vertex 5.48773 15.279 4
    endloop
  endfacet
  facet normal -0.358691 0.933456 0
    outer loop
      vertex 5.44427 15.2623 4
      vertex 5.48773 15.279 3.4
      vertex 5.44427 15.2623 3.4
    endloop
  endfacet
  facet normal -0.309874 0.950778 0
    outer loop
      vertex 5.44427 15.2623 3.4
      vertex 5.39978 15.2478 4
      vertex 5.44427 15.2623 4
    endloop
  endfacet
  facet normal -0.309874 0.950778 0
    outer loop
      vertex 5.39978 15.2478 4
      vertex 5.44427 15.2623 3.4
      vertex 5.39978 15.2478 3.4
    endloop
  endfacet
  facet normal -0.260962 0.965349 0
    outer loop
      vertex 5.39978 15.2478 3.4
      vertex 5.35428 15.2355 4
      vertex 5.39978 15.2478 4
    endloop
  endfacet
  facet normal -0.260962 0.965349 0
    outer loop
      vertex 5.35428 15.2355 4
      vertex 5.39978 15.2478 3.4
      vertex 5.35428 15.2355 3.4
    endloop
  endfacet
  facet normal -0.212299 0.977205 0
    outer loop
      vertex 5.35428 15.2355 3.4
      vertex 5.30779 15.2254 4
      vertex 5.35428 15.2355 4
    endloop
  endfacet
  facet normal -0.212299 0.977205 0
    outer loop
      vertex 5.30779 15.2254 4
      vertex 5.35428 15.2355 3.4
      vertex 5.30779 15.2254 3.4
    endloop
  endfacet
  facet normal -0.164197 0.986428 0
    outer loop
      vertex 5.30779 15.2254 3.4
      vertex 5.26033 15.2175 4
      vertex 5.30779 15.2254 4
    endloop
  endfacet
  facet normal -0.164197 0.986428 0
    outer loop
      vertex 5.26033 15.2175 4
      vertex 5.30779 15.2254 3.4
      vertex 5.26033 15.2175 3.4
    endloop
  endfacet
  facet normal -0.114959 0.99337 0
    outer loop
      vertex 5.26033 15.2175 3.4
      vertex 5.21194 15.2119 4
      vertex 5.26033 15.2175 4
    endloop
  endfacet
  facet normal -0.114959 0.99337 0
    outer loop
      vertex 5.21194 15.2119 4
      vertex 5.26033 15.2175 3.4
      vertex 5.21194 15.2119 3.4
    endloop
  endfacet
  facet normal -0.0688021 0.99763 0
    outer loop
      vertex 5.21194 15.2119 3.4
      vertex 5.16264 15.2085 4
      vertex 5.21194 15.2119 4
    endloop
  endfacet
  facet normal -0.0688021 0.99763 0
    outer loop
      vertex 5.16264 15.2085 4
      vertex 5.21194 15.2119 3.4
      vertex 5.16264 15.2085 3.4
    endloop
  endfacet
  facet normal -0.0219289 0.99976 0
    outer loop
      vertex 5.16264 15.2085 3.4
      vertex 5.11249 15.2074 4
      vertex 5.16264 15.2085 4
    endloop
  endfacet
  facet normal -0.0219289 0.99976 0
    outer loop
      vertex 5.11249 15.2074 4
      vertex 5.16264 15.2085 3.4
      vertex 5.11249 15.2074 3.4
    endloop
  endfacet
  facet normal 0.0348179 0.999394 -0
    outer loop
      vertex 5.11249 15.2074 3.4
      vertex 5.02925 15.2103 4
      vertex 5.11249 15.2074 4
    endloop
  endfacet
  facet normal 0.0348179 0.999394 0
    outer loop
      vertex 5.02925 15.2103 4
      vertex 5.11249 15.2074 3.4
      vertex 5.02925 15.2103 3.4
    endloop
  endfacet
  facet normal 0.103759 0.994602 -0
    outer loop
      vertex 5.02925 15.2103 3.4
      vertex 4.94873 15.2187 4
      vertex 5.02925 15.2103 4
    endloop
  endfacet
  facet normal 0.103759 0.994602 0
    outer loop
      vertex 4.94873 15.2187 4
      vertex 5.02925 15.2103 3.4
      vertex 4.94873 15.2187 3.4
    endloop
  endfacet
  facet normal 0.177303 0.984156 -0
    outer loop
      vertex 4.94873 15.2187 3.4
      vertex 4.87102 15.2327 4
      vertex 4.94873 15.2187 4
    endloop
  endfacet
  facet normal 0.177303 0.984156 0
    outer loop
      vertex 4.87102 15.2327 4
      vertex 4.94873 15.2187 3.4
      vertex 4.87102 15.2327 3.4
    endloop
  endfacet
  facet normal 0.25009 0.968223 -0
    outer loop
      vertex 4.87102 15.2327 3.4
      vertex 4.7963 15.252 4
      vertex 4.87102 15.2327 4
    endloop
  endfacet
  facet normal 0.25009 0.968223 0
    outer loop
      vertex 4.7963 15.252 4
      vertex 4.87102 15.2327 3.4
      vertex 4.7963 15.252 3.4
    endloop
  endfacet
  facet normal 0.323709 0.946157 -0
    outer loop
      vertex 4.7963 15.252 3.4
      vertex 4.72469 15.2765 4
      vertex 4.7963 15.252 4
    endloop
  endfacet
  facet normal 0.323709 0.946157 0
    outer loop
      vertex 4.72469 15.2765 4
      vertex 4.7963 15.252 3.4
      vertex 4.72469 15.2765 3.4
    endloop
  endfacet
  facet normal 0.396122 0.918198 -0
    outer loop
      vertex 4.72469 15.2765 3.4
      vertex 4.65631 15.306 4
      vertex 4.72469 15.2765 4
    endloop
  endfacet
  facet normal 0.396122 0.918198 0
    outer loop
      vertex 4.65631 15.306 4
      vertex 4.72469 15.2765 3.4
      vertex 4.65631 15.306 3.4
    endloop
  endfacet
  facet normal 0.467988 0.883735 -0
    outer loop
      vertex 4.65631 15.306 3.4
      vertex 4.59135 15.3404 4
      vertex 4.65631 15.306 4
    endloop
  endfacet
  facet normal 0.467988 0.883735 0
    outer loop
      vertex 4.59135 15.3404 4
      vertex 4.65631 15.306 3.4
      vertex 4.59135 15.3404 3.4
    endloop
  endfacet
  facet normal 0.536893 0.84365 -0
    outer loop
      vertex 4.59135 15.3404 3.4
      vertex 4.52991 15.3795 4
      vertex 4.59135 15.3404 4
    endloop
  endfacet
  facet normal 0.536893 0.84365 0
    outer loop
      vertex 4.52991 15.3795 4
      vertex 4.59135 15.3404 3.4
      vertex 4.52991 15.3795 3.4
    endloop
  endfacet
  facet normal 0.603353 0.797475 -0
    outer loop
      vertex 4.52991 15.3795 3.4
      vertex 4.47215 15.4232 4
      vertex 4.52991 15.3795 4
    endloop
  endfacet
  facet normal 0.603353 0.797475 0
    outer loop
      vertex 4.47215 15.4232 4
      vertex 4.52991 15.3795 3.4
      vertex 4.47215 15.4232 3.4
    endloop
  endfacet
  facet normal 0.665479 0.746416 -0
    outer loop
      vertex 4.47215 15.4232 3.4
      vertex 4.4182 15.4713 4
      vertex 4.47215 15.4232 4
    endloop
  endfacet
  facet normal 0.665479 0.746416 0
    outer loop
      vertex 4.4182 15.4713 4
      vertex 4.47215 15.4232 3.4
      vertex 4.4182 15.4713 3.4
    endloop
  endfacet
  facet normal 0.72355 0.690272 0
    outer loop
      vertex 4.4182 15.4713 4
      vertex 4.36821 15.5237 3.4
      vertex 4.36821 15.5237 4
    endloop
  endfacet
  facet normal 0.72355 0.690272 0
    outer loop
      vertex 4.36821 15.5237 3.4
      vertex 4.4182 15.4713 4
      vertex 4.4182 15.4713 3.4
    endloop
  endfacet
  facet normal 0.776156 0.630541 0
    outer loop
      vertex 4.36821 15.5237 4
      vertex 4.32231 15.5802 3.4
      vertex 4.32231 15.5802 4
    endloop
  endfacet
  facet normal 0.776156 0.630541 0
    outer loop
      vertex 4.32231 15.5802 3.4
      vertex 4.36821 15.5237 4
      vertex 4.36821 15.5237 3.4
    endloop
  endfacet
  facet normal 0.823557 0.567233 0
    outer loop
      vertex 4.32231 15.5802 4
      vertex 4.28064 15.6407 3.4
      vertex 4.28064 15.6407 4
    endloop
  endfacet
  facet normal 0.823557 0.567233 0
    outer loop
      vertex 4.28064 15.6407 3.4
      vertex 4.32231 15.5802 4
      vertex 4.32231 15.5802 3.4
    endloop
  endfacet
  facet normal 0.864774 0.502162 0
    outer loop
      vertex 4.28064 15.6407 4
      vertex 4.24336 15.7049 3.4
      vertex 4.24336 15.7049 4
    endloop
  endfacet
  facet normal 0.864774 0.502162 0
    outer loop
      vertex 4.24336 15.7049 3.4
      vertex 4.28064 15.6407 4
      vertex 4.28064 15.6407 3.4
    endloop
  endfacet
  facet normal 0.90085 0.43413 0
    outer loop
      vertex 4.24336 15.7049 4
      vertex 4.21059 15.7729 3.4
      vertex 4.21059 15.7729 4
    endloop
  endfacet
  facet normal 0.90085 0.43413 0
    outer loop
      vertex 4.21059 15.7729 3.4
      vertex 4.24336 15.7049 4
      vertex 4.24336 15.7049 3.4
    endloop
  endfacet
  facet normal 0.930485 0.36633 0
    outer loop
      vertex 4.21059 15.7729 4
      vertex 4.18248 15.8443 3.4
      vertex 4.18248 15.8443 4
    endloop
  endfacet
  facet normal 0.930485 0.36633 0
    outer loop
      vertex 4.18248 15.8443 3.4
      vertex 4.21059 15.7729 4
      vertex 4.21059 15.7729 3.4
    endloop
  endfacet
  facet normal 0.954756 0.297389 0
    outer loop
      vertex 4.18248 15.8443 4
      vertex 4.15915 15.9192 3.4
      vertex 4.15915 15.9192 4
    endloop
  endfacet
  facet normal 0.954756 0.297389 0
    outer loop
      vertex 4.15915 15.9192 3.4
      vertex 4.18248 15.8443 4
      vertex 4.18248 15.8443 3.4
    endloop
  endfacet
  facet normal 0.97337 0.229241 0
    outer loop
      vertex 4.15915 15.9192 4
      vertex 4.14078 15.9972 3.4
      vertex 4.14078 15.9972 4
    endloop
  endfacet
  facet normal 0.97337 0.229241 0
    outer loop
      vertex 4.14078 15.9972 3.4
      vertex 4.15915 15.9192 4
      vertex 4.15915 15.9192 3.4
    endloop
  endfacet
  facet normal 0.986799 0.161952 0
    outer loop
      vertex 4.14078 15.9972 4
      vertex 4.12747 16.0783 3.4
      vertex 4.12747 16.0783 4
    endloop
  endfacet
  facet normal 0.986799 0.161952 0
    outer loop
      vertex 4.12747 16.0783 3.4
      vertex 4.14078 15.9972 4
      vertex 4.14078 15.9972 3.4
    endloop
  endfacet
  facet normal 0.995394 0.0958659 0
    outer loop
      vertex 4.12747 16.0783 4
      vertex 4.11938 16.1623 3.4
      vertex 4.11938 16.1623 4
    endloop
  endfacet
  facet normal 0.995394 0.0958659 0
    outer loop
      vertex 4.11938 16.1623 3.4
      vertex 4.12747 16.0783 4
      vertex 4.12747 16.0783 3.4
    endloop
  endfacet
  facet normal 0.999513 0.031206 0
    outer loop
      vertex 4.11938 16.1623 4
      vertex 4.11667 16.2491 3.4
      vertex 4.11667 16.2491 4
    endloop
  endfacet
  facet normal 0.999513 0.031206 0
    outer loop
      vertex 4.11667 16.2491 3.4
      vertex 4.11938 16.1623 4
      vertex 4.11938 16.1623 3.4
    endloop
  endfacet
  facet normal 0.999604 -0.0281431 0
    outer loop
      vertex 4.11667 16.2491 4
      vertex 4.11908 16.3347 3.4
      vertex 4.11908 16.3347 4
    endloop
  endfacet
  facet normal 0.999604 -0.0281431 0
    outer loop
      vertex 4.11908 16.3347 3.4
      vertex 4.11667 16.2491 4
      vertex 4.11667 16.2491 3.4
    endloop
  endfacet
  facet normal 0.996272 -0.0862714 0
    outer loop
      vertex 4.11908 16.3347 4
      vertex 4.12625 16.4175 3.4
      vertex 4.12625 16.4175 4
    endloop
  endfacet
  facet normal 0.996272 -0.0862714 0
    outer loop
      vertex 4.12625 16.4175 3.4
      vertex 4.11908 16.3347 4
      vertex 4.11908 16.3347 3.4
    endloop
  endfacet
  facet normal 0.98927 -0.1461 0
    outer loop
      vertex 4.12625 16.4175 4
      vertex 4.13805 16.4974 3.4
      vertex 4.13805 16.4974 4
    endloop
  endfacet
  facet normal 0.98927 -0.1461 0
    outer loop
      vertex 4.13805 16.4974 3.4
      vertex 4.12625 16.4175 4
      vertex 4.12625 16.4175 3.4
    endloop
  endfacet
  facet normal 0.978291 -0.207235 0
    outer loop
      vertex 4.13805 16.4974 4
      vertex 4.15434 16.5743 3.4
      vertex 4.15434 16.5743 4
    endloop
  endfacet
  facet normal 0.978291 -0.207235 0
    outer loop
      vertex 4.15434 16.5743 3.4
      vertex 4.13805 16.4974 4
      vertex 4.13805 16.4974 3.4
    endloop
  endfacet
  facet normal 0.962815 -0.270163 0
    outer loop
      vertex 4.15434 16.5743 4
      vertex 4.17502 16.648 3.4
      vertex 4.17502 16.648 4
    endloop
  endfacet
  facet normal 0.962815 -0.270163 0
    outer loop
      vertex 4.17502 16.648 3.4
      vertex 4.15434 16.5743 4
      vertex 4.15434 16.5743 3.4
    endloop
  endfacet
  facet normal 0.942492 -0.334229 0
    outer loop
      vertex 4.17502 16.648 4
      vertex 4.19995 16.7183 3.4
      vertex 4.19995 16.7183 4
    endloop
  endfacet
  facet normal 0.942492 -0.334229 0
    outer loop
      vertex 4.19995 16.7183 3.4
      vertex 4.17502 16.648 4
      vertex 4.17502 16.648 3.4
    endloop
  endfacet
  facet normal 0.917255 -0.3983 0
    outer loop
      vertex 4.19995 16.7183 4
      vertex 4.229 16.7852 3.4
      vertex 4.229 16.7852 4
    endloop
  endfacet
  facet normal 0.917255 -0.3983 0
    outer loop
      vertex 4.229 16.7852 3.4
      vertex 4.19995 16.7183 4
      vertex 4.19995 16.7183 3.4
    endloop
  endfacet
  facet normal 0.886032 -0.463625 0
    outer loop
      vertex 4.229 16.7852 4
      vertex 4.26207 16.8484 3.4
      vertex 4.26207 16.8484 4
    endloop
  endfacet
  facet normal 0.886032 -0.463625 0
    outer loop
      vertex 4.26207 16.8484 3.4
      vertex 4.229 16.7852 4
      vertex 4.229 16.7852 3.4
    endloop
  endfacet
  facet normal 0.849583 -0.527455 0
    outer loop
      vertex 4.26207 16.8484 4
      vertex 4.29901 16.9079 3.4
      vertex 4.29901 16.9079 4
    endloop
  endfacet
  facet normal 0.849583 -0.527455 0
    outer loop
      vertex 4.29901 16.9079 3.4
      vertex 4.26207 16.8484 4
      vertex 4.26207 16.8484 3.4
    endloop
  endfacet
  facet normal 0.806336 -0.591458 0
    outer loop
      vertex 4.29901 16.9079 4
      vertex 4.33972 16.9634 3.4
      vertex 4.33972 16.9634 4
    endloop
  endfacet
  facet normal 0.806336 -0.591458 0
    outer loop
      vertex 4.33972 16.9634 3.4
      vertex 4.29901 16.9079 4
      vertex 4.29901 16.9079 3.4
    endloop
  endfacet
  facet normal 0.757821 -0.652462 0
    outer loop
      vertex 4.33972 16.9634 4
      vertex 4.38406 17.0149 3.4
      vertex 4.38406 17.0149 4
    endloop
  endfacet
  facet normal 0.757821 -0.652462 0
    outer loop
      vertex 4.38406 17.0149 3.4
      vertex 4.33972 16.9634 4
      vertex 4.33972 16.9634 3.4
    endloop
  endfacet
  facet normal 0.702933 -0.711256 0
    outer loop
      vertex 4.38406 17.0149 3.4
      vertex 4.43192 17.0622 4
      vertex 4.38406 17.0149 4
    endloop
  endfacet
  facet normal 0.702933 -0.711256 0
    outer loop
      vertex 4.43192 17.0622 4
      vertex 4.38406 17.0149 3.4
      vertex 4.43192 17.0622 3.4
    endloop
  endfacet
  facet normal 0.642096 -0.766624 0
    outer loop
      vertex 4.43192 17.0622 3.4
      vertex 4.48314 17.1051 4
      vertex 4.43192 17.0622 4
    endloop
  endfacet
  facet normal 0.642096 -0.766624 0
    outer loop
      vertex 4.48314 17.1051 4
      vertex 4.43192 17.0622 3.4
      vertex 4.48314 17.1051 3.4
    endloop
  endfacet
  facet normal 0.575976 -0.817466 0
    outer loop
      vertex 4.48314 17.1051 3.4
      vertex 4.53764 17.1435 4
      vertex 4.48314 17.1051 4
    endloop
  endfacet
  facet normal 0.575976 -0.817466 0
    outer loop
      vertex 4.53764 17.1435 4
      vertex 4.48314 17.1051 3.4
      vertex 4.53764 17.1435 3.4
    endloop
  endfacet
  facet normal 0.505842 -0.862626 0
    outer loop
      vertex 4.53764 17.1435 3.4
      vertex 4.59528 17.1773 4
      vertex 4.53764 17.1435 4
    endloop
  endfacet
  facet normal 0.505842 -0.862626 0
    outer loop
      vertex 4.59528 17.1773 4
      vertex 4.53764 17.1435 3.4
      vertex 4.59528 17.1773 3.4
    endloop
  endfacet
  facet normal 0.43028 -0.902695 0
    outer loop
      vertex 4.59528 17.1773 3.4
      vertex 4.65591 17.2062 4
      vertex 4.59528 17.1773 4
    endloop
  endfacet
  facet normal 0.43028 -0.902695 0
    outer loop
      vertex 4.65591 17.2062 4
      vertex 4.59528 17.1773 3.4
      vertex 4.65591 17.2062 3.4
    endloop
  endfacet
  facet normal 0.354636 -0.935004 0
    outer loop
      vertex 4.65591 17.2062 3.4
      vertex 4.71945 17.2303 4
      vertex 4.65591 17.2062 4
    endloop
  endfacet
  facet normal 0.354636 -0.935004 0
    outer loop
      vertex 4.71945 17.2303 4
      vertex 4.65591 17.2062 3.4
      vertex 4.71945 17.2303 3.4
    endloop
  endfacet
  facet normal 0.274146 -0.961688 0
    outer loop
      vertex 4.71945 17.2303 3.4
      vertex 4.78575 17.2492 4
      vertex 4.71945 17.2303 4
    endloop
  endfacet
  facet normal 0.274146 -0.961688 0
    outer loop
      vertex 4.78575 17.2492 4
      vertex 4.71945 17.2303 3.4
      vertex 4.78575 17.2492 3.4
    endloop
  endfacet
  facet normal 0.194912 -0.980821 0
    outer loop
      vertex 4.78575 17.2492 3.4
      vertex 4.85469 17.2629 4
      vertex 4.78575 17.2492 4
    endloop
  endfacet
  facet normal 0.194912 -0.980821 0
    outer loop
      vertex 4.85469 17.2629 4
      vertex 4.78575 17.2492 3.4
      vertex 4.85469 17.2629 3.4
    endloop
  endfacet
  facet normal 0.115405 -0.993319 0
    outer loop
      vertex 4.85469 17.2629 3.4
      vertex 4.92613 17.2712 4
      vertex 4.85469 17.2629 4
    endloop
  endfacet
  facet normal 0.115405 -0.993319 0
    outer loop
      vertex 4.92613 17.2712 4
      vertex 4.85469 17.2629 3.4
      vertex 4.92613 17.2712 3.4
    endloop
  endfacet
  facet normal 0.0378875 -0.999282 0
    outer loop
      vertex 4.92613 17.2712 3.4
      vertex 4.99998 17.274 4
      vertex 4.92613 17.2712 4
    endloop
  endfacet
  facet normal 0.0378875 -0.999282 0
    outer loop
      vertex 4.99998 17.274 4
      vertex 4.92613 17.2712 3.4
      vertex 4.99998 17.274 3.4
    endloop
  endfacet
  facet normal -0.0093585 -0.999956 0
    outer loop
      vertex 4.99998 17.274 3.4
      vertex 5.02135 17.2738 4
      vertex 4.99998 17.274 4
    endloop
  endfacet
  facet normal -0.0093585 -0.999956 -0
    outer loop
      vertex 5.02135 17.2738 4
      vertex 4.99998 17.274 3.4
      vertex 5.02135 17.2738 3.4
    endloop
  endfacet
  facet normal -0.0423747 -0.999102 0
    outer loop
      vertex 5.02135 17.2738 3.4
      vertex 5.04257 17.2729 4
      vertex 5.02135 17.2738 4
    endloop
  endfacet
  facet normal -0.0423747 -0.999102 -0
    outer loop
      vertex 5.04257 17.2729 4
      vertex 5.02135 17.2738 3.4
      vertex 5.04257 17.2729 3.4
    endloop
  endfacet
  facet normal -0.066299 -0.9978 0
    outer loop
      vertex 5.04257 17.2729 3.4
      vertex 5.06364 17.2715 4
      vertex 5.04257 17.2729 4
    endloop
  endfacet
  facet normal -0.066299 -0.9978 -0
    outer loop
      vertex 5.06364 17.2715 4
      vertex 5.04257 17.2729 3.4
      vertex 5.06364 17.2715 3.4
    endloop
  endfacet
  facet normal -0.0907079 -0.995878 0
    outer loop
      vertex 5.06364 17.2715 3.4
      vertex 5.0845 17.2696 4
      vertex 5.06364 17.2715 4
    endloop
  endfacet
  facet normal -0.0907079 -0.995878 -0
    outer loop
      vertex 5.0845 17.2696 4
      vertex 5.06364 17.2715 3.4
      vertex 5.0845 17.2696 3.4
    endloop
  endfacet
  facet normal -0.115446 -0.993314 0
    outer loop
      vertex 5.0845 17.2696 3.4
      vertex 5.10515 17.2672 4
      vertex 5.0845 17.2696 4
    endloop
  endfacet
  facet normal -0.115446 -0.993314 -0
    outer loop
      vertex 5.10515 17.2672 4
      vertex 5.0845 17.2696 3.4
      vertex 5.10515 17.2672 3.4
    endloop
  endfacet
  facet normal -0.145494 -0.989359 0
    outer loop
      vertex 5.10515 17.2672 3.4
      vertex 5.12555 17.2642 4
      vertex 5.10515 17.2672 4
    endloop
  endfacet
  facet normal -0.145494 -0.989359 -0
    outer loop
      vertex 5.12555 17.2642 4
      vertex 5.10515 17.2672 3.4
      vertex 5.12555 17.2642 3.4
    endloop
  endfacet
  facet normal -0.166704 -0.986007 0
    outer loop
      vertex 5.12555 17.2642 3.4
      vertex 5.14566 17.2608 4
      vertex 5.12555 17.2642 4
    endloop
  endfacet
  facet normal -0.166704 -0.986007 -0
    outer loop
      vertex 5.14566 17.2608 4
      vertex 5.12555 17.2642 3.4
      vertex 5.14566 17.2608 3.4
    endloop
  endfacet
  facet normal -0.197828 -0.980237 0
    outer loop
      vertex 5.14566 17.2608 3.4
      vertex 5.16548 17.2568 4
      vertex 5.14566 17.2608 4
    endloop
  endfacet
  facet normal -0.197828 -0.980237 -0
    outer loop
      vertex 5.16548 17.2568 4
      vertex 5.14566 17.2608 3.4
      vertex 5.16548 17.2568 3.4
    endloop
  endfacet
  facet normal -0.220107 -0.975476 0
    outer loop
      vertex 5.16548 17.2568 3.4
      vertex 5.18498 17.2524 4
      vertex 5.16548 17.2568 4
    endloop
  endfacet
  facet normal -0.220107 -0.975476 -0
    outer loop
      vertex 5.18498 17.2524 4
      vertex 5.16548 17.2568 3.4
      vertex 5.18498 17.2524 3.4
    endloop
  endfacet
  facet normal -0.248253 -0.968695 0
    outer loop
      vertex 5.18498 17.2524 3.4
      vertex 5.2041 17.2475 4
      vertex 5.18498 17.2524 4
    endloop
  endfacet
  facet normal -0.248253 -0.968695 -0
    outer loop
      vertex 5.2041 17.2475 4
      vertex 5.18498 17.2524 3.4
      vertex 5.2041 17.2475 3.4
    endloop
  endfacet
  facet normal -0.276751 -0.960942 0
    outer loop
      vertex 5.2041 17.2475 3.4
      vertex 5.22285 17.2421 4
      vertex 5.2041 17.2475 4
    endloop
  endfacet
  facet normal -0.276751 -0.960942 -0
    outer loop
      vertex 5.22285 17.2421 4
      vertex 5.2041 17.2475 3.4
      vertex 5.22285 17.2421 3.4
    endloop
  endfacet
  facet normal -0.30138 -0.953504 0
    outer loop
      vertex 5.22285 17.2421 3.4
      vertex 5.2412 17.2363 4
      vertex 5.22285 17.2421 4
    endloop
  endfacet
  facet normal -0.30138 -0.953504 -0
    outer loop
      vertex 5.2412 17.2363 4
      vertex 5.22285 17.2421 3.4
      vertex 5.2412 17.2363 3.4
    endloop
  endfacet
  facet normal -0.327455 -0.944867 0
    outer loop
      vertex 5.2412 17.2363 3.4
      vertex 5.25909 17.2301 4
      vertex 5.2412 17.2363 4
    endloop
  endfacet
  facet normal -0.327455 -0.944867 -0
    outer loop
      vertex 5.25909 17.2301 4
      vertex 5.2412 17.2363 3.4
      vertex 5.25909 17.2301 3.4
    endloop
  endfacet
  facet normal -0.358441 -0.933552 0
    outer loop
      vertex 5.25909 17.2301 3.4
      vertex 5.27654 17.2234 4
      vertex 5.25909 17.2301 4
    endloop
  endfacet
  facet normal -0.358441 -0.933552 -0
    outer loop
      vertex 5.27654 17.2234 4
      vertex 5.25909 17.2301 3.4
      vertex 5.27654 17.2234 3.4
    endloop
  endfacet
  facet normal -0.386353 -0.922351 0
    outer loop
      vertex 5.27654 17.2234 3.4
      vertex 5.29349 17.2163 4
      vertex 5.27654 17.2234 4
    endloop
  endfacet
  facet normal -0.386353 -0.922351 -0
    outer loop
      vertex 5.29349 17.2163 4
      vertex 5.27654 17.2234 3.4
      vertex 5.29349 17.2163 3.4
    endloop
  endfacet
  facet normal -0.410873 -0.911693 0
    outer loop
      vertex 5.29349 17.2163 3.4
      vertex 5.30991 17.2089 4
      vertex 5.29349 17.2163 4
    endloop
  endfacet
  facet normal -0.410873 -0.911693 -0
    outer loop
      vertex 5.30991 17.2089 4
      vertex 5.29349 17.2163 3.4
      vertex 5.30991 17.2089 3.4
    endloop
  endfacet
  facet normal -0.445408 -0.895327 0
    outer loop
      vertex 5.30991 17.2089 3.4
      vertex 5.32579 17.201 4
      vertex 5.30991 17.2089 4
    endloop
  endfacet
  facet normal -0.445408 -0.895327 -0
    outer loop
      vertex 5.32579 17.201 4
      vertex 5.30991 17.2089 3.4
      vertex 5.32579 17.201 3.4
    endloop
  endfacet
  facet normal -0.476838 -0.878991 0
    outer loop
      vertex 5.32579 17.201 3.4
      vertex 5.34109 17.1927 4
      vertex 5.32579 17.201 4
    endloop
  endfacet
  facet normal -0.476838 -0.878991 -0
    outer loop
      vertex 5.34109 17.1927 4
      vertex 5.32579 17.201 3.4
      vertex 5.34109 17.1927 3.4
    endloop
  endfacet
  facet normal -0.50471 -0.863289 0
    outer loop
      vertex 5.34109 17.1927 3.4
      vertex 5.3558 17.1841 4
      vertex 5.34109 17.1927 4
    endloop
  endfacet
  facet normal -0.50471 -0.863289 -0
    outer loop
      vertex 5.3558 17.1841 4
      vertex 5.34109 17.1927 3.4
      vertex 5.3558 17.1841 3.4
    endloop
  endfacet
  facet normal -0.538307 -0.842749 0
    outer loop
      vertex 5.3558 17.1841 3.4
      vertex 5.36989 17.1751 4
      vertex 5.3558 17.1841 4
    endloop
  endfacet
  facet normal -0.538307 -0.842749 -0
    outer loop
      vertex 5.36989 17.1751 4
      vertex 5.3558 17.1841 3.4
      vertex 5.36989 17.1751 3.4
    endloop
  endfacet
  facet normal -0.573421 -0.819261 0
    outer loop
      vertex 5.36989 17.1751 3.4
      vertex 5.38332 17.1657 4
      vertex 5.36989 17.1751 4
    endloop
  endfacet
  facet normal -0.573421 -0.819261 -0
    outer loop
      vertex 5.38332 17.1657 4
      vertex 5.36989 17.1751 3.4
      vertex 5.38332 17.1657 3.4
    endloop
  endfacet
  facet normal -0.571507 -0.820597 0
    outer loop
      vertex 5.38332 17.1657 3.4
      vertex 5.39093 17.1604 4
      vertex 5.38332 17.1657 4
    endloop
  endfacet
  facet normal -0.571507 -0.820597 -0
    outer loop
      vertex 5.39093 17.1604 4
      vertex 5.38332 17.1657 3.4
      vertex 5.39093 17.1604 3.4
    endloop
  endfacet
  facet normal -0.598084 -0.801433 0
    outer loop
      vertex 5.39093 17.1604 3.4
      vertex 5.3983 17.1549 4
      vertex 5.39093 17.1604 4
    endloop
  endfacet
  facet normal -0.598084 -0.801433 -0
    outer loop
      vertex 5.3983 17.1549 4
      vertex 5.39093 17.1604 3.4
      vertex 5.3983 17.1549 3.4
    endloop
  endfacet
  facet normal -0.60704 -0.794671 0
    outer loop
      vertex 5.3983 17.1549 3.4
      vertex 5.4055 17.1494 4
      vertex 5.3983 17.1549 4
    endloop
  endfacet
  facet normal -0.60704 -0.794671 -0
    outer loop
      vertex 5.4055 17.1494 4
      vertex 5.3983 17.1549 3.4
      vertex 5.4055 17.1494 3.4
    endloop
  endfacet
  facet normal -0.620362 -0.784315 0
    outer loop
      vertex 5.4055 17.1494 3.4
      vertex 5.41258 17.1438 4
      vertex 5.4055 17.1494 4
    endloop
  endfacet
  facet normal -0.620362 -0.784315 -0
    outer loop
      vertex 5.41258 17.1438 4
      vertex 5.4055 17.1494 3.4
      vertex 5.41258 17.1438 3.4
    endloop
  endfacet
  facet normal -0.636938 -0.770915 0
    outer loop
      vertex 5.41258 17.1438 3.4
      vertex 5.4196 17.138 4
      vertex 5.41258 17.1438 4
    endloop
  endfacet
  facet normal -0.636938 -0.770915 -0
    outer loop
      vertex 5.4196 17.138 4
      vertex 5.41258 17.1438 3.4
      vertex 5.4196 17.138 3.4
    endloop
  endfacet
  facet normal -0.656445 -0.754374 0
    outer loop
      vertex 5.4196 17.138 3.4
      vertex 5.42661 17.1319 4
      vertex 5.4196 17.138 4
    endloop
  endfacet
  facet normal -0.656445 -0.754374 -0
    outer loop
      vertex 5.42661 17.1319 4
      vertex 5.4196 17.138 3.4
      vertex 5.42661 17.1319 3.4
    endloop
  endfacet
  facet normal -0.667383 -0.744715 0
    outer loop
      vertex 5.42661 17.1319 3.4
      vertex 5.43364 17.1256 4
      vertex 5.42661 17.1319 4
    endloop
  endfacet
  facet normal -0.667383 -0.744715 -0
    outer loop
      vertex 5.43364 17.1256 4
      vertex 5.42661 17.1319 3.4
      vertex 5.43364 17.1256 3.4
    endloop
  endfacet
  facet normal -0.684791 -0.72874 0
    outer loop
      vertex 5.43364 17.1256 3.4
      vertex 5.44077 17.1189 4
      vertex 5.43364 17.1256 4
    endloop
  endfacet
  facet normal -0.684791 -0.72874 -0
    outer loop
      vertex 5.44077 17.1189 4
      vertex 5.43364 17.1256 3.4
      vertex 5.44077 17.1189 3.4
    endloop
  endfacet
  facet normal -0.692614 -0.721308 0
    outer loop
      vertex 5.44077 17.1189 3.4
      vertex 5.44806 17.1119 4
      vertex 5.44077 17.1189 4
    endloop
  endfacet
  facet normal -0.692614 -0.721308 -0
    outer loop
      vertex 5.44806 17.1119 4
      vertex 5.44077 17.1189 3.4
      vertex 5.44806 17.1119 3.4
    endloop
  endfacet
  facet normal -0.703295 -0.710898 0
    outer loop
      vertex 5.44806 17.1119 3.4
      vertex 5.45554 17.1045 4
      vertex 5.44806 17.1119 4
    endloop
  endfacet
  facet normal -0.703295 -0.710898 -0
    outer loop
      vertex 5.45554 17.1045 4
      vertex 5.44806 17.1119 3.4
      vertex 5.45554 17.1045 3.4
    endloop
  endfacet
  facet normal -0.714755 -0.699375 0
    outer loop
      vertex 5.46327 17.0966 3.4
      vertex 5.45554 17.1045 4
      vertex 5.45554 17.1045 3.4
    endloop
  endfacet
  facet normal -0.714755 -0.699375 0
    outer loop
      vertex 5.45554 17.1045 4
      vertex 5.46327 17.0966 3.4
      vertex 5.46327 17.0966 4
    endloop
  endfacet
  facet normal -0.721559 -0.692353 0
    outer loop
      vertex 5.47133 17.0882 3.4
      vertex 5.46327 17.0966 4
      vertex 5.46327 17.0966 3.4
    endloop
  endfacet
  facet normal -0.721559 -0.692353 0
    outer loop
      vertex 5.46327 17.0966 4
      vertex 5.47133 17.0882 3.4
      vertex 5.47133 17.0882 4
    endloop
  endfacet
  facet normal -0.726832 -0.686815 0
    outer loop
      vertex 5.47974 17.0793 3.4
      vertex 5.47133 17.0882 4
      vertex 5.47133 17.0882 3.4
    endloop
  endfacet
  facet normal -0.726832 -0.686815 0
    outer loop
      vertex 5.47133 17.0882 4
      vertex 5.47974 17.0793 3.4
      vertex 5.47974 17.0793 4
    endloop
  endfacet
  facet normal -0.736007 -0.676973 0
    outer loop
      vertex 5.48857 17.0697 3.4
      vertex 5.47974 17.0793 4
      vertex 5.47974 17.0793 3.4
    endloop
  endfacet
  facet normal -0.736007 -0.676973 0
    outer loop
      vertex 5.47974 17.0793 4
      vertex 5.48857 17.0697 3.4
      vertex 5.48857 17.0697 4
    endloop
  endfacet
  facet normal -0.735278 -0.677766 0
    outer loop
      vertex 5.49788 17.0596 3.4
      vertex 5.48857 17.0697 4
      vertex 5.48857 17.0697 3.4
    endloop
  endfacet
  facet normal -0.735278 -0.677766 0
    outer loop
      vertex 5.48857 17.0697 4
      vertex 5.49788 17.0596 3.4
      vertex 5.49788 17.0596 4
    endloop
  endfacet
  facet normal -0.742616 -0.669717 0
    outer loop
      vertex 5.50771 17.0487 3.4
      vertex 5.49788 17.0596 4
      vertex 5.49788 17.0596 3.4
    endloop
  endfacet
  facet normal -0.742616 -0.669717 0
    outer loop
      vertex 5.49788 17.0596 4
      vertex 5.50771 17.0487 3.4
      vertex 5.50771 17.0487 4
    endloop
  endfacet
  facet normal -0.745452 -0.666559 0
    outer loop
      vertex 5.52917 17.0247 3.4
      vertex 5.50771 17.0487 4
      vertex 5.50771 17.0487 3.4
    endloop
  endfacet
  facet normal -0.745452 -0.666559 0
    outer loop
      vertex 5.50771 17.0487 4
      vertex 5.52917 17.0247 3.4
      vertex 5.52917 17.0247 4
    endloop
  endfacet
  facet normal -0.748463 -0.663177 0
    outer loop
      vertex 5.56665 16.9824 3.4
      vertex 5.52917 17.0247 4
      vertex 5.52917 17.0247 3.4
    endloop
  endfacet
  facet normal -0.748463 -0.663177 0
    outer loop
      vertex 5.52917 17.0247 4
      vertex 5.56665 16.9824 3.4
      vertex 5.56665 16.9824 4
    endloop
  endfacet
  facet normal 0.999908 0.0135837 0
    outer loop
      vertex 5.56665 16.9824 4
      vertex 5.56557 17.0619 3.4
      vertex 5.56557 17.0619 4
    endloop
  endfacet
  facet normal 0.999908 0.0135837 0
    outer loop
      vertex 5.56557 17.0619 3.4
      vertex 5.56665 16.9824 4
      vertex 5.56665 16.9824 3.4
    endloop
  endfacet
  facet normal 0.999078 0.0429312 0
    outer loop
      vertex 5.56557 17.0619 4
      vertex 5.56233 17.1373 3.4
      vertex 5.56233 17.1373 4
    endloop
  endfacet
  facet normal 0.999078 0.0429312 0
    outer loop
      vertex 5.56233 17.1373 3.4
      vertex 5.56557 17.0619 4
      vertex 5.56557 17.0619 3.4
    endloop
  endfacet
  facet normal 0.99715 0.0754487 0
    outer loop
      vertex 5.56233 17.1373 4
      vertex 5.55692 17.2088 3.4
      vertex 5.55692 17.2088 4
    endloop
  endfacet
  facet normal 0.99715 0.0754487 0
    outer loop
      vertex 5.55692 17.2088 3.4
      vertex 5.56233 17.1373 4
      vertex 5.56233 17.1373 3.4
    endloop
  endfacet
  facet normal 0.993701 0.112068 0
    outer loop
      vertex 5.55692 17.2088 4
      vertex 5.54933 17.2761 3.4
      vertex 5.54933 17.2761 4
    endloop
  endfacet
  facet normal 0.993701 0.112068 0
    outer loop
      vertex 5.54933 17.2761 3.4
      vertex 5.55692 17.2088 4
      vertex 5.55692 17.2088 3.4
    endloop
  endfacet
  facet normal 0.98831 0.152455 0
    outer loop
      vertex 5.54933 17.2761 4
      vertex 5.53955 17.3395 3.4
      vertex 5.53955 17.3395 4
    endloop
  endfacet
  facet normal 0.98831 0.152455 0
    outer loop
      vertex 5.53955 17.3395 3.4
      vertex 5.54933 17.2761 4
      vertex 5.54933 17.2761 3.4
    endloop
  endfacet
  facet normal 0.980326 0.197385 0
    outer loop
      vertex 5.53955 17.3395 4
      vertex 5.52759 17.3989 3.4
      vertex 5.52759 17.3989 4
    endloop
  endfacet
  facet normal 0.980326 0.197385 0
    outer loop
      vertex 5.52759 17.3989 3.4
      vertex 5.53955 17.3395 4
      vertex 5.53955 17.3395 3.4
    endloop
  endfacet
  facet normal 0.968769 0.247963 0
    outer loop
      vertex 5.52759 17.3989 4
      vertex 5.51341 17.4543 3.4
      vertex 5.51341 17.4543 4
    endloop
  endfacet
  facet normal 0.968769 0.247963 0
    outer loop
      vertex 5.51341 17.4543 3.4
      vertex 5.52759 17.3989 4
      vertex 5.52759 17.3989 3.4
    endloop
  endfacet
  facet normal 0.952906 0.303265 0
    outer loop
      vertex 5.51341 17.4543 4
      vertex 5.49702 17.5058 3.4
      vertex 5.49702 17.5058 4
    endloop
  endfacet
  facet normal 0.952906 0.303265 0
    outer loop
      vertex 5.49702 17.5058 3.4
      vertex 5.51341 17.4543 4
      vertex 5.51341 17.4543 3.4
    endloop
  endfacet
  facet normal 0.931156 0.364621 0
    outer loop
      vertex 5.49702 17.5058 4
      vertex 5.47842 17.5533 3.4
      vertex 5.47842 17.5533 4
    endloop
  endfacet
  facet normal 0.931156 0.364621 0
    outer loop
      vertex 5.47842 17.5533 3.4
      vertex 5.49702 17.5058 4
      vertex 5.49702 17.5058 3.4
    endloop
  endfacet
  facet normal 0.902393 0.430913 0
    outer loop
      vertex 5.47842 17.5533 4
      vertex 5.4576 17.5969 3.4
      vertex 5.4576 17.5969 4
    endloop
  endfacet
  facet normal 0.902393 0.430913 0
    outer loop
      vertex 5.4576 17.5969 3.4
      vertex 5.47842 17.5533 4
      vertex 5.47842 17.5533 3.4
    endloop
  endfacet
  facet normal 0.865069 0.501653 0
    outer loop
      vertex 5.4576 17.5969 4
      vertex 5.43452 17.6367 3.4
      vertex 5.43452 17.6367 4
    endloop
  endfacet
  facet normal 0.865069 0.501653 0
    outer loop
      vertex 5.43452 17.6367 3.4
      vertex 5.4576 17.5969 4
      vertex 5.4576 17.5969 3.4
    endloop
  endfacet
  facet normal 0.816544 0.577283 0
    outer loop
      vertex 5.43452 17.6367 4
      vertex 5.40921 17.6725 3.4
      vertex 5.40921 17.6725 4
    endloop
  endfacet
  facet normal 0.816544 0.577283 0
    outer loop
      vertex 5.40921 17.6725 3.4
      vertex 5.43452 17.6367 4
      vertex 5.43452 17.6367 3.4
    endloop
  endfacet
  facet normal 0.757717 0.652584 0
    outer loop
      vertex 5.40921 17.6725 4
      vertex 5.38165 17.7045 3.4
      vertex 5.38165 17.7045 4
    endloop
  endfacet
  facet normal 0.757717 0.652584 0
    outer loop
      vertex 5.38165 17.7045 3.4
      vertex 5.40921 17.6725 4
      vertex 5.40921 17.6725 3.4
    endloop
  endfacet
  facet normal 0.687217 0.726452 -0
    outer loop
      vertex 5.38165 17.7045 3.4
      vertex 5.35184 17.7327 4
      vertex 5.38165 17.7045 4
    endloop
  endfacet
  facet normal 0.687217 0.726452 0
    outer loop
      vertex 5.35184 17.7327 4
      vertex 5.38165 17.7045 3.4
      vertex 5.35184 17.7327 3.4
    endloop
  endfacet
  facet normal 0.605266 0.796024 -0
    outer loop
      vertex 5.35184 17.7327 3.4
      vertex 5.31975 17.7571 4
      vertex 5.35184 17.7327 4
    endloop
  endfacet
  facet normal 0.605266 0.796024 0
    outer loop
      vertex 5.31975 17.7571 4
      vertex 5.35184 17.7327 3.4
      vertex 5.31975 17.7571 3.4
    endloop
  endfacet
  facet normal 0.512362 0.858769 -0
    outer loop
      vertex 5.31975 17.7571 3.4
      vertex 5.28539 17.7776 4
      vertex 5.31975 17.7571 4
    endloop
  endfacet
  facet normal 0.512362 0.858769 0
    outer loop
      vertex 5.28539 17.7776 4
      vertex 5.31975 17.7571 3.4
      vertex 5.28539 17.7776 3.4
    endloop
  endfacet
  facet normal 0.416603 0.909088 -0
    outer loop
      vertex 5.28539 17.7776 3.4
      vertex 5.24873 17.7944 4
      vertex 5.28539 17.7776 4
    endloop
  endfacet
  facet normal 0.416603 0.909088 0
    outer loop
      vertex 5.24873 17.7944 4
      vertex 5.28539 17.7776 3.4
      vertex 5.24873 17.7944 3.4
    endloop
  endfacet
  facet normal 0.316666 0.948537 -0
    outer loop
      vertex 5.24873 17.7944 3.4
      vertex 5.20979 17.8074 4
      vertex 5.24873 17.7944 4
    endloop
  endfacet
  facet normal 0.316666 0.948537 0
    outer loop
      vertex 5.20979 17.8074 4
      vertex 5.24873 17.7944 3.4
      vertex 5.20979 17.8074 3.4
    endloop
  endfacet
  facet normal 0.220036 0.975492 -0
    outer loop
      vertex 5.20979 17.8074 3.4
      vertex 5.16856 17.8167 4
      vertex 5.20979 17.8074 4
    endloop
  endfacet
  facet normal 0.220036 0.975492 0
    outer loop
      vertex 5.16856 17.8167 4
      vertex 5.20979 17.8074 3.4
      vertex 5.16856 17.8167 3.4
    endloop
  endfacet
  facet normal 0.125325 0.992116 -0
    outer loop
      vertex 5.16856 17.8167 3.4
      vertex 5.12502 17.8222 4
      vertex 5.16856 17.8167 4
    endloop
  endfacet
  facet normal 0.125325 0.992116 0
    outer loop
      vertex 5.12502 17.8222 4
      vertex 5.16856 17.8167 3.4
      vertex 5.12502 17.8222 3.4
    endloop
  endfacet
  facet normal 0.0413859 0.999143 -0
    outer loop
      vertex 5.12502 17.8222 3.4
      vertex 5.07915 17.8241 4
      vertex 5.12502 17.8222 4
    endloop
  endfacet
  facet normal 0.0413859 0.999143 0
    outer loop
      vertex 5.07915 17.8241 4
      vertex 5.12502 17.8222 3.4
      vertex 5.07915 17.8241 3.4
    endloop
  endfacet
  facet normal -0.0273215 0.999627 0
    outer loop
      vertex 5.07915 17.8241 3.4
      vertex 5.04988 17.8233 4
      vertex 5.07915 17.8241 4
    endloop
  endfacet
  facet normal -0.0273215 0.999627 0
    outer loop
      vertex 5.04988 17.8233 4
      vertex 5.07915 17.8241 3.4
      vertex 5.04988 17.8233 3.4
    endloop
  endfacet
  facet normal -0.0810904 0.996707 0
    outer loop
      vertex 5.04988 17.8233 3.4
      vertex 5.02161 17.821 4
      vertex 5.04988 17.8233 4
    endloop
  endfacet
  facet normal -0.0810904 0.996707 0
    outer loop
      vertex 5.02161 17.821 4
      vertex 5.04988 17.8233 3.4
      vertex 5.02161 17.821 3.4
    endloop
  endfacet
  facet normal -0.134594 0.990901 0
    outer loop
      vertex 5.02161 17.821 3.4
      vertex 4.99437 17.8173 4
      vertex 5.02161 17.821 4
    endloop
  endfacet
  facet normal -0.134594 0.990901 0
    outer loop
      vertex 4.99437 17.8173 4
      vertex 5.02161 17.821 3.4
      vertex 4.99437 17.8173 3.4
    endloop
  endfacet
  facet normal -0.191281 0.981535 0
    outer loop
      vertex 4.99437 17.8173 3.4
      vertex 4.9682 17.8122 4
      vertex 4.99437 17.8173 4
    endloop
  endfacet
  facet normal -0.191281 0.981535 0
    outer loop
      vertex 4.9682 17.8122 4
      vertex 4.99437 17.8173 3.4
      vertex 4.9682 17.8122 3.4
    endloop
  endfacet
  facet normal -0.254588 0.96705 0
    outer loop
      vertex 4.9682 17.8122 3.4
      vertex 4.94313 17.8056 4
      vertex 4.9682 17.8122 4
    endloop
  endfacet
  facet normal -0.254588 0.96705 0
    outer loop
      vertex 4.94313 17.8056 4
      vertex 4.9682 17.8122 3.4
      vertex 4.94313 17.8056 3.4
    endloop
  endfacet
  facet normal -0.31337 0.949631 0
    outer loop
      vertex 4.94313 17.8056 3.4
      vertex 4.91919 17.7977 4
      vertex 4.94313 17.8056 4
    endloop
  endfacet
  facet normal -0.31337 0.949631 0
    outer loop
      vertex 4.91919 17.7977 4
      vertex 4.94313 17.8056 3.4
      vertex 4.91919 17.7977 3.4
    endloop
  endfacet
  facet normal -0.378395 0.925644 0
    outer loop
      vertex 4.91919 17.7977 3.4
      vertex 4.89644 17.7884 4
      vertex 4.91919 17.7977 4
    endloop
  endfacet
  facet normal -0.378395 0.925644 0
    outer loop
      vertex 4.89644 17.7884 4
      vertex 4.91919 17.7977 3.4
      vertex 4.89644 17.7884 3.4
    endloop
  endfacet
  facet normal -0.441375 0.897323 0
    outer loop
      vertex 4.89644 17.7884 3.4
      vertex 4.87489 17.7778 4
      vertex 4.89644 17.7884 4
    endloop
  endfacet
  facet normal -0.441375 0.897323 0
    outer loop
      vertex 4.87489 17.7778 4
      vertex 4.89644 17.7884 3.4
      vertex 4.87489 17.7778 3.4
    endloop
  endfacet
  facet normal -0.502732 0.864443 0
    outer loop
      vertex 4.87489 17.7778 3.4
      vertex 4.8546 17.766 4
      vertex 4.87489 17.7778 4
    endloop
  endfacet
  facet normal -0.502732 0.864443 0
    outer loop
      vertex 4.8546 17.766 4
      vertex 4.87489 17.7778 3.4
      vertex 4.8546 17.766 3.4
    endloop
  endfacet
  facet normal -0.567025 0.823701 0
    outer loop
      vertex 4.8546 17.766 3.4
      vertex 4.83557 17.7529 4
      vertex 4.8546 17.766 4
    endloop
  endfacet
  facet normal -0.567025 0.823701 0
    outer loop
      vertex 4.83557 17.7529 4
      vertex 4.8546 17.766 3.4
      vertex 4.83557 17.7529 3.4
    endloop
  endfacet
  facet normal -0.628439 0.777859 0
    outer loop
      vertex 4.83557 17.7529 3.4
      vertex 4.81787 17.7386 4
      vertex 4.83557 17.7529 4
    endloop
  endfacet
  facet normal -0.628439 0.777859 0
    outer loop
      vertex 4.81787 17.7386 4
      vertex 4.83557 17.7529 3.4
      vertex 4.81787 17.7386 3.4
    endloop
  endfacet
  facet normal -0.68542 0.728148 0
    outer loop
      vertex 4.81787 17.7386 3.4
      vertex 4.80151 17.7232 4
      vertex 4.81787 17.7386 4
    endloop
  endfacet
  facet normal -0.68542 0.728148 0
    outer loop
      vertex 4.80151 17.7232 4
      vertex 4.81787 17.7386 3.4
      vertex 4.80151 17.7232 3.4
    endloop
  endfacet
  facet normal -0.742404 0.669952 0
    outer loop
      vertex 4.78653 17.7066 3.4
      vertex 4.80151 17.7232 4
      vertex 4.80151 17.7232 3.4
    endloop
  endfacet
  facet normal -0.742404 0.669952 0
    outer loop
      vertex 4.80151 17.7232 4
      vertex 4.78653 17.7066 3.4
      vertex 4.78653 17.7066 4
    endloop
  endfacet
  facet normal -0.794039 0.607866 0
    outer loop
      vertex 4.77298 17.6889 3.4
      vertex 4.78653 17.7066 4
      vertex 4.78653 17.7066 3.4
    endloop
  endfacet
  facet normal -0.794039 0.607866 0
    outer loop
      vertex 4.78653 17.7066 4
      vertex 4.77298 17.6889 3.4
      vertex 4.77298 17.6889 4
    endloop
  endfacet
  facet normal -0.840888 0.54121 0
    outer loop
      vertex 4.76088 17.6701 3.4
      vertex 4.77298 17.6889 4
      vertex 4.77298 17.6889 3.4
    endloop
  endfacet
  facet normal -0.840888 0.54121 0
    outer loop
      vertex 4.77298 17.6889 4
      vertex 4.76088 17.6701 3.4
      vertex 4.76088 17.6701 4
    endloop
  endfacet
  facet normal -0.882414 0.470473 0
    outer loop
      vertex 4.75027 17.6502 3.4
      vertex 4.76088 17.6701 4
      vertex 4.76088 17.6701 3.4
    endloop
  endfacet
  facet normal -0.882414 0.470473 0
    outer loop
      vertex 4.76088 17.6701 4
      vertex 4.75027 17.6502 3.4
      vertex 4.75027 17.6502 4
    endloop
  endfacet
  facet normal -0.916642 0.399709 0
    outer loop
      vertex 4.7412 17.6294 3.4
      vertex 4.75027 17.6502 4
      vertex 4.75027 17.6502 3.4
    endloop
  endfacet
  facet normal -0.916642 0.399709 0
    outer loop
      vertex 4.75027 17.6502 4
      vertex 4.7412 17.6294 3.4
      vertex 4.7412 17.6294 4
    endloop
  endfacet
  facet normal -0.945202 0.326485 0
    outer loop
      vertex 4.73367 17.6076 3.4
      vertex 4.7412 17.6294 4
      vertex 4.7412 17.6294 3.4
    endloop
  endfacet
  facet normal -0.945202 0.326485 0
    outer loop
      vertex 4.7412 17.6294 4
      vertex 4.73367 17.6076 3.4
      vertex 4.73367 17.6076 4
    endloop
  endfacet
  facet normal -0.967905 0.251316 0
    outer loop
      vertex 4.72775 17.5848 3.4
      vertex 4.73367 17.6076 4
      vertex 4.73367 17.6076 3.4
    endloop
  endfacet
  facet normal -0.967905 0.251316 0
    outer loop
      vertex 4.73367 17.6076 4
      vertex 4.72775 17.5848 3.4
      vertex 4.72775 17.5848 4
    endloop
  endfacet
  facet normal -0.984009 0.178118 0
    outer loop
      vertex 4.72346 17.5611 3.4
      vertex 4.72775 17.5848 4
      vertex 4.72775 17.5848 3.4
    endloop
  endfacet
  facet normal -0.984009 0.178118 0
    outer loop
      vertex 4.72775 17.5848 4
      vertex 4.72346 17.5611 3.4
      vertex 4.72346 17.5611 4
    endloop
  endfacet
  facet normal -0.994334 0.106305 0
    outer loop
      vertex 4.72083 17.5365 3.4
      vertex 4.72346 17.5611 4
      vertex 4.72346 17.5611 3.4
    endloop
  endfacet
  facet normal -0.994334 0.106305 0
    outer loop
      vertex 4.72346 17.5611 4
      vertex 4.72083 17.5365 3.4
      vertex 4.72083 17.5365 4
    endloop
  endfacet
  facet normal 0 1 -0
    outer loop
      vertex 4.72083 17.5365 3.4
      vertex 4.15833 17.5365 4
      vertex 4.72083 17.5365 4
    endloop
  endfacet
  facet normal 0 1 0
    outer loop
      vertex 4.15833 17.5365 4
      vertex 4.72083 17.5365 3.4
      vertex 4.15833 17.5365 3.4
    endloop
  endfacet
  facet normal 0.997778 -0.0666223 0
    outer loop
      vertex 4.15833 17.5365 4
      vertex 4.16261 17.6006 3.4
      vertex 4.16261 17.6006 4
    endloop
  endfacet
  facet normal 0.997778 -0.0666223 0
    outer loop
      vertex 4.16261 17.6006 3.4
      vertex 4.15833 17.5365 4
      vertex 4.15833 17.5365 3.4
    endloop
  endfacet
  facet normal 0.989307 -0.145851 0
    outer loop
      vertex 4.16261 17.6006 4
      vertex 4.17178 17.6628 3.4
      vertex 4.17178 17.6628 4
    endloop
  endfacet
  facet normal 0.989307 -0.145851 0
    outer loop
      vertex 4.17178 17.6628 3.4
      vertex 4.16261 17.6006 4
      vertex 4.16261 17.6006 3.4
    endloop
  endfacet
  facet normal 0.974562 -0.224117 0
    outer loop
      vertex 4.17178 17.6628 4
      vertex 4.18567 17.7232 3.4
      vertex 4.18567 17.7232 4
    endloop
  endfacet
  facet normal 0.974562 -0.224117 0
    outer loop
      vertex 4.18567 17.7232 3.4
      vertex 4.17178 17.6628 4
      vertex 4.17178 17.6628 3.4
    endloop
  endfacet
  facet normal 0.953201 -0.302338 0
    outer loop
      vertex 4.18567 17.7232 4
      vertex 4.20413 17.7814 3.4
      vertex 4.20413 17.7814 4
    endloop
  endfacet
  facet normal 0.953201 -0.302338 0
    outer loop
      vertex 4.20413 17.7814 3.4
      vertex 4.18567 17.7232 4
      vertex 4.18567 17.7232 3.4
    endloop
  endfacet
  facet normal 0.925951 -0.377643 0
    outer loop
      vertex 4.20413 17.7814 4
      vertex 4.22701 17.8375 3.4
      vertex 4.22701 17.8375 4
    endloop
  endfacet
  facet normal 0.925951 -0.377643 0
    outer loop
      vertex 4.22701 17.8375 3.4
      vertex 4.20413 17.7814 4
      vertex 4.20413 17.7814 3.4
    endloop
  endfacet
  facet normal 0.893029 -0.45 0
    outer loop
      vertex 4.22701 17.8375 4
      vertex 4.25412 17.8913 3.4
      vertex 4.25412 17.8913 4
    endloop
  endfacet
  facet normal 0.893029 -0.45 0
    outer loop
      vertex 4.25412 17.8913 3.4
      vertex 4.22701 17.8375 4
      vertex 4.22701 17.8375 3.4
    endloop
  endfacet
  facet normal 0.854391 -0.51963 0
    outer loop
      vertex 4.25412 17.8913 4
      vertex 4.28532 17.9426 3.4
      vertex 4.28532 17.9426 4
    endloop
  endfacet
  facet normal 0.854391 -0.51963 0
    outer loop
      vertex 4.28532 17.9426 3.4
      vertex 4.25412 17.8913 4
      vertex 4.25412 17.8913 3.4
    endloop
  endfacet
  facet normal 0.810283 -0.586038 0
    outer loop
      vertex 4.28532 17.9426 4
      vertex 4.32047 17.9912 3.4
      vertex 4.32047 17.9912 4
    endloop
  endfacet
  facet normal 0.810283 -0.586038 0
    outer loop
      vertex 4.32047 17.9912 3.4
      vertex 4.28532 17.9426 4
      vertex 4.28532 17.9426 3.4
    endloop
  endfacet
  facet normal 0.763493 -0.645816 0
    outer loop
      vertex 4.32047 17.9912 4
      vertex 4.35938 18.0372 3.4
      vertex 4.35938 18.0372 4
    endloop
  endfacet
  facet normal 0.763493 -0.645816 0
    outer loop
      vertex 4.35938 18.0372 3.4
      vertex 4.32047 17.9912 4
      vertex 4.32047 17.9912 3.4
    endloop
  endfacet
  facet normal 0.711064 -0.703127 0
    outer loop
      vertex 4.35938 18.0372 4
      vertex 4.4019 18.0802 3.4
      vertex 4.4019 18.0802 4
    endloop
  endfacet
  facet normal 0.711064 -0.703127 0
    outer loop
      vertex 4.4019 18.0802 3.4
      vertex 4.35938 18.0372 4
      vertex 4.35938 18.0372 3.4
    endloop
  endfacet
  facet normal 0.656341 -0.754464 0
    outer loop
      vertex 4.4019 18.0802 3.4
      vertex 4.44788 18.1202 4
      vertex 4.4019 18.0802 4
    endloop
  endfacet
  facet normal 0.656341 -0.754464 0
    outer loop
      vertex 4.44788 18.1202 4
      vertex 4.4019 18.0802 3.4
      vertex 4.44788 18.1202 3.4
    endloop
  endfacet
  facet normal 0.599454 -0.800409 0
    outer loop
      vertex 4.44788 18.1202 3.4
      vertex 4.49715 18.1571 4
      vertex 4.44788 18.1202 4
    endloop
  endfacet
  facet normal 0.599454 -0.800409 0
    outer loop
      vertex 4.49715 18.1571 4
      vertex 4.44788 18.1202 3.4
      vertex 4.49715 18.1571 3.4
    endloop
  endfacet
  facet normal 0.539783 -0.841804 0
    outer loop
      vertex 4.49715 18.1571 3.4
      vertex 4.54955 18.1907 4
      vertex 4.49715 18.1571 4
    endloop
  endfacet
  facet normal 0.539783 -0.841804 0
    outer loop
      vertex 4.54955 18.1907 4
      vertex 4.49715 18.1571 3.4
      vertex 4.54955 18.1907 3.4
    endloop
  endfacet
  facet normal 0.47754 -0.87861 0
    outer loop
      vertex 4.54955 18.1907 3.4
      vertex 4.60493 18.2208 4
      vertex 4.54955 18.1907 4
    endloop
  endfacet
  facet normal 0.47754 -0.87861 0
    outer loop
      vertex 4.60493 18.2208 4
      vertex 4.54955 18.1907 3.4
      vertex 4.60493 18.2208 3.4
    endloop
  endfacet
  facet normal 0.415745 -0.909481 0
    outer loop
      vertex 4.60493 18.2208 3.4
      vertex 4.66312 18.2474 4
      vertex 4.60493 18.2208 4
    endloop
  endfacet
  facet normal 0.415745 -0.909481 0
    outer loop
      vertex 4.66312 18.2474 4
      vertex 4.60493 18.2208 3.4
      vertex 4.66312 18.2474 3.4
    endloop
  endfacet
  facet normal 0.35087 -0.936424 0
    outer loop
      vertex 4.66312 18.2474 3.4
      vertex 4.72397 18.2702 4
      vertex 4.66312 18.2474 4
    endloop
  endfacet
  facet normal 0.35087 -0.936424 0
    outer loop
      vertex 4.72397 18.2702 4
      vertex 4.66312 18.2474 3.4
      vertex 4.72397 18.2702 3.4
    endloop
  endfacet
  facet normal 0.287279 -0.957847 0
    outer loop
      vertex 4.72397 18.2702 3.4
      vertex 4.78732 18.2892 4
      vertex 4.72397 18.2702 4
    endloop
  endfacet
  facet normal 0.287279 -0.957847 0
    outer loop
      vertex 4.78732 18.2892 4
      vertex 4.72397 18.2702 3.4
      vertex 4.78732 18.2892 3.4
    endloop
  endfacet
  facet normal 0.224025 -0.974583 0
    outer loop
      vertex 4.78732 18.2892 3.4
      vertex 4.85301 18.3043 4
      vertex 4.78732 18.2892 4
    endloop
  endfacet
  facet normal 0.224025 -0.974583 0
    outer loop
      vertex 4.85301 18.3043 4
      vertex 4.78732 18.2892 3.4
      vertex 4.85301 18.3043 3.4
    endloop
  endfacet
  facet normal 0.158592 -0.987344 0
    outer loop
      vertex 4.85301 18.3043 3.4
      vertex 4.92087 18.3152 4
      vertex 4.85301 18.3043 4
    endloop
  endfacet
  facet normal 0.158592 -0.987344 0
    outer loop
      vertex 4.92087 18.3152 4
      vertex 4.85301 18.3043 3.4
      vertex 4.92087 18.3152 3.4
    endloop
  endfacet
  facet normal 0.0940292 -0.995569 0
    outer loop
      vertex 4.92087 18.3152 3.4
      vertex 4.99075 18.3218 4
      vertex 4.92087 18.3152 4
    endloop
  endfacet
  facet normal 0.0940292 -0.995569 0
    outer loop
      vertex 4.99075 18.3218 4
      vertex 4.92087 18.3152 3.4
      vertex 4.99075 18.3218 3.4
    endloop
  endfacet
  facet normal 0.0306476 -0.99953 0
    outer loop
      vertex 4.99075 18.3218 3.4
      vertex 5.0625 18.324 4
      vertex 4.99075 18.3218 4
    endloop
  endfacet
  facet normal 0.0306476 -0.99953 0
    outer loop
      vertex 5.0625 18.324 4
      vertex 4.99075 18.3218 3.4
      vertex 5.0625 18.324 3.4
    endloop
  endfacet
  facet normal -0.0186744 -0.999826 0
    outer loop
      vertex 5.0625 18.324 3.4
      vertex 5.11604 18.323 4
      vertex 5.0625 18.324 4
    endloop
  endfacet
  facet normal -0.0186744 -0.999826 -0
    outer loop
      vertex 5.11604 18.323 4
      vertex 5.0625 18.324 3.4
      vertex 5.11604 18.323 3.4
    endloop
  endfacet
  facet normal -0.115881 0.993263 0
    outer loop
      vertex 5.06676 16.7893 3.4
      vertex 5.03076 16.7851 4
      vertex 5.06676 16.7893 4
    endloop
  endfacet
  facet normal -0.115881 0.993263 0
    outer loop
      vertex 5.03076 16.7851 4
      vertex 5.06676 16.7893 3.4
      vertex 5.03076 16.7851 3.4
    endloop
  endfacet
  facet normal -0.195789 0.980646 0
    outer loop
      vertex 5.03076 16.7851 3.4
      vertex 4.9962 16.7782 4
      vertex 5.03076 16.7851 4
    endloop
  endfacet
  facet normal -0.195789 0.980646 0
    outer loop
      vertex 4.9962 16.7782 4
      vertex 5.03076 16.7851 3.4
      vertex 4.9962 16.7782 3.4
    endloop
  endfacet
  facet normal -0.278784 0.960354 0
    outer loop
      vertex 4.9962 16.7782 3.4
      vertex 4.96313 16.7686 4
      vertex 4.9962 16.7782 4
    endloop
  endfacet
  facet normal -0.278784 0.960354 0
    outer loop
      vertex 4.96313 16.7686 4
      vertex 4.9962 16.7782 3.4
      vertex 4.96313 16.7686 3.4
    endloop
  endfacet
  facet normal -0.36333 0.931661 0
    outer loop
      vertex 4.96313 16.7686 3.4
      vertex 4.93159 16.7563 4
      vertex 4.96313 16.7686 4
    endloop
  endfacet
  facet normal -0.36333 0.931661 0
    outer loop
      vertex 4.93159 16.7563 4
      vertex 4.96313 16.7686 3.4
      vertex 4.93159 16.7563 3.4
    endloop
  endfacet
  facet normal -0.443018 0.896513 0
    outer loop
      vertex 4.93159 16.7563 3.4
      vertex 4.90164 16.7415 4
      vertex 4.93159 16.7563 4
    endloop
  endfacet
  facet normal -0.443018 0.896513 0
    outer loop
      vertex 4.90164 16.7415 4
      vertex 4.93159 16.7563 3.4
      vertex 4.90164 16.7415 3.4
    endloop
  endfacet
  facet normal -0.523359 0.852112 0
    outer loop
      vertex 4.90164 16.7415 3.4
      vertex 4.87331 16.7241 4
      vertex 4.90164 16.7415 4
    endloop
  endfacet
  facet normal -0.523359 0.852112 0
    outer loop
      vertex 4.87331 16.7241 4
      vertex 4.90164 16.7415 3.4
      vertex 4.87331 16.7241 3.4
    endloop
  endfacet
  facet normal -0.597883 0.801584 0
    outer loop
      vertex 4.87331 16.7241 3.4
      vertex 4.84663 16.7042 4
      vertex 4.87331 16.7241 4
    endloop
  endfacet
  facet normal -0.597883 0.801584 0
    outer loop
      vertex 4.84663 16.7042 4
      vertex 4.87331 16.7241 3.4
      vertex 4.84663 16.7042 3.4
    endloop
  endfacet
  facet normal -0.667762 0.744375 0
    outer loop
      vertex 4.84663 16.7042 3.4
      vertex 4.82166 16.6818 4
      vertex 4.84663 16.7042 4
    endloop
  endfacet
  facet normal -0.667762 0.744375 0
    outer loop
      vertex 4.82166 16.6818 4
      vertex 4.84663 16.7042 3.4
      vertex 4.82166 16.6818 3.4
    endloop
  endfacet
  facet normal -0.728451 0.685098 0
    outer loop
      vertex 4.79843 16.6571 3.4
      vertex 4.82166 16.6818 4
      vertex 4.82166 16.6818 3.4
    endloop
  endfacet
  facet normal -0.728451 0.685098 0
    outer loop
      vertex 4.82166 16.6818 4
      vertex 4.79843 16.6571 3.4
      vertex 4.79843 16.6571 4
    endloop
  endfacet
  facet normal -0.784527 0.620095 0
    outer loop
      vertex 4.77701 16.63 3.4
      vertex 4.79843 16.6571 4
      vertex 4.79843 16.6571 3.4
    endloop
  endfacet
  facet normal -0.784527 0.620095 0
    outer loop
      vertex 4.79843 16.6571 4
      vertex 4.77701 16.63 3.4
      vertex 4.77701 16.63 4
    endloop
  endfacet
  facet normal -0.832181 0.554504 0
    outer loop
      vertex 4.75742 16.6006 3.4
      vertex 4.77701 16.63 4
      vertex 4.77701 16.63 3.4
    endloop
  endfacet
  facet normal -0.832181 0.554504 0
    outer loop
      vertex 4.77701 16.63 4
      vertex 4.75742 16.6006 3.4
      vertex 4.75742 16.6006 4
    endloop
  endfacet
  facet normal -0.872223 0.489108 0
    outer loop
      vertex 4.7397 16.569 3.4
      vertex 4.75742 16.6006 4
      vertex 4.75742 16.6006 3.4
    endloop
  endfacet
  facet normal -0.872223 0.489108 0
    outer loop
      vertex 4.75742 16.6006 4
      vertex 4.7397 16.569 3.4
      vertex 4.7397 16.569 4
    endloop
  endfacet
  facet normal -0.906012 0.423252 0
    outer loop
      vertex 4.72391 16.5352 3.4
      vertex 4.7397 16.569 4
      vertex 4.7397 16.569 3.4
    endloop
  endfacet
  facet normal -0.906012 0.423252 0
    outer loop
      vertex 4.7397 16.569 4
      vertex 4.72391 16.5352 3.4
      vertex 4.72391 16.5352 4
    endloop
  endfacet
  facet normal -0.933486 0.358614 0
    outer loop
      vertex 4.71008 16.4992 3.4
      vertex 4.72391 16.5352 4
      vertex 4.72391 16.5352 3.4
    endloop
  endfacet
  facet normal -0.933486 0.358614 0
    outer loop
      vertex 4.72391 16.5352 4
      vertex 4.71008 16.4992 3.4
      vertex 4.71008 16.4992 4
    endloop
  endfacet
  facet normal -0.955164 0.296076 0
    outer loop
      vertex 4.69827 16.4611 3.4
      vertex 4.71008 16.4992 4
      vertex 4.71008 16.4992 3.4
    endloop
  endfacet
  facet normal -0.955164 0.296076 0
    outer loop
      vertex 4.71008 16.4992 4
      vertex 4.69827 16.4611 3.4
      vertex 4.69827 16.4611 4
    endloop
  endfacet
  facet normal -0.97177 0.235932 0
    outer loop
      vertex 4.68851 16.4209 3.4
      vertex 4.69827 16.4611 4
      vertex 4.69827 16.4611 3.4
    endloop
  endfacet
  facet normal -0.97177 0.235932 0
    outer loop
      vertex 4.69827 16.4611 4
      vertex 4.68851 16.4209 3.4
      vertex 4.68851 16.4209 4
    endloop
  endfacet
  facet normal -0.983765 0.179461 0
    outer loop
      vertex 4.68083 16.3788 3.4
      vertex 4.68851 16.4209 4
      vertex 4.68851 16.4209 3.4
    endloop
  endfacet
  facet normal -0.983765 0.179461 0
    outer loop
      vertex 4.68851 16.4209 4
      vertex 4.68083 16.3788 3.4
      vertex 4.68083 16.3788 4
    endloop
  endfacet
  facet normal -0.992202 0.124644 0
    outer loop
      vertex 4.67529 16.3347 3.4
      vertex 4.68083 16.3788 4
      vertex 4.68083 16.3788 3.4
    endloop
  endfacet
  facet normal -0.992202 0.124644 0
    outer loop
      vertex 4.68083 16.3788 4
      vertex 4.67529 16.3347 3.4
      vertex 4.67529 16.3347 4
    endloop
  endfacet
  facet normal -0.997386 0.0722618 0
    outer loop
      vertex 4.67195 16.2886 3.4
      vertex 4.67529 16.3347 4
      vertex 4.67529 16.3347 3.4
    endloop
  endfacet
  facet normal -0.997386 0.0722618 0
    outer loop
      vertex 4.67529 16.3347 4
      vertex 4.67195 16.2886 3.4
      vertex 4.67195 16.2886 4
    endloop
  endfacet
  facet normal -0.999722 0.0235843 0
    outer loop
      vertex 4.67082 16.2407 3.4
      vertex 4.67195 16.2886 4
      vertex 4.67195 16.2886 3.4
    endloop
  endfacet
  facet normal -0.999722 0.0235843 0
    outer loop
      vertex 4.67195 16.2886 4
      vertex 4.67082 16.2407 3.4
      vertex 4.67082 16.2407 4
    endloop
  endfacet
  facet normal -0.999736 -0.0229585 0
    outer loop
      vertex 4.67192 16.1928 3.4
      vertex 4.67082 16.2407 4
      vertex 4.67082 16.2407 3.4
    endloop
  endfacet
  facet normal -0.999736 -0.0229585 0
    outer loop
      vertex 4.67082 16.2407 4
      vertex 4.67192 16.1928 3.4
      vertex 4.67192 16.1928 4
    endloop
  endfacet
  facet normal -0.997505 -0.0706026 0
    outer loop
      vertex 4.67519 16.1466 3.4
      vertex 4.67192 16.1928 4
      vertex 4.67192 16.1928 3.4
    endloop
  endfacet
  facet normal -0.997505 -0.0706026 0
    outer loop
      vertex 4.67192 16.1928 4
      vertex 4.67519 16.1466 3.4
      vertex 4.67519 16.1466 4
    endloop
  endfacet
  facet normal -0.992685 -0.120732 0
    outer loop
      vertex 4.68059 16.1022 3.4
      vertex 4.67519 16.1466 4
      vertex 4.67519 16.1466 3.4
    endloop
  endfacet
  facet normal -0.992685 -0.120732 0
    outer loop
      vertex 4.67519 16.1466 4
      vertex 4.68059 16.1022 3.4
      vertex 4.68059 16.1022 4
    endloop
  endfacet
  facet normal -0.984823 -0.173561 0
    outer loop
      vertex 4.68808 16.0597 3.4
      vertex 4.68059 16.1022 4
      vertex 4.68059 16.1022 3.4
    endloop
  endfacet
  facet normal -0.984823 -0.173561 0
    outer loop
      vertex 4.68059 16.1022 4
      vertex 4.68808 16.0597 3.4
      vertex 4.68808 16.0597 4
    endloop
  endfacet
  facet normal -0.97336 -0.22928 0
    outer loop
      vertex 4.69762 16.0192 3.4
      vertex 4.68808 16.0597 4
      vertex 4.68808 16.0597 3.4
    endloop
  endfacet
  facet normal -0.97336 -0.22928 0
    outer loop
      vertex 4.68808 16.0597 4
      vertex 4.69762 16.0192 3.4
      vertex 4.69762 16.0192 4
    endloop
  endfacet
  facet normal -0.958031 -0.286665 0
    outer loop
      vertex 4.70917 15.9806 3.4
      vertex 4.69762 16.0192 4
      vertex 4.69762 16.0192 3.4
    endloop
  endfacet
  facet normal -0.958031 -0.286665 0
    outer loop
      vertex 4.69762 16.0192 4
      vertex 4.70917 15.9806 3.4
      vertex 4.70917 15.9806 4
    endloop
  endfacet
  facet normal -0.937904 -0.346896 0
    outer loop
      vertex 4.72267 15.9441 3.4
      vertex 4.70917 15.9806 4
      vertex 4.70917 15.9806 3.4
    endloop
  endfacet
  facet normal -0.937904 -0.346896 0
    outer loop
      vertex 4.70917 15.9806 4
      vertex 4.72267 15.9441 3.4
      vertex 4.72267 15.9441 4
    endloop
  endfacet
  facet normal -0.911872 -0.410475 0
    outer loop
      vertex 4.73811 15.9098 3.4
      vertex 4.72267 15.9441 4
      vertex 4.72267 15.9441 3.4
    endloop
  endfacet
  facet normal -0.911872 -0.410475 0
    outer loop
      vertex 4.72267 15.9441 4
      vertex 4.73811 15.9098 3.4
      vertex 4.73811 15.9098 4
    endloop
  endfacet
  facet normal -0.881066 -0.472993 0
    outer loop
      vertex 4.75545 15.8775 3.4
      vertex 4.73811 15.9098 4
      vertex 4.73811 15.9098 3.4
    endloop
  endfacet
  facet normal -0.881066 -0.472993 0
    outer loop
      vertex 4.73811 15.9098 4
      vertex 4.75545 15.8775 3.4
      vertex 4.75545 15.8775 4
    endloop
  endfacet
  facet normal -0.841709 -0.539932 0
    outer loop
      vertex 4.77463 15.8476 3.4
      vertex 4.75545 15.8775 4
      vertex 4.75545 15.8775 3.4
    endloop
  endfacet
  facet normal -0.841709 -0.539932 0
    outer loop
      vertex 4.75545 15.8775 4
      vertex 4.77463 15.8476 3.4
      vertex 4.77463 15.8476 4
    endloop
  endfacet
  facet normal -0.797159 -0.603769 0
    outer loop
      vertex 4.79561 15.8199 3.4
      vertex 4.77463 15.8476 4
      vertex 4.77463 15.8476 3.4
    endloop
  endfacet
  facet normal -0.797159 -0.603769 0
    outer loop
      vertex 4.77463 15.8476 4
      vertex 4.79561 15.8199 3.4
      vertex 4.79561 15.8199 4
    endloop
  endfacet
  facet normal -0.743879 -0.668315 0
    outer loop
      vertex 4.81834 15.7946 3.4
      vertex 4.79561 15.8199 4
      vertex 4.79561 15.8199 3.4
    endloop
  endfacet
  facet normal -0.743879 -0.668315 0
    outer loop
      vertex 4.79561 15.8199 4
      vertex 4.81834 15.7946 3.4
      vertex 4.81834 15.7946 4
    endloop
  endfacet
  facet normal -0.683147 -0.730281 0
    outer loop
      vertex 4.81834 15.7946 3.4
      vertex 4.84282 15.7717 4
      vertex 4.81834 15.7946 4
    endloop
  endfacet
  facet normal -0.683147 -0.730281 -0
    outer loop
      vertex 4.84282 15.7717 4
      vertex 4.81834 15.7946 3.4
      vertex 4.84282 15.7717 3.4
    endloop
  endfacet
  facet normal -0.616957 -0.786997 0
    outer loop
      vertex 4.84282 15.7717 3.4
      vertex 4.86897 15.7512 4
      vertex 4.84282 15.7717 4
    endloop
  endfacet
  facet normal -0.616957 -0.786997 -0
    outer loop
      vertex 4.86897 15.7512 4
      vertex 4.84282 15.7717 3.4
      vertex 4.86897 15.7512 3.4
    endloop
  endfacet
  facet normal -0.541369 -0.840785 0
    outer loop
      vertex 4.86897 15.7512 3.4
      vertex 4.89677 15.7333 4
      vertex 4.86897 15.7512 4
    endloop
  endfacet
  facet normal -0.541369 -0.840785 -0
    outer loop
      vertex 4.89677 15.7333 4
      vertex 4.86897 15.7512 3.4
      vertex 4.89677 15.7333 3.4
    endloop
  endfacet
  facet normal -0.461514 -0.887133 0
    outer loop
      vertex 4.89677 15.7333 3.4
      vertex 4.92618 15.718 4
      vertex 4.89677 15.7333 4
    endloop
  endfacet
  facet normal -0.461514 -0.887133 -0
    outer loop
      vertex 4.92618 15.718 4
      vertex 4.89677 15.7333 3.4
      vertex 4.92618 15.718 3.4
    endloop
  endfacet
  facet normal -0.37685 -0.926274 0
    outer loop
      vertex 4.92618 15.718 3.4
      vertex 4.95715 15.7054 4
      vertex 4.92618 15.718 4
    endloop
  endfacet
  facet normal -0.37685 -0.926274 -0
    outer loop
      vertex 4.95715 15.7054 4
      vertex 4.92618 15.718 3.4
      vertex 4.95715 15.7054 3.4
    endloop
  endfacet
  facet normal -0.294169 -0.955754 0
    outer loop
      vertex 4.95715 15.7054 3.4
      vertex 4.98964 15.6954 4
      vertex 4.95715 15.7054 4
    endloop
  endfacet
  facet normal -0.294169 -0.955754 -0
    outer loop
      vertex 4.98964 15.6954 4
      vertex 4.95715 15.7054 3.4
      vertex 4.98964 15.6954 3.4
    endloop
  endfacet
  facet normal -0.207346 -0.978268 0
    outer loop
      vertex 4.98964 15.6954 3.4
      vertex 5.02361 15.6882 4
      vertex 4.98964 15.6954 4
    endloop
  endfacet
  facet normal -0.207346 -0.978268 -0
    outer loop
      vertex 5.02361 15.6882 4
      vertex 4.98964 15.6954 3.4
      vertex 5.02361 15.6882 3.4
    endloop
  endfacet
  facet normal -0.120549 -0.992707 0
    outer loop
      vertex 5.02361 15.6882 3.4
      vertex 5.05902 15.6839 4
      vertex 5.02361 15.6882 4
    endloop
  endfacet
  facet normal -0.120549 -0.992707 -0
    outer loop
      vertex 5.05902 15.6839 4
      vertex 5.02361 15.6882 3.4
      vertex 5.05902 15.6839 3.4
    endloop
  endfacet
  facet normal -0.040716 -0.999171 0
    outer loop
      vertex 5.05902 15.6839 3.4
      vertex 5.09583 15.6824 4
      vertex 5.05902 15.6839 4
    endloop
  endfacet
  facet normal -0.040716 -0.999171 -0
    outer loop
      vertex 5.09583 15.6824 4
      vertex 5.05902 15.6839 3.4
      vertex 5.09583 15.6824 3.4
    endloop
  endfacet
  facet normal 0.037728 -0.999288 0
    outer loop
      vertex 5.09583 15.6824 3.4
      vertex 5.13556 15.6839 4
      vertex 5.09583 15.6824 4
    endloop
  endfacet
  facet normal 0.037728 -0.999288 0
    outer loop
      vertex 5.13556 15.6839 4
      vertex 5.09583 15.6824 3.4
      vertex 5.13556 15.6839 3.4
    endloop
  endfacet
  facet normal 0.111801 -0.993731 0
    outer loop
      vertex 5.13556 15.6839 3.4
      vertex 5.17378 15.6882 4
      vertex 5.13556 15.6839 4
    endloop
  endfacet
  facet normal 0.111801 -0.993731 0
    outer loop
      vertex 5.17378 15.6882 4
      vertex 5.13556 15.6839 3.4
      vertex 5.17378 15.6882 3.4
    endloop
  endfacet
  facet normal 0.192768 -0.981244 0
    outer loop
      vertex 5.17378 15.6882 3.4
      vertex 5.21043 15.6954 4
      vertex 5.17378 15.6882 4
    endloop
  endfacet
  facet normal 0.192768 -0.981244 0
    outer loop
      vertex 5.21043 15.6954 4
      vertex 5.17378 15.6882 3.4
      vertex 5.21043 15.6954 3.4
    endloop
  endfacet
  facet normal 0.274359 -0.961627 0
    outer loop
      vertex 5.21043 15.6954 3.4
      vertex 5.24548 15.7054 4
      vertex 5.21043 15.6954 4
    endloop
  endfacet
  facet normal 0.274359 -0.961627 0
    outer loop
      vertex 5.24548 15.7054 4
      vertex 5.21043 15.6954 3.4
      vertex 5.24548 15.7054 3.4
    endloop
  endfacet
  facet normal 0.355413 -0.934709 0
    outer loop
      vertex 5.24548 15.7054 3.4
      vertex 5.27888 15.7181 4
      vertex 5.24548 15.7054 4
    endloop
  endfacet
  facet normal 0.355413 -0.934709 0
    outer loop
      vertex 5.27888 15.7181 4
      vertex 5.24548 15.7054 3.4
      vertex 5.27888 15.7181 3.4
    endloop
  endfacet
  facet normal 0.436858 -0.89953 0
    outer loop
      vertex 5.27888 15.7181 3.4
      vertex 5.31059 15.7335 4
      vertex 5.27888 15.7181 4
    endloop
  endfacet
  facet normal 0.436858 -0.89953 0
    outer loop
      vertex 5.31059 15.7335 4
      vertex 5.27888 15.7181 3.4
      vertex 5.31059 15.7335 3.4
    endloop
  endfacet
  facet normal 0.514622 -0.857417 0
    outer loop
      vertex 5.31059 15.7335 3.4
      vertex 5.34058 15.7515 4
      vertex 5.31059 15.7335 4
    endloop
  endfacet
  facet normal 0.514622 -0.857417 0
    outer loop
      vertex 5.34058 15.7515 4
      vertex 5.31059 15.7335 3.4
      vertex 5.34058 15.7515 3.4
    endloop
  endfacet
  facet normal 0.589737 -0.807596 0
    outer loop
      vertex 5.34058 15.7515 3.4
      vertex 5.36879 15.7721 4
      vertex 5.34058 15.7515 4
    endloop
  endfacet
  facet normal 0.589737 -0.807596 0
    outer loop
      vertex 5.36879 15.7721 4
      vertex 5.34058 15.7515 3.4
      vertex 5.36879 15.7721 3.4
    endloop
  endfacet
  facet normal 0.658787 -0.752329 0
    outer loop
      vertex 5.36879 15.7721 3.4
      vertex 5.39517 15.7952 4
      vertex 5.36879 15.7721 4
    endloop
  endfacet
  facet normal 0.658787 -0.752329 0
    outer loop
      vertex 5.39517 15.7952 4
      vertex 5.36879 15.7721 3.4
      vertex 5.39517 15.7952 3.4
    endloop
  endfacet
  facet normal 0.722176 -0.691709 0
    outer loop
      vertex 5.39517 15.7952 4
      vertex 5.41969 15.8208 3.4
      vertex 5.41969 15.8208 4
    endloop
  endfacet
  facet normal 0.722176 -0.691709 0
    outer loop
      vertex 5.41969 15.8208 3.4
      vertex 5.39517 15.7952 4
      vertex 5.39517 15.7952 3.4
    endloop
  endfacet
  facet normal 0.777743 -0.628583 0
    outer loop
      vertex 5.41969 15.8208 4
      vertex 5.44232 15.8488 3.4
      vertex 5.44232 15.8488 4
    endloop
  endfacet
  facet normal 0.777743 -0.628583 0
    outer loop
      vertex 5.44232 15.8488 3.4
      vertex 5.41969 15.8208 4
      vertex 5.41969 15.8208 3.4
    endloop
  endfacet
  facet normal 0.826216 -0.563354 0
    outer loop
      vertex 5.44232 15.8488 4
      vertex 5.46298 15.8791 3.4
      vertex 5.46298 15.8791 4
    endloop
  endfacet
  facet normal 0.826216 -0.563354 0
    outer loop
      vertex 5.46298 15.8791 3.4
      vertex 5.44232 15.8488 4
      vertex 5.44232 15.8488 3.4
    endloop
  endfacet
  facet normal 0.867653 -0.49717 0
    outer loop
      vertex 5.46298 15.8791 4
      vertex 5.48166 15.9117 3.4
      vertex 5.48166 15.9117 4
    endloop
  endfacet
  facet normal 0.867653 -0.49717 0
    outer loop
      vertex 5.48166 15.9117 3.4
      vertex 5.46298 15.8791 4
      vertex 5.46298 15.8791 3.4
    endloop
  endfacet
  facet normal 0.90255 -0.430586 0
    outer loop
      vertex 5.48166 15.9117 4
      vertex 5.49831 15.9466 3.4
      vertex 5.49831 15.9466 4
    endloop
  endfacet
  facet normal 0.90255 -0.430586 0
    outer loop
      vertex 5.49831 15.9466 3.4
      vertex 5.48166 15.9117 4
      vertex 5.48166 15.9117 3.4
    endloop
  endfacet
  facet normal 0.930965 -0.365109 0
    outer loop
      vertex 5.49831 15.9466 4
      vertex 5.51286 15.9837 3.4
      vertex 5.51286 15.9837 4
    endloop
  endfacet
  facet normal 0.930965 -0.365109 0
    outer loop
      vertex 5.51286 15.9837 3.4
      vertex 5.49831 15.9466 4
      vertex 5.49831 15.9466 3.4
    endloop
  endfacet
  facet normal 0.953085 -0.302702 0
    outer loop
      vertex 5.51286 15.9837 4
      vertex 5.52531 16.0229 3.4
      vertex 5.52531 16.0229 4
    endloop
  endfacet
  facet normal 0.953085 -0.302702 0
    outer loop
      vertex 5.52531 16.0229 3.4
      vertex 5.51286 15.9837 4
      vertex 5.51286 15.9837 3.4
    endloop
  endfacet
  facet normal 0.970446 -0.241319 0
    outer loop
      vertex 5.52531 16.0229 4
      vertex 5.53558 16.0642 3.4
      vertex 5.53558 16.0642 4
    endloop
  endfacet
  facet normal 0.970446 -0.241319 0
    outer loop
      vertex 5.53558 16.0642 3.4
      vertex 5.52531 16.0229 4
      vertex 5.52531 16.0229 3.4
    endloop
  endfacet
  facet normal 0.983031 -0.183439 0
    outer loop
      vertex 5.53558 16.0642 4
      vertex 5.54366 16.1075 3.4
      vertex 5.54366 16.1075 4
    endloop
  endfacet
  facet normal 0.983031 -0.183439 0
    outer loop
      vertex 5.54366 16.1075 3.4
      vertex 5.53558 16.0642 4
      vertex 5.53558 16.0642 3.4
    endloop
  endfacet
  facet normal 0.991875 -0.127214 0
    outer loop
      vertex 5.54366 16.1075 4
      vertex 5.54947 16.1528 3.4
      vertex 5.54947 16.1528 4
    endloop
  endfacet
  facet normal 0.991875 -0.127214 0
    outer loop
      vertex 5.54947 16.1528 3.4
      vertex 5.54366 16.1075 4
      vertex 5.54366 16.1075 3.4
    endloop
  endfacet
  facet normal 0.997231 -0.0743697 0
    outer loop
      vertex 5.54947 16.1528 4
      vertex 5.55299 16.2 3.4
      vertex 5.55299 16.2 4
    endloop
  endfacet
  facet normal 0.997231 -0.0743697 0
    outer loop
      vertex 5.55299 16.2 3.4
      vertex 5.54947 16.1528 4
      vertex 5.54947 16.1528 3.4
    endloop
  endfacet
  facet normal 0.999711 -0.0240256 0
    outer loop
      vertex 5.55299 16.2 4
      vertex 5.55417 16.2491 3.4
      vertex 5.55417 16.2491 4
    endloop
  endfacet
  facet normal 0.999711 -0.0240256 0
    outer loop
      vertex 5.55417 16.2491 3.4
      vertex 5.55299 16.2 4
      vertex 5.55299 16.2 3.4
    endloop
  endfacet
  facet normal 0.99965 0.0264677 0
    outer loop
      vertex 5.55417 16.2491 4
      vertex 5.55296 16.2948 3.4
      vertex 5.55296 16.2948 4
    endloop
  endfacet
  facet normal 0.99965 0.0264677 0
    outer loop
      vertex 5.55296 16.2948 3.4
      vertex 5.55417 16.2491 4
      vertex 5.55417 16.2491 3.4
    endloop
  endfacet
  facet normal 0.996721 0.080913 0
    outer loop
      vertex 5.55296 16.2948 4
      vertex 5.54938 16.3389 3.4
      vertex 5.54938 16.3389 4
    endloop
  endfacet
  facet normal 0.996721 0.080913 0
    outer loop
      vertex 5.54938 16.3389 3.4
      vertex 5.55296 16.2948 4
      vertex 5.55296 16.2948 3.4
    endloop
  endfacet
  facet normal 0.990438 0.137962 0
    outer loop
      vertex 5.54938 16.3389 4
      vertex 5.54346 16.3814 3.4
      vertex 5.54346 16.3814 4
    endloop
  endfacet
  facet normal 0.990438 0.137962 0
    outer loop
      vertex 5.54346 16.3814 3.4
      vertex 5.54938 16.3389 4
      vertex 5.54938 16.3389 3.4
    endloop
  endfacet
  facet normal 0.980581 0.196116 0
    outer loop
      vertex 5.54346 16.3814 4
      vertex 5.53528 16.4223 3.4
      vertex 5.53528 16.4223 4
    endloop
  endfacet
  facet normal 0.980581 0.196116 0
    outer loop
      vertex 5.53528 16.4223 3.4
      vertex 5.54346 16.3814 4
      vertex 5.54346 16.3814 3.4
    endloop
  endfacet
  facet normal 0.966297 0.257431 0
    outer loop
      vertex 5.53528 16.4223 4
      vertex 5.52489 16.4613 3.4
      vertex 5.52489 16.4613 4
    endloop
  endfacet
  facet normal 0.966297 0.257431 0
    outer loop
      vertex 5.52489 16.4613 3.4
      vertex 5.53528 16.4223 4
      vertex 5.53528 16.4223 3.4
    endloop
  endfacet
  facet normal 0.947713 0.319123 0
    outer loop
      vertex 5.52489 16.4613 4
      vertex 5.51233 16.4986 3.4
      vertex 5.51233 16.4986 4
    endloop
  endfacet
  facet normal 0.947713 0.319123 0
    outer loop
      vertex 5.51233 16.4986 3.4
      vertex 5.52489 16.4613 4
      vertex 5.52489 16.4613 3.4
    endloop
  endfacet
  facet normal 0.923618 0.383315 0
    outer loop
      vertex 5.51233 16.4986 4
      vertex 5.49768 16.5339 3.4
      vertex 5.49768 16.5339 4
    endloop
  endfacet
  facet normal 0.923618 0.383315 0
    outer loop
      vertex 5.49768 16.5339 3.4
      vertex 5.51233 16.4986 4
      vertex 5.51233 16.4986 3.4
    endloop
  endfacet
  facet normal 0.894641 0.446785 0
    outer loop
      vertex 5.49768 16.5339 4
      vertex 5.481 16.5673 3.4
      vertex 5.481 16.5673 4
    endloop
  endfacet
  facet normal 0.894641 0.446785 0
    outer loop
      vertex 5.481 16.5673 3.4
      vertex 5.49768 16.5339 4
      vertex 5.49768 16.5339 3.4
    endloop
  endfacet
  facet normal 0.859539 0.51107 0
    outer loop
      vertex 5.481 16.5673 4
      vertex 5.46233 16.5987 3.4
      vertex 5.46233 16.5987 4
    endloop
  endfacet
  facet normal 0.859539 0.51107 0
    outer loop
      vertex 5.46233 16.5987 3.4
      vertex 5.481 16.5673 4
      vertex 5.481 16.5673 3.4
    endloop
  endfacet
  facet normal 0.81805 0.575148 0
    outer loop
      vertex 5.46233 16.5987 4
      vertex 5.44173 16.628 3.4
      vertex 5.44173 16.628 4
    endloop
  endfacet
  facet normal 0.81805 0.575148 0
    outer loop
      vertex 5.44173 16.628 3.4
      vertex 5.46233 16.5987 4
      vertex 5.46233 16.5987 3.4
    endloop
  endfacet
  facet normal 0.768781 0.639512 0
    outer loop
      vertex 5.44173 16.628 4
      vertex 5.41927 16.655 3.4
      vertex 5.41927 16.655 4
    endloop
  endfacet
  facet normal 0.768781 0.639512 0
    outer loop
      vertex 5.41927 16.655 3.4
      vertex 5.44173 16.628 4
      vertex 5.44173 16.628 3.4
    endloop
  endfacet
  facet normal 0.715677 0.698432 0
    outer loop
      vertex 5.41927 16.655 4
      vertex 5.39497 16.6799 3.4
      vertex 5.39497 16.6799 4
    endloop
  endfacet
  facet normal 0.715677 0.698432 0
    outer loop
      vertex 5.39497 16.6799 3.4
      vertex 5.41927 16.655 4
      vertex 5.41927 16.655 3.4
    endloop
  endfacet
  facet normal 0.653945 0.756542 -0
    outer loop
      vertex 5.39497 16.6799 3.4
      vertex 5.36894 16.7024 4
      vertex 5.39497 16.6799 4
    endloop
  endfacet
  facet normal 0.653945 0.756542 0
    outer loop
      vertex 5.36894 16.7024 4
      vertex 5.39497 16.6799 3.4
      vertex 5.36894 16.7024 3.4
    endloop
  endfacet
  facet normal 0.586748 0.80977 -0
    outer loop
      vertex 5.36894 16.7024 3.4
      vertex 5.3412 16.7225 4
      vertex 5.36894 16.7024 4
    endloop
  endfacet
  facet normal 0.586748 0.80977 0
    outer loop
      vertex 5.3412 16.7225 4
      vertex 5.36894 16.7024 3.4
      vertex 5.3412 16.7225 3.4
    endloop
  endfacet
  facet normal 0.51591 0.856643 -0
    outer loop
      vertex 5.3412 16.7225 3.4
      vertex 5.31181 16.7402 4
      vertex 5.3412 16.7225 4
    endloop
  endfacet
  facet normal 0.51591 0.856643 0
    outer loop
      vertex 5.31181 16.7402 4
      vertex 5.3412 16.7225 3.4
      vertex 5.31181 16.7402 3.4
    endloop
  endfacet
  facet normal 0.440592 0.897707 -0
    outer loop
      vertex 5.31181 16.7402 3.4
      vertex 5.28084 16.7554 4
      vertex 5.31181 16.7402 4
    endloop
  endfacet
  facet normal 0.440592 0.897707 0
    outer loop
      vertex 5.28084 16.7554 4
      vertex 5.31181 16.7402 3.4
      vertex 5.28084 16.7554 3.4
    endloop
  endfacet
  facet normal 0.358979 0.933346 -0
    outer loop
      vertex 5.28084 16.7554 3.4
      vertex 5.24834 16.7679 4
      vertex 5.28084 16.7554 4
    endloop
  endfacet
  facet normal 0.358979 0.933346 0
    outer loop
      vertex 5.24834 16.7679 4
      vertex 5.28084 16.7554 3.4
      vertex 5.24834 16.7679 3.4
    endloop
  endfacet
  facet normal 0.279794 0.96006 -0
    outer loop
      vertex 5.24834 16.7679 3.4
      vertex 5.21437 16.7778 4
      vertex 5.24834 16.7679 4
    endloop
  endfacet
  facet normal 0.279794 0.96006 0
    outer loop
      vertex 5.21437 16.7778 4
      vertex 5.24834 16.7679 3.4
      vertex 5.21437 16.7778 3.4
    endloop
  endfacet
  facet normal 0.196649 0.980474 -0
    outer loop
      vertex 5.21437 16.7778 3.4
      vertex 5.17897 16.7849 4
      vertex 5.21437 16.7778 4
    endloop
  endfacet
  facet normal 0.196649 0.980474 0
    outer loop
      vertex 5.17897 16.7849 4
      vertex 5.21437 16.7778 3.4
      vertex 5.17897 16.7849 3.4
    endloop
  endfacet
  facet normal 0.118911 0.992905 -0
    outer loop
      vertex 5.17897 16.7849 3.4
      vertex 5.14223 16.7893 4
      vertex 5.17897 16.7849 4
    endloop
  endfacet
  facet normal 0.118911 0.992905 0
    outer loop
      vertex 5.14223 16.7893 4
      vertex 5.17897 16.7849 3.4
      vertex 5.14223 16.7893 3.4
    endloop
  endfacet
  facet normal 0.0367592 0.999324 -0
    outer loop
      vertex 5.14223 16.7893 3.4
      vertex 5.10417 16.7907 4
      vertex 5.14223 16.7893 4
    endloop
  endfacet
  facet normal 0.0367592 0.999324 0
    outer loop
      vertex 5.10417 16.7907 4
      vertex 5.14223 16.7893 3.4
      vertex 5.10417 16.7907 3.4
    endloop
  endfacet
  facet normal -0.037397 0.9993 0
    outer loop
      vertex 5.10417 16.7907 3.4
      vertex 5.06676 16.7893 4
      vertex 5.10417 16.7907 4
    endloop
  endfacet
  facet normal -0.037397 0.9993 0
    outer loop
      vertex 5.06676 16.7893 4
      vertex 5.10417 16.7907 3.4
      vertex 5.06676 16.7893 3.4
    endloop
  endfacet
  facet normal 0 1 -0
    outer loop
      vertex 3.31264 15.2699 3.4
      vertex 2.92514 15.2699 4
      vertex 3.31264 15.2699 4
    endloop
  endfacet
  facet normal 0 1 0
    outer loop
      vertex 2.92514 15.2699 4
      vertex 3.31264 15.2699 3.4
      vertex 2.92514 15.2699 3.4
    endloop
  endfacet
  facet normal 0.958365 0.285546 0
    outer loop
      vertex 2.92514 15.2699 4
      vertex 2.9106 15.3187 3.4
      vertex 2.9106 15.3187 4
    endloop
  endfacet
  facet normal 0.958365 0.285546 0
    outer loop
      vertex 2.9106 15.3187 3.4
      vertex 2.92514 15.2699 4
      vertex 2.92514 15.2699 3.4
    endloop
  endfacet
  facet normal 0.936379 0.350991 0
    outer loop
      vertex 2.9106 15.3187 4
      vertex 2.89317 15.3652 3.4
      vertex 2.89317 15.3652 4
    endloop
  endfacet
  facet normal 0.936379 0.350991 0
    outer loop
      vertex 2.89317 15.3652 3.4
      vertex 2.9106 15.3187 4
      vertex 2.9106 15.3187 3.4
    endloop
  endfacet
  facet normal 0.908662 0.417532 0
    outer loop
      vertex 2.89317 15.3652 4
      vertex 2.87286 15.4094 3.4
      vertex 2.87286 15.4094 4
    endloop
  endfacet
  facet normal 0.908662 0.417532 0
    outer loop
      vertex 2.87286 15.4094 3.4
      vertex 2.89317 15.3652 4
      vertex 2.89317 15.3652 3.4
    endloop
  endfacet
  facet normal 0.874621 0.484808 0
    outer loop
      vertex 2.87286 15.4094 4
      vertex 2.84969 15.4512 3.4
      vertex 2.84969 15.4512 4
    endloop
  endfacet
  facet normal 0.874621 0.484808 0
    outer loop
      vertex 2.84969 15.4512 3.4
      vertex 2.87286 15.4094 4
      vertex 2.87286 15.4094 3.4
    endloop
  endfacet
  facet normal 0.834804 0.550548 0
    outer loop
      vertex 2.84969 15.4512 4
      vertex 2.82364 15.4907 3.4
      vertex 2.82364 15.4907 4
    endloop
  endfacet
  facet normal 0.834804 0.550548 0
    outer loop
      vertex 2.82364 15.4907 3.4
      vertex 2.84969 15.4512 4
      vertex 2.84969 15.4512 3.4
    endloop
  endfacet
  facet normal 0.789489 0.613764 0
    outer loop
      vertex 2.82364 15.4907 4
      vertex 2.79472 15.5279 3.4
      vertex 2.79472 15.5279 4
    endloop
  endfacet
  facet normal 0.789489 0.613764 0
    outer loop
      vertex 2.79472 15.5279 3.4
      vertex 2.82364 15.4907 4
      vertex 2.82364 15.4907 3.4
    endloop
  endfacet
  facet normal 0.73756 0.675282 0
    outer loop
      vertex 2.79472 15.5279 4
      vertex 2.76295 15.5626 3.4
      vertex 2.76295 15.5626 4
    endloop
  endfacet
  facet normal 0.73756 0.675282 0
    outer loop
      vertex 2.76295 15.5626 3.4
      vertex 2.79472 15.5279 4
      vertex 2.79472 15.5279 3.4
    endloop
  endfacet
  facet normal 0.684431 0.729077 -0
    outer loop
      vertex 2.76295 15.5626 3.4
      vertex 2.72833 15.5951 4
      vertex 2.76295 15.5626 4
    endloop
  endfacet
  facet normal 0.684431 0.729077 0
    outer loop
      vertex 2.72833 15.5951 4
      vertex 2.76295 15.5626 3.4
      vertex 2.72833 15.5951 3.4
    endloop
  endfacet
  facet normal 0.625 0.780625 -0
    outer loop
      vertex 2.72833 15.5951 3.4
      vertex 2.69086 15.6251 4
      vertex 2.72833 15.5951 4
    endloop
  endfacet
  facet normal 0.625 0.780625 0
    outer loop
      vertex 2.69086 15.6251 4
      vertex 2.72833 15.5951 3.4
      vertex 2.69086 15.6251 3.4
    endloop
  endfacet
  facet normal 0.566156 0.824298 -0
    outer loop
      vertex 2.69086 15.6251 3.4
      vertex 2.65053 15.6528 4
      vertex 2.69086 15.6251 4
    endloop
  endfacet
  facet normal 0.566156 0.824298 0
    outer loop
      vertex 2.65053 15.6528 4
      vertex 2.69086 15.6251 3.4
      vertex 2.65053 15.6528 3.4
    endloop
  endfacet
  facet normal 0.505796 0.862653 -0
    outer loop
      vertex 2.65053 15.6528 3.4
      vertex 2.60738 15.6781 4
      vertex 2.65053 15.6528 4
    endloop
  endfacet
  facet normal 0.505796 0.862653 0
    outer loop
      vertex 2.60738 15.6781 4
      vertex 2.65053 15.6528 3.4
      vertex 2.60738 15.6781 3.4
    endloop
  endfacet
  facet normal 0.445734 0.895166 -0
    outer loop
      vertex 2.60738 15.6781 3.4
      vertex 2.56139 15.701 4
      vertex 2.60738 15.6781 4
    endloop
  endfacet
  facet normal 0.445734 0.895166 0
    outer loop
      vertex 2.56139 15.701 4
      vertex 2.60738 15.6781 3.4
      vertex 2.56139 15.701 3.4
    endloop
  endfacet
  facet normal 0.387162 0.922012 -0
    outer loop
      vertex 2.56139 15.701 3.4
      vertex 2.51257 15.7215 4
      vertex 2.56139 15.701 4
    endloop
  endfacet
  facet normal 0.387162 0.922012 0
    outer loop
      vertex 2.51257 15.7215 4
      vertex 2.56139 15.701 3.4
      vertex 2.51257 15.7215 3.4
    endloop
  endfacet
  facet normal 0.332514 0.943098 -0
    outer loop
      vertex 2.51257 15.7215 3.4
      vertex 2.46095 15.7397 4
      vertex 2.51257 15.7215 4
    endloop
  endfacet
  facet normal 0.332514 0.943098 0
    outer loop
      vertex 2.46095 15.7397 4
      vertex 2.51257 15.7215 3.4
      vertex 2.46095 15.7397 3.4
    endloop
  endfacet
  facet normal 0.277004 0.960869 -0
    outer loop
      vertex 2.46095 15.7397 3.4
      vertex 2.40649 15.7554 4
      vertex 2.46095 15.7397 4
    endloop
  endfacet
  facet normal 0.277004 0.960869 0
    outer loop
      vertex 2.40649 15.7554 4
      vertex 2.46095 15.7397 3.4
      vertex 2.40649 15.7554 3.4
    endloop
  endfacet
  facet normal 0.226251 0.974069 -0
    outer loop
      vertex 2.40649 15.7554 3.4
      vertex 2.34923 15.7687 4
      vertex 2.40649 15.7554 4
    endloop
  endfacet
  facet normal 0.226251 0.974069 0
    outer loop
      vertex 2.34923 15.7687 4
      vertex 2.40649 15.7554 3.4
      vertex 2.34923 15.7687 3.4
    endloop
  endfacet
  facet normal 0.178568 0.983928 -0
    outer loop
      vertex 2.34923 15.7687 3.4
      vertex 2.28917 15.7796 4
      vertex 2.34923 15.7687 4
    endloop
  endfacet
  facet normal 0.178568 0.983928 0
    outer loop
      vertex 2.28917 15.7796 4
      vertex 2.34923 15.7687 3.4
      vertex 2.28917 15.7796 3.4
    endloop
  endfacet
  facet normal 0.133981 0.990984 -0
    outer loop
      vertex 2.28917 15.7796 3.4
      vertex 2.2263 15.7881 4
      vertex 2.28917 15.7796 4
    endloop
  endfacet
  facet normal 0.133981 0.990984 0
    outer loop
      vertex 2.2263 15.7881 4
      vertex 2.28917 15.7796 3.4
      vertex 2.2263 15.7881 3.4
    endloop
  endfacet
  facet normal 0.0925045 0.995712 -0
    outer loop
      vertex 2.2263 15.7881 3.4
      vertex 2.16064 15.7942 4
      vertex 2.2263 15.7881 4
    endloop
  endfacet
  facet normal 0.0925045 0.995712 0
    outer loop
      vertex 2.16064 15.7942 4
      vertex 2.2263 15.7881 3.4
      vertex 2.16064 15.7942 3.4
    endloop
  endfacet
  facet normal 0.0539753 0.998542 -0
    outer loop
      vertex 2.16064 15.7942 3.4
      vertex 2.09219 15.7979 4
      vertex 2.16064 15.7942 4
    endloop
  endfacet
  facet normal 0.0539753 0.998542 0
    outer loop
      vertex 2.09219 15.7979 4
      vertex 2.16064 15.7942 3.4
      vertex 2.09219 15.7979 3.4
    endloop
  endfacet
  facet normal 0.0168468 0.999858 -0
    outer loop
      vertex 2.09219 15.7979 3.4
      vertex 2.02097 15.7991 4
      vertex 2.09219 15.7979 4
    endloop
  endfacet
  facet normal 0.0168468 0.999858 0
    outer loop
      vertex 2.02097 15.7991 4
      vertex 2.09219 15.7979 3.4
      vertex 2.02097 15.7991 3.4
    endloop
  endfacet
  facet normal 1 -0 0
    outer loop
      vertex 2.02097 15.7991 4
      vertex 2.02097 16.1866 3.4
      vertex 2.02097 16.1866 4
    endloop
  endfacet
  facet normal 1 0 0
    outer loop
      vertex 2.02097 16.1866 3.4
      vertex 2.02097 15.7991 4
      vertex 2.02097 15.7991 3.4
    endloop
  endfacet
  facet normal 0 -1 0
    outer loop
      vertex 2.02097 16.1866 3.4
      vertex 2.72932 16.1866 4
      vertex 2.02097 16.1866 4
    endloop
  endfacet
  facet normal 0 -1 -0
    outer loop
      vertex 2.72932 16.1866 4
      vertex 2.02097 16.1866 3.4
      vertex 2.72932 16.1866 3.4
    endloop
  endfacet
  facet normal 1 -0 0
    outer loop
      vertex 2.72932 16.1866 4
      vertex 2.72932 18.2241 3.4
      vertex 2.72932 18.2241 4
    endloop
  endfacet
  facet normal 1 0 0
    outer loop
      vertex 2.72932 18.2241 3.4
      vertex 2.72932 16.1866 4
      vertex 2.72932 16.1866 3.4
    endloop
  endfacet
  facet normal 0 -1 0
    outer loop
      vertex 2.72932 18.2241 3.4
      vertex 3.31264 18.2241 4
      vertex 2.72932 18.2241 4
    endloop
  endfacet
  facet normal 0 -1 -0
    outer loop
      vertex 3.31264 18.2241 4
      vertex 2.72932 18.2241 3.4
      vertex 3.31264 18.2241 3.4
    endloop
  endfacet
  facet normal -1 0 0
    outer loop
      vertex 3.31264 15.2699 3.4
      vertex 3.31264 18.2241 4
      vertex 3.31264 18.2241 3.4
    endloop
  endfacet
  facet normal -1 -0 0
    outer loop
      vertex 3.31264 18.2241 4
      vertex 3.31264 15.2699 3.4
      vertex 3.31264 15.2699 4
    endloop
  endfacet
  facet normal 1 -0 0
    outer loop
      vertex 14 36 4
      vertex 14 43.3 0
      vertex 14 43.3 4
    endloop
  endfacet
  facet normal 1 0 0
    outer loop
      vertex 14 43.3 0
      vertex 14 36 4
      vertex 14 36 0
    endloop
  endfacet
  facet normal 1 -0 0
    outer loop
      vertex 14 62.7 4
      vertex 14 66.8 0
      vertex 14 66.8 4
    endloop
  endfacet
  facet normal 1 0 0
    outer loop
      vertex 14 66.8 0
      vertex 14 62.7 4
      vertex 14 62.7 0
    endloop
  endfacet
  facet normal 0 -1 0
    outer loop
      vertex 0 36 0
      vertex 14 36 4
      vertex 0 36 4
    endloop
  endfacet
  facet normal 0 -1 -0
    outer loop
      vertex 14 36 4
      vertex 0 36 0
      vertex 14 36 0
    endloop
  endfacet
  facet normal 0 1 -0
    outer loop
      vertex 14 66.8 0
      vertex 0 66.8 4
      vertex 14 66.8 4
    endloop
  endfacet
  facet normal 0 1 0
    outer loop
      vertex 0 66.8 4
      vertex 14 66.8 0
      vertex 0 66.8 0
    endloop
  endfacet
  facet normal -1 0 0
    outer loop
      vertex 0 36 0
      vertex 0 66.8 4
      vertex 0 66.8 0
    endloop
  endfacet
  facet normal -1 -0 0
    outer loop
      vertex 0 66.8 4
      vertex 0 36 0
      vertex 0 36 4
    endloop
  endfacet
  facet normal 0 0 1
    outer loop
      vertex 14 66.8 4
      vertex 8 62.7 4
      vertex 14 62.7 4
    endloop
  endfacet
  facet normal 0 0 1
    outer loop
      vertex 8 62.7 4
      vertex 6.15001 52.6824 4
      vertex 8 43.3 4
    endloop
  endfacet
  facet normal 0 0 1
    outer loop
      vertex 8 62.7 4
      vertex 6.14938 52.75 4
      vertex 6.15001 52.6824 4
    endloop
  endfacet
  facet normal 0 0 1
    outer loop
      vertex 8 62.7 4
      vertex 6.14754 52.8172 4
      vertex 6.14938 52.75 4
    endloop
  endfacet
  facet normal 0 0 1
    outer loop
      vertex 8 62.7 4
      vertex 6.14447 52.8837 4
      vertex 6.14754 52.8172 4
    endloop
  endfacet
  facet normal 0 0 1
    outer loop
      vertex 8 62.7 4
      vertex 6.14023 52.9496 4
      vertex 6.14447 52.8837 4
    endloop
  endfacet
  facet normal 0 0 1
    outer loop
      vertex 8 62.7 4
      vertex 6.13481 53.0146 4
      vertex 6.14023 52.9496 4
    endloop
  endfacet
  facet normal 0 0 1
    outer loop
      vertex 8 62.7 4
      vertex 6.12823 53.0788 4
      vertex 6.13481 53.0146 4
    endloop
  endfacet
  facet normal 0 0 1
    outer loop
      vertex 8 62.7 4
      vertex 6.12053 53.1419 4
      vertex 6.12823 53.0788 4
    endloop
  endfacet
  facet normal 0 0 1
    outer loop
      vertex 8 62.7 4
      vertex 6.11169 53.204 4
      vertex 6.12053 53.1419 4
    endloop
  endfacet
  facet normal 0 0 1
    outer loop
      vertex 8 62.7 4
      vertex 6.10178 53.2649 4
      vertex 6.11169 53.204 4
    endloop
  endfacet
  facet normal 0 0 1
    outer loop
      vertex 8 62.7 4
      vertex 6.09079 53.3245 4
      vertex 6.10178 53.2649 4
    endloop
  endfacet
  facet normal 0 0 1
    outer loop
      vertex 8 62.7 4
      vertex 6.07874 53.3827 4
      vertex 6.09079 53.3245 4
    endloop
  endfacet
  facet normal 0 0 1
    outer loop
      vertex 8 62.7 4
      vertex 6.06564 53.4393 4
      vertex 6.07874 53.3827 4
    endloop
  endfacet
  facet normal 0 0 1
    outer loop
      vertex 8 62.7 4
      vertex 6.05153 53.4944 4
      vertex 6.06564 53.4393 4
    endloop
  endfacet
  facet normal 0 0 1
    outer loop
      vertex 8 62.7 4
      vertex 6.03641 53.5478 4
      vertex 6.05153 53.4944 4
    endloop
  endfacet
  facet normal 0 0 1
    outer loop
      vertex 8 62.7 4
      vertex 6.02031 53.5994 4
      vertex 6.03641 53.5478 4
    endloop
  endfacet
  facet normal 0 0 1
    outer loop
      vertex 8 62.7 4
      vertex 6.00325 53.6491 4
      vertex 6.02031 53.5994 4
    endloop
  endfacet
  facet normal 0 0 1
    outer loop
      vertex 8 62.7 4
      vertex 5.98524 53.6968 4
      vertex 6.00325 53.6491 4
    endloop
  endfacet
  facet normal 0 0 1
    outer loop
      vertex 8 62.7 4
      vertex 5.96631 53.7425 4
      vertex 5.98524 53.6968 4
    endloop
  endfacet
  facet normal 0 0 1
    outer loop
      vertex 8 62.7 4
      vertex 5.94647 53.7859 4
      vertex 5.96631 53.7425 4
    endloop
  endfacet
  facet normal 0 0 1
    outer loop
      vertex 8 62.7 4
      vertex 5.92575 53.827 4
      vertex 5.94647 53.7859 4
    endloop
  endfacet
  facet normal 0 0 1
    outer loop
      vertex 8 62.7 4
      vertex 5.90416 53.8657 4
      vertex 5.92575 53.827 4
    endloop
  endfacet
  facet normal 0 0 1
    outer loop
      vertex 8 62.7 4
      vertex 5.87839 53.9076 4
      vertex 5.90416 53.8657 4
    endloop
  endfacet
  facet normal 0 0 1
    outer loop
      vertex 8 62.7 4
      vertex 5.8511 53.9476 4
      vertex 5.87839 53.9076 4
    endloop
  endfacet
  facet normal 0 0 1
    outer loop
      vertex 8 62.7 4
      vertex 5.82233 53.9856 4
      vertex 5.8511 53.9476 4
    endloop
  endfacet
  facet normal 0 0 1
    outer loop
      vertex 8 62.7 4
      vertex 5.79205 54.0216 4
      vertex 5.82233 53.9856 4
    endloop
  endfacet
  facet normal 0 0 1
    outer loop
      vertex 8 62.7 4
      vertex 5.76031 54.0557 4
      vertex 5.79205 54.0216 4
    endloop
  endfacet
  facet normal 0 0 1
    outer loop
      vertex 8 62.7 4
      vertex 5.7271 54.0878 4
      vertex 5.76031 54.0557 4
    endloop
  endfacet
  facet normal 0 0 1
    outer loop
      vertex 8 62.7 4
      vertex 5.69243 54.1179 4
      vertex 5.7271 54.0878 4
    endloop
  endfacet
  facet normal 0 0 1
    outer loop
      vertex 8 62.7 4
      vertex 5.65634 54.146 4
      vertex 5.69243 54.1179 4
    endloop
  endfacet
  facet normal 0 0 1
    outer loop
      vertex 8 62.7 4
      vertex 5.61882 54.1721 4
      vertex 5.65634 54.146 4
    endloop
  endfacet
  facet normal 0 0 1
    outer loop
      vertex 8 62.7 4
      vertex 5.57988 54.1961 4
      vertex 5.61882 54.1721 4
    endloop
  endfacet
  facet normal 0 0 1
    outer loop
      vertex 8 62.7 4
      vertex 5.53955 54.2182 4
      vertex 5.57988 54.1961 4
    endloop
  endfacet
  facet normal 0 0 1
    outer loop
      vertex 8 62.7 4
      vertex 5.49785 54.2381 4
      vertex 5.53955 54.2182 4
    endloop
  endfacet
  facet normal 0 0 1
    outer loop
      vertex 8 62.7 4
      vertex 5.45477 54.256 4
      vertex 5.49785 54.2381 4
    endloop
  endfacet
  facet normal 0 0 1
    outer loop
      vertex 8 62.7 4
      vertex 5.41034 54.2719 4
      vertex 5.45477 54.256 4
    endloop
  endfacet
  facet normal 0 0 1
    outer loop
      vertex 8 62.7 4
      vertex 5.36456 54.2857 4
      vertex 5.41034 54.2719 4
    endloop
  endfacet
  facet normal 0 0 1
    outer loop
      vertex 8 62.7 4
      vertex 5.31746 54.2973 4
      vertex 5.36456 54.2857 4
    endloop
  endfacet
  facet normal 0 0 1
    outer loop
      vertex 8 62.7 4
      vertex 5.26904 54.3069 4
      vertex 5.31746 54.2973 4
    endloop
  endfacet
  facet normal 0 0 1
    outer loop
      vertex 8 62.7 4
      vertex 5.21933 54.3144 4
      vertex 5.26904 54.3069 4
    endloop
  endfacet
  facet normal 0 0 1
    outer loop
      vertex 8 62.7 4
      vertex 5.16832 54.3197 4
      vertex 5.21933 54.3144 4
    endloop
  endfacet
  facet normal 0 0 1
    outer loop
      vertex 8 62.7 4
      vertex 5.11604 54.323 4
      vertex 5.16832 54.3197 4
    endloop
  endfacet
  facet normal 0 0 1
    outer loop
      vertex 8 62.7 4
      vertex 5.0625 54.324 4
      vertex 5.11604 54.323 4
    endloop
  endfacet
  facet normal 0 0 1
    outer loop
      vertex 8 62.7 4
      vertex 4.99075 54.3218 4
      vertex 5.0625 54.324 4
    endloop
  endfacet
  facet normal 0 0 1
    outer loop
      vertex 8 62.7 4
      vertex 4.92087 54.3152 4
      vertex 4.99075 54.3218 4
    endloop
  endfacet
  facet normal 0 0 1
    outer loop
      vertex 8 62.7 4
      vertex 4.85301 54.3043 4
      vertex 4.92087 54.3152 4
    endloop
  endfacet
  facet normal 0 0 1
    outer loop
      vertex 3.31264 54.2241 4
      vertex 4.85301 54.3043 4
      vertex 8 62.7 4
    endloop
  endfacet
  facet normal 0 0 1
    outer loop
      vertex 4.85301 54.3043 4
      vertex 3.31264 54.2241 4
      vertex 4.78732 54.2892 4
    endloop
  endfacet
  facet normal 0 0 1
    outer loop
      vertex 4.78732 54.2892 4
      vertex 3.31264 54.2241 4
      vertex 4.72397 54.2702 4
    endloop
  endfacet
  facet normal 0 0 1
    outer loop
      vertex 4.72397 54.2702 4
      vertex 3.31264 54.2241 4
      vertex 4.66312 54.2474 4
    endloop
  endfacet
  facet normal 0 0 1
    outer loop
      vertex 4.66312 54.2474 4
      vertex 3.31264 54.2241 4
      vertex 4.60493 54.2208 4
    endloop
  endfacet
  facet normal 0 0 1
    outer loop
      vertex 4.60493 54.2208 4
      vertex 3.31264 54.2241 4
      vertex 4.54955 54.1907 4
    endloop
  endfacet
  facet normal 0 0 1
    outer loop
      vertex 4.54955 54.1907 4
      vertex 3.31264 54.2241 4
      vertex 4.49715 54.1571 4
    endloop
  endfacet
  facet normal 0 0 1
    outer loop
      vertex 4.49715 54.1571 4
      vertex 3.31264 54.2241 4
      vertex 4.44788 54.1202 4
    endloop
  endfacet
  facet normal 0 0 1
    outer loop
      vertex 4.44788 54.1202 4
      vertex 3.31264 54.2241 4
      vertex 4.4019 54.0802 4
    endloop
  endfacet
  facet normal 0 0 1
    outer loop
      vertex 4.4019 54.0802 4
      vertex 3.31264 54.2241 4
      vertex 4.35938 54.0372 4
    endloop
  endfacet
  facet normal 0 0 1
    outer loop
      vertex 4.35938 54.0372 4
      vertex 3.31264 54.2241 4
      vertex 4.32047 53.9912 4
    endloop
  endfacet
  facet normal 0 0 1
    outer loop
      vertex 4.32047 53.9912 4
      vertex 3.31264 54.2241 4
      vertex 4.28532 53.9426 4
    endloop
  endfacet
  facet normal 0 0 1
    outer loop
      vertex 4.28532 53.9426 4
      vertex 3.31264 54.2241 4
      vertex 4.25412 53.8913 4
    endloop
  endfacet
  facet normal 0 0 1
    outer loop
      vertex 4.17502 52.648 4
      vertex 3.31264 54.2241 4
      vertex 4.15434 52.5743 4
    endloop
  endfacet
  facet normal 0 0 1
    outer loop
      vertex 4.15434 52.5743 4
      vertex 3.31264 54.2241 4
      vertex 4.13805 52.4974 4
    endloop
  endfacet
  facet normal 0 0 1
    outer loop
      vertex 3.31264 51.2699 4
      vertex 4.13805 52.4974 4
      vertex 3.31264 54.2241 4
    endloop
  endfacet
  facet normal 0 0 1
    outer loop
      vertex 4.12625 52.4175 4
      vertex 3.31264 51.2699 4
      vertex 4.11908 52.3347 4
    endloop
  endfacet
  facet normal 0 0 1
    outer loop
      vertex 4.13805 52.4974 4
      vertex 3.31264 51.2699 4
      vertex 4.12625 52.4175 4
    endloop
  endfacet
  facet normal 0 0 1
    outer loop
      vertex 4.16261 53.6006 4
      vertex 3.31264 54.2241 4
      vertex 4.15833 53.5365 4
    endloop
  endfacet
  facet normal 0 0 1
    outer loop
      vertex 4.17178 53.6628 4
      vertex 3.31264 54.2241 4
      vertex 4.16261 53.6006 4
    endloop
  endfacet
  facet normal 0 0 1
    outer loop
      vertex 4.18567 53.7232 4
      vertex 3.31264 54.2241 4
      vertex 4.17178 53.6628 4
    endloop
  endfacet
  facet normal 0 0 1
    outer loop
      vertex 4.20413 53.7814 4
      vertex 3.31264 54.2241 4
      vertex 4.18567 53.7232 4
    endloop
  endfacet
  facet normal 0 0 1
    outer loop
      vertex 4.22701 53.8375 4
      vertex 3.31264 54.2241 4
      vertex 4.20413 53.7814 4
    endloop
  endfacet
  facet normal 0 0 1
    outer loop
      vertex 4.25412 53.8913 4
      vertex 3.31264 54.2241 4
      vertex 4.22701 53.8375 4
    endloop
  endfacet
  facet normal 0 0 1
    outer loop
      vertex 8 62.7 4
      vertex 2.72932 54.2241 4
      vertex 3.31264 54.2241 4
    endloop
  endfacet
  facet normal 0 0 1
    outer loop
      vertex 2.72932 54.2241 4
      vertex 2.02097 52.1866 4
      vertex 2.72932 52.1866 4
    endloop
  endfacet
  facet normal 0 0 1
    outer loop
      vertex 2.02097 52.1866 4
      vertex 0 66.8 4
      vertex 2.02097 51.7991 4
    endloop
  endfacet
  facet normal 0 0 1
    outer loop
      vertex 2.72932 54.2241 4
      vertex 0 66.8 4
      vertex 2.02097 52.1866 4
    endloop
  endfacet
  facet normal 0 0 1
    outer loop
      vertex 8 62.7 4
      vertex 0 66.8 4
      vertex 2.72932 54.2241 4
    endloop
  endfacet
  facet normal -0 0 1
    outer loop
      vertex 0 66.8 4
      vertex 8 62.7 4
      vertex 14 66.8 4
    endloop
  endfacet
  facet normal -0 0 1
    outer loop
      vertex 8 43.3 4
      vertex 14 36 4
      vertex 14 43.3 4
    endloop
  endfacet
  facet normal -0 0 1
    outer loop
      vertex 6.14955 52.6212 4
      vertex 8 43.3 4
      vertex 6.15001 52.6824 4
    endloop
  endfacet
  facet normal -0 0 1
    outer loop
      vertex 6.14818 52.5613 4
      vertex 8 43.3 4
      vertex 6.14955 52.6212 4
    endloop
  endfacet
  facet normal -0 0 1
    outer loop
      vertex 6.1459 52.5028 4
      vertex 8 43.3 4
      vertex 6.14818 52.5613 4
    endloop
  endfacet
  facet normal -0 0 1
    outer loop
      vertex 6.14272 52.4457 4
      vertex 8 43.3 4
      vertex 6.1459 52.5028 4
    endloop
  endfacet
  facet normal -0 0 1
    outer loop
      vertex 6.13861 52.39 4
      vertex 8 43.3 4
      vertex 6.14272 52.4457 4
    endloop
  endfacet
  facet normal -0 0 1
    outer loop
      vertex 6.13358 52.3357 4
      vertex 8 43.3 4
      vertex 6.13861 52.39 4
    endloop
  endfacet
  facet normal -0 0 1
    outer loop
      vertex 6.12762 52.2827 4
      vertex 8 43.3 4
      vertex 6.13358 52.3357 4
    endloop
  endfacet
  facet normal -0 0 1
    outer loop
      vertex 6.12074 52.2312 4
      vertex 8 43.3 4
      vertex 6.12762 52.2827 4
    endloop
  endfacet
  facet normal -0 0 1
    outer loop
      vertex 6.11295 52.181 4
      vertex 8 43.3 4
      vertex 6.12074 52.2312 4
    endloop
  endfacet
  facet normal -0 0 1
    outer loop
      vertex 6.1042 52.1323 4
      vertex 8 43.3 4
      vertex 6.11295 52.181 4
    endloop
  endfacet
  facet normal -0 0 1
    outer loop
      vertex 6.09453 52.085 4
      vertex 8 43.3 4
      vertex 6.1042 52.1323 4
    endloop
  endfacet
  facet normal -0 0 1
    outer loop
      vertex 6.08392 52.0391 4
      vertex 8 43.3 4
      vertex 6.09453 52.085 4
    endloop
  endfacet
  facet normal -0 0 1
    outer loop
      vertex 6.07237 51.9946 4
      vertex 8 43.3 4
      vertex 6.08392 52.0391 4
    endloop
  endfacet
  facet normal -0 0 1
    outer loop
      vertex 6.05988 51.9515 4
      vertex 8 43.3 4
      vertex 6.07237 51.9946 4
    endloop
  endfacet
  facet normal -0 0 1
    outer loop
      vertex 6.04645 51.9099 4
      vertex 8 43.3 4
      vertex 6.05988 51.9515 4
    endloop
  endfacet
  facet normal -0 0 1
    outer loop
      vertex 6.03206 51.8697 4
      vertex 8 43.3 4
      vertex 6.04645 51.9099 4
    endloop
  endfacet
  facet normal -0 0 1
    outer loop
      vertex 6.01672 51.831 4
      vertex 8 43.3 4
      vertex 6.03206 51.8697 4
    endloop
  endfacet
  facet normal -0 0 1
    outer loop
      vertex 6.00043 51.7938 4
      vertex 8 43.3 4
      vertex 6.01672 51.831 4
    endloop
  endfacet
  facet normal -0 0 1
    outer loop
      vertex 5.98318 51.7579 4
      vertex 8 43.3 4
      vertex 6.00043 51.7938 4
    endloop
  endfacet
  facet normal -0 0 1
    outer loop
      vertex 5.96498 51.7236 4
      vertex 8 43.3 4
      vertex 5.98318 51.7579 4
    endloop
  endfacet
  facet normal -0 0 1
    outer loop
      vertex 5.94582 51.6907 4
      vertex 8 43.3 4
      vertex 5.96498 51.7236 4
    endloop
  endfacet
  facet normal -0 0 1
    outer loop
      vertex 5.91833 51.6465 4
      vertex 8 43.3 4
      vertex 5.94582 51.6907 4
    endloop
  endfacet
  facet normal -0 0 1
    outer loop
      vertex 5.88945 51.6043 4
      vertex 8 43.3 4
      vertex 5.91833 51.6465 4
    endloop
  endfacet
  facet normal -0 0 1
    outer loop
      vertex 5.85921 51.5642 4
      vertex 8 43.3 4
      vertex 5.88945 51.6043 4
    endloop
  endfacet
  facet normal -0 0 1
    outer loop
      vertex 5.82764 51.5262 4
      vertex 8 43.3 4
      vertex 5.85921 51.5642 4
    endloop
  endfacet
  facet normal -0 0 1
    outer loop
      vertex 5.79474 51.4903 4
      vertex 8 43.3 4
      vertex 5.82764 51.5262 4
    endloop
  endfacet
  facet normal -0 0 1
    outer loop
      vertex 5.76057 51.4564 4
      vertex 8 43.3 4
      vertex 5.79474 51.4903 4
    endloop
  endfacet
  facet normal -0 0 1
    outer loop
      vertex 5.72514 51.4247 4
      vertex 8 43.3 4
      vertex 5.76057 51.4564 4
    endloop
  endfacet
  facet normal -0 0 1
    outer loop
      vertex 5.68849 51.395 4
      vertex 8 43.3 4
      vertex 5.72514 51.4247 4
    endloop
  endfacet
  facet normal -0 0 1
    outer loop
      vertex 5.65063 51.3675 4
      vertex 8 43.3 4
      vertex 5.68849 51.395 4
    endloop
  endfacet
  facet normal -0 0 1
    outer loop
      vertex 5.6116 51.3422 4
      vertex 8 43.3 4
      vertex 5.65063 51.3675 4
    endloop
  endfacet
  facet normal -0 0 1
    outer loop
      vertex 5.57143 51.319 4
      vertex 8 43.3 4
      vertex 5.6116 51.3422 4
    endloop
  endfacet
  facet normal -0 0 1
    outer loop
      vertex 5.53014 51.2979 4
      vertex 8 43.3 4
      vertex 5.57143 51.319 4
    endloop
  endfacet
  facet normal -0 0 1
    outer loop
      vertex 5.48773 51.279 4
      vertex 8 43.3 4
      vertex 5.53014 51.2979 4
    endloop
  endfacet
  facet normal -0 0 1
    outer loop
      vertex 5.44427 51.2623 4
      vertex 8 43.3 4
      vertex 5.48773 51.279 4
    endloop
  endfacet
  facet normal -0 0 1
    outer loop
      vertex 5.39978 51.2478 4
      vertex 8 43.3 4
      vertex 5.44427 51.2623 4
    endloop
  endfacet
  facet normal -0 0 1
    outer loop
      vertex 5.35428 51.2355 4
      vertex 8 43.3 4
      vertex 5.39978 51.2478 4
    endloop
  endfacet
  facet normal -0 0 1
    outer loop
      vertex 5.30779 51.2254 4
      vertex 8 43.3 4
      vertex 5.35428 51.2355 4
    endloop
  endfacet
  facet normal -0 0 1
    outer loop
      vertex 5.26033 51.2175 4
      vertex 8 43.3 4
      vertex 5.30779 51.2254 4
    endloop
  endfacet
  facet normal -0 0 1
    outer loop
      vertex 5.21194 51.2119 4
      vertex 8 43.3 4
      vertex 5.26033 51.2175 4
    endloop
  endfacet
  facet normal -0 0 1
    outer loop
      vertex 5.16264 51.2085 4
      vertex 8 43.3 4
      vertex 5.21194 51.2119 4
    endloop
  endfacet
  facet normal -0 0 1
    outer loop
      vertex 5.11249 51.2074 4
      vertex 8 43.3 4
      vertex 5.16264 51.2085 4
    endloop
  endfacet
  facet normal 0 0 1
    outer loop
      vertex 5.02925 51.2103 4
      vertex 8 43.3 4
      vertex 5.11249 51.2074 4
    endloop
  endfacet
  facet normal 0 0 1
    outer loop
      vertex 4.94873 51.2187 4
      vertex 8 43.3 4
      vertex 5.02925 51.2103 4
    endloop
  endfacet
  facet normal 0 0 1
    outer loop
      vertex 4.87102 51.2327 4
      vertex 8 43.3 4
      vertex 4.94873 51.2187 4
    endloop
  endfacet
  facet normal 0 0 1
    outer loop
      vertex 3.31264 51.2699 4
      vertex 4.87102 51.2327 4
      vertex 4.7963 51.252 4
    endloop
  endfacet
  facet normal -0 0 1
    outer loop
      vertex 3.31264 51.2699 4
      vertex 4.7963 51.252 4
      vertex 4.72469 51.2765 4
    endloop
  endfacet
  facet normal 0 0 1
    outer loop
      vertex 3.31264 51.2699 4
      vertex 4.72469 51.2765 4
      vertex 4.65631 51.306 4
    endloop
  endfacet
  facet normal 0 0 1
    outer loop
      vertex 3.31264 51.2699 4
      vertex 4.65631 51.306 4
      vertex 4.59135 51.3404 4
    endloop
  endfacet
  facet normal 0 0 1
    outer loop
      vertex 3.31264 51.2699 4
      vertex 4.59135 51.3404 4
      vertex 4.52991 51.3795 4
    endloop
  endfacet
  facet normal 0 0 1
    outer loop
      vertex 3.31264 51.2699 4
      vertex 4.52991 51.3795 4
      vertex 4.47215 51.4232 4
    endloop
  endfacet
  facet normal 0 0 1
    outer loop
      vertex 3.31264 51.2699 4
      vertex 4.47215 51.4232 4
      vertex 4.4182 51.4713 4
    endloop
  endfacet
  facet normal 0 0 1
    outer loop
      vertex 3.31264 51.2699 4
      vertex 4.4182 51.4713 4
      vertex 4.36821 51.5237 4
    endloop
  endfacet
  facet normal 0 0 1
    outer loop
      vertex 3.31264 51.2699 4
      vertex 4.36821 51.5237 4
      vertex 4.32231 51.5802 4
    endloop
  endfacet
  facet normal 0 0 1
    outer loop
      vertex 3.31264 51.2699 4
      vertex 4.32231 51.5802 4
      vertex 4.28064 51.6407 4
    endloop
  endfacet
  facet normal 0 0 1
    outer loop
      vertex 3.31264 51.2699 4
      vertex 4.28064 51.6407 4
      vertex 4.24336 51.7049 4
    endloop
  endfacet
  facet normal 0 0 1
    outer loop
      vertex 3.31264 51.2699 4
      vertex 4.24336 51.7049 4
      vertex 4.21059 51.7729 4
    endloop
  endfacet
  facet normal 0 0 1
    outer loop
      vertex 4.11908 52.3347 4
      vertex 3.31264 51.2699 4
      vertex 4.11667 52.2491 4
    endloop
  endfacet
  facet normal 0 0 1
    outer loop
      vertex 4.11667 52.2491 4
      vertex 3.31264 51.2699 4
      vertex 4.11938 52.1623 4
    endloop
  endfacet
  facet normal 0 0 1
    outer loop
      vertex 4.11938 52.1623 4
      vertex 3.31264 51.2699 4
      vertex 4.12747 52.0783 4
    endloop
  endfacet
  facet normal 0 0 1
    outer loop
      vertex 4.12747 52.0783 4
      vertex 3.31264 51.2699 4
      vertex 4.14078 51.9972 4
    endloop
  endfacet
  facet normal 0 0 1
    outer loop
      vertex 4.14078 51.9972 4
      vertex 3.31264 51.2699 4
      vertex 4.15915 51.9192 4
    endloop
  endfacet
  facet normal 0 0 1
    outer loop
      vertex 4.15915 51.9192 4
      vertex 3.31264 51.2699 4
      vertex 4.18248 51.8443 4
    endloop
  endfacet
  facet normal 0 0 1
    outer loop
      vertex 3.31264 51.2699 4
      vertex 4.21059 51.7729 4
      vertex 4.18248 51.8443 4
    endloop
  endfacet
  facet normal 0 0 1
    outer loop
      vertex 4.87102 51.2327 4
      vertex 3.31264 51.2699 4
      vertex 8 43.3 4
    endloop
  endfacet
  facet normal -0 0 1
    outer loop
      vertex 2.92514 51.2699 4
      vertex 8 43.3 4
      vertex 3.31264 51.2699 4
    endloop
  endfacet
  facet normal 0 0 1
    outer loop
      vertex 2.89317 51.3652 4
      vertex 2.92514 51.2699 4
      vertex 2.9106 51.3187 4
    endloop
  endfacet
  facet normal 0 0 1
    outer loop
      vertex 2.87286 51.4094 4
      vertex 2.92514 51.2699 4
      vertex 2.89317 51.3652 4
    endloop
  endfacet
  facet normal 0 0 1
    outer loop
      vertex 2.84969 51.4512 4
      vertex 2.92514 51.2699 4
      vertex 2.87286 51.4094 4
    endloop
  endfacet
  facet normal 0 0 1
    outer loop
      vertex 2.82364 51.4907 4
      vertex 2.92514 51.2699 4
      vertex 2.84969 51.4512 4
    endloop
  endfacet
  facet normal 0 0 1
    outer loop
      vertex 2.79472 51.5279 4
      vertex 2.92514 51.2699 4
      vertex 2.82364 51.4907 4
    endloop
  endfacet
  facet normal 0 0 1
    outer loop
      vertex 2.76295 51.5626 4
      vertex 2.92514 51.2699 4
      vertex 2.79472 51.5279 4
    endloop
  endfacet
  facet normal 0 0 1
    outer loop
      vertex 2.72833 51.5951 4
      vertex 2.92514 51.2699 4
      vertex 2.76295 51.5626 4
    endloop
  endfacet
  facet normal 0 0 1
    outer loop
      vertex 2.69086 51.6251 4
      vertex 2.92514 51.2699 4
      vertex 2.72833 51.5951 4
    endloop
  endfacet
  facet normal 0 0 1
    outer loop
      vertex 2.65053 51.6528 4
      vertex 2.92514 51.2699 4
      vertex 2.69086 51.6251 4
    endloop
  endfacet
  facet normal 0 0 1
    outer loop
      vertex 2.60738 51.6781 4
      vertex 2.92514 51.2699 4
      vertex 2.65053 51.6528 4
    endloop
  endfacet
  facet normal 0 0 1
    outer loop
      vertex 2.92514 51.2699 4
      vertex 2.60738 51.6781 4
      vertex 2.56139 51.701 4
    endloop
  endfacet
  facet normal 0 0 1
    outer loop
      vertex 2.92514 51.2699 4
      vertex 2.56139 51.701 4
      vertex 2.51257 51.7215 4
    endloop
  endfacet
  facet normal 0 0 1
    outer loop
      vertex 2.92514 51.2699 4
      vertex 2.51257 51.7215 4
      vertex 2.46095 51.7397 4
    endloop
  endfacet
  facet normal 0 0 1
    outer loop
      vertex 2.92514 51.2699 4
      vertex 2.46095 51.7397 4
      vertex 2.40649 51.7554 4
    endloop
  endfacet
  facet normal 0 0 1
    outer loop
      vertex 2.92514 51.2699 4
      vertex 2.40649 51.7554 4
      vertex 2.34923 51.7687 4
    endloop
  endfacet
  facet normal 0 0 1
    outer loop
      vertex 2.92514 51.2699 4
      vertex 2.34923 51.7687 4
      vertex 2.28917 51.7796 4
    endloop
  endfacet
  facet normal 0 0 1
    outer loop
      vertex 2.92514 51.2699 4
      vertex 2.28917 51.7796 4
      vertex 2.2263 51.7881 4
    endloop
  endfacet
  facet normal 0 0 1
    outer loop
      vertex 2.92514 51.2699 4
      vertex 2.2263 51.7881 4
      vertex 2.16064 51.7942 4
    endloop
  endfacet
  facet normal 0 0 1
    outer loop
      vertex 2.92514 51.2699 4
      vertex 2.16064 51.7942 4
      vertex 2.09219 51.7979 4
    endloop
  endfacet
  facet normal 0 0 1
    outer loop
      vertex 2.92514 51.2699 4
      vertex 2.09219 51.7979 4
      vertex 2.02097 51.7991 4
    endloop
  endfacet
  facet normal 0 0 1
    outer loop
      vertex 0 36 4
      vertex 2.92514 51.2699 4
      vertex 2.02097 51.7991 4
    endloop
  endfacet
  facet normal 0 0 1
    outer loop
      vertex 8 43.3 4
      vertex 0 36 4
      vertex 14 36 4
    endloop
  endfacet
  facet normal 0 0 1
    outer loop
      vertex 2.92514 51.2699 4
      vertex 0 36 4
      vertex 8 43.3 4
    endloop
  endfacet
  facet normal 0 0 1
    outer loop
      vertex 0 36 4
      vertex 2.02097 51.7991 4
      vertex 0 66.8 4
    endloop
  endfacet
  facet normal 0 0 1
    outer loop
      vertex 5.49788 53.0596 4
      vertex 5.56557 53.0619 4
      vertex 5.56233 53.1373 4
    endloop
  endfacet
  facet normal 0 0 1
    outer loop
      vertex 5.44806 53.1119 4
      vertex 5.56233 53.1373 4
      vertex 5.55692 53.2088 4
    endloop
  endfacet
  facet normal 0 0 1
    outer loop
      vertex 5.3983 53.1549 4
      vertex 5.55692 53.2088 4
      vertex 5.54933 53.2761 4
    endloop
  endfacet
  facet normal 0 0 1
    outer loop
      vertex 5.3558 53.1841 4
      vertex 5.54933 53.2761 4
      vertex 5.53955 53.3395 4
    endloop
  endfacet
  facet normal 0 0 1
    outer loop
      vertex 5.56557 53.0619 4
      vertex 5.52917 53.0247 4
      vertex 5.56665 52.9824 4
    endloop
  endfacet
  facet normal 0 0 1
    outer loop
      vertex 5.32579 53.201 4
      vertex 5.53955 53.3395 4
      vertex 5.52759 53.3989 4
    endloop
  endfacet
  facet normal 0 0 1
    outer loop
      vertex 5.27654 53.2234 4
      vertex 5.52759 53.3989 4
      vertex 5.51341 53.4543 4
    endloop
  endfacet
  facet normal 0 0 1
    outer loop
      vertex 5.56557 53.0619 4
      vertex 5.50771 53.0487 4
      vertex 5.52917 53.0247 4
    endloop
  endfacet
  facet normal 0 0 1
    outer loop
      vertex 5.56557 53.0619 4
      vertex 5.49788 53.0596 4
      vertex 5.50771 53.0487 4
    endloop
  endfacet
  facet normal 0 0 1
    outer loop
      vertex 5.25909 53.2301 4
      vertex 5.51341 53.4543 4
      vertex 5.49702 53.5058 4
    endloop
  endfacet
  facet normal 0 0 1
    outer loop
      vertex 5.56233 53.1373 4
      vertex 5.48857 53.0697 4
      vertex 5.49788 53.0596 4
    endloop
  endfacet
  facet normal 0 0 1
    outer loop
      vertex 5.56233 53.1373 4
      vertex 5.47974 53.0793 4
      vertex 5.48857 53.0697 4
    endloop
  endfacet
  facet normal 0 0 1
    outer loop
      vertex 5.22285 53.2421 4
      vertex 5.49702 53.5058 4
      vertex 5.47842 53.5533 4
    endloop
  endfacet
  facet normal 0 0 1
    outer loop
      vertex 5.56233 53.1373 4
      vertex 5.47133 53.0882 4
      vertex 5.47974 53.0793 4
    endloop
  endfacet
  facet normal 0 0 1
    outer loop
      vertex 5.56233 53.1373 4
      vertex 5.46327 53.0966 4
      vertex 5.47133 53.0882 4
    endloop
  endfacet
  facet normal 0 0 1
    outer loop
      vertex 5.2041 53.2475 4
      vertex 5.47842 53.5533 4
      vertex 5.4576 53.5969 4
    endloop
  endfacet
  facet normal 0 0 1
    outer loop
      vertex 5.56233 53.1373 4
      vertex 5.45554 53.1045 4
      vertex 5.46327 53.0966 4
    endloop
  endfacet
  facet normal 0 0 1
    outer loop
      vertex 5.56233 53.1373 4
      vertex 5.44806 53.1119 4
      vertex 5.45554 53.1045 4
    endloop
  endfacet
  facet normal 0 0 1
    outer loop
      vertex 5.55692 53.2088 4
      vertex 5.44077 53.1189 4
      vertex 5.44806 53.1119 4
    endloop
  endfacet
  facet normal 0 0 1
    outer loop
      vertex 5.18498 53.2524 4
      vertex 5.4576 53.5969 4
      vertex 5.43452 53.6367 4
    endloop
  endfacet
  facet normal 0 0 1
    outer loop
      vertex 5.55692 53.2088 4
      vertex 5.43364 53.1256 4
      vertex 5.44077 53.1189 4
    endloop
  endfacet
  facet normal 0 0 1
    outer loop
      vertex 5.55692 53.2088 4
      vertex 5.42661 53.1319 4
      vertex 5.43364 53.1256 4
    endloop
  endfacet
  facet normal 0 0 1
    outer loop
      vertex 5.55692 53.2088 4
      vertex 5.4196 53.138 4
      vertex 5.42661 53.1319 4
    endloop
  endfacet
  facet normal 0 0 1
    outer loop
      vertex 5.55692 53.2088 4
      vertex 5.41258 53.1438 4
      vertex 5.4196 53.138 4
    endloop
  endfacet
  facet normal 0 0 1
    outer loop
      vertex 5.16548 53.2568 4
      vertex 5.43452 53.6367 4
      vertex 5.40921 53.6725 4
    endloop
  endfacet
  facet normal 0 0 1
    outer loop
      vertex 5.55692 53.2088 4
      vertex 5.4055 53.1494 4
      vertex 5.41258 53.1438 4
    endloop
  endfacet
  facet normal 0 0 1
    outer loop
      vertex 5.55692 53.2088 4
      vertex 5.3983 53.1549 4
      vertex 5.4055 53.1494 4
    endloop
  endfacet
  facet normal 0 0 1
    outer loop
      vertex 5.54933 53.2761 4
      vertex 5.39093 53.1604 4
      vertex 5.3983 53.1549 4
    endloop
  endfacet
  facet normal 0 0 1
    outer loop
      vertex 5.54933 53.2761 4
      vertex 5.38332 53.1657 4
      vertex 5.39093 53.1604 4
    endloop
  endfacet
  facet normal 0 0 1
    outer loop
      vertex 5.14566 53.2608 4
      vertex 5.40921 53.6725 4
      vertex 5.38165 53.7045 4
    endloop
  endfacet
  facet normal 0 0 1
    outer loop
      vertex 5.54933 53.2761 4
      vertex 5.36989 53.1751 4
      vertex 5.38332 53.1657 4
    endloop
  endfacet
  facet normal 0 0 1
    outer loop
      vertex 5.54933 53.2761 4
      vertex 5.3558 53.1841 4
      vertex 5.36989 53.1751 4
    endloop
  endfacet
  facet normal 0 0 1
    outer loop
      vertex 5.14566 53.2608 4
      vertex 5.38165 53.7045 4
      vertex 5.35184 53.7327 4
    endloop
  endfacet
  facet normal 0 0 1
    outer loop
      vertex 5.53955 53.3395 4
      vertex 5.34109 53.1927 4
      vertex 5.3558 53.1841 4
    endloop
  endfacet
  facet normal 0 0 1
    outer loop
      vertex 5.53955 53.3395 4
      vertex 5.32579 53.201 4
      vertex 5.34109 53.1927 4
    endloop
  endfacet
  facet normal 0 0 1
    outer loop
      vertex 5.12555 53.2642 4
      vertex 5.35184 53.7327 4
      vertex 5.31975 53.7571 4
    endloop
  endfacet
  facet normal 0 0 1
    outer loop
      vertex 5.52759 53.3989 4
      vertex 5.30991 53.2089 4
      vertex 5.32579 53.201 4
    endloop
  endfacet
  facet normal 0 0 1
    outer loop
      vertex 5.52759 53.3989 4
      vertex 5.29349 53.2163 4
      vertex 5.30991 53.2089 4
    endloop
  endfacet
  facet normal 0 0 1
    outer loop
      vertex 5.12555 53.2642 4
      vertex 5.31975 53.7571 4
      vertex 5.28539 53.7776 4
    endloop
  endfacet
  facet normal 0 0 1
    outer loop
      vertex 5.52759 53.3989 4
      vertex 5.27654 53.2234 4
      vertex 5.29349 53.2163 4
    endloop
  endfacet
  facet normal 0 0 1
    outer loop
      vertex 5.51341 53.4543 4
      vertex 5.25909 53.2301 4
      vertex 5.27654 53.2234 4
    endloop
  endfacet
  facet normal 0 0 1
    outer loop
      vertex 5.12555 53.2642 4
      vertex 5.28539 53.7776 4
      vertex 5.24873 53.7944 4
    endloop
  endfacet
  facet normal 0 0 1
    outer loop
      vertex 5.49702 53.5058 4
      vertex 5.2412 53.2363 4
      vertex 5.25909 53.2301 4
    endloop
  endfacet
  facet normal 0 0 1
    outer loop
      vertex 5.49702 53.5058 4
      vertex 5.22285 53.2421 4
      vertex 5.2412 53.2363 4
    endloop
  endfacet
  facet normal 0 0 1
    outer loop
      vertex 5.10515 53.2672 4
      vertex 5.24873 53.7944 4
      vertex 5.20979 53.8074 4
    endloop
  endfacet
  facet normal 0 0 1
    outer loop
      vertex 5.47842 53.5533 4
      vertex 5.2041 53.2475 4
      vertex 5.22285 53.2421 4
    endloop
  endfacet
  facet normal 0 0 1
    outer loop
      vertex 5.4576 53.5969 4
      vertex 5.18498 53.2524 4
      vertex 5.2041 53.2475 4
    endloop
  endfacet
  facet normal 0 0 1
    outer loop
      vertex 5.10515 53.2672 4
      vertex 5.20979 53.8074 4
      vertex 5.16856 53.8167 4
    endloop
  endfacet
  facet normal 0 0 1
    outer loop
      vertex 5.43452 53.6367 4
      vertex 5.16548 53.2568 4
      vertex 5.18498 53.2524 4
    endloop
  endfacet
  facet normal 0 0 1
    outer loop
      vertex 5.40921 53.6725 4
      vertex 5.14566 53.2608 4
      vertex 5.16548 53.2568 4
    endloop
  endfacet
  facet normal 0 0 1
    outer loop
      vertex 5.35184 53.7327 4
      vertex 5.12555 53.2642 4
      vertex 5.14566 53.2608 4
    endloop
  endfacet
  facet normal 0 0 1
    outer loop
      vertex 5.0845 53.2696 4
      vertex 5.16856 53.8167 4
      vertex 5.12502 53.8222 4
    endloop
  endfacet
  facet normal 0 0 1
    outer loop
      vertex 5.24873 53.7944 4
      vertex 5.10515 53.2672 4
      vertex 5.12555 53.2642 4
    endloop
  endfacet
  facet normal 0 0 1
    outer loop
      vertex 5.16856 53.8167 4
      vertex 5.0845 53.2696 4
      vertex 5.10515 53.2672 4
    endloop
  endfacet
  facet normal 0 0 1
    outer loop
      vertex 5.06364 53.2715 4
      vertex 5.12502 53.8222 4
      vertex 5.07915 53.8241 4
    endloop
  endfacet
  facet normal 0 0 1
    outer loop
      vertex 5.12502 53.8222 4
      vertex 5.06364 53.2715 4
      vertex 5.0845 53.2696 4
    endloop
  endfacet
  facet normal -0 0 1
    outer loop
      vertex 5.04988 53.8233 4
      vertex 5.06364 53.2715 4
      vertex 5.07915 53.8241 4
    endloop
  endfacet
  facet normal 0 0 1
    outer loop
      vertex 5.04988 53.8233 4
      vertex 5.04257 53.2729 4
      vertex 5.06364 53.2715 4
    endloop
  endfacet
  facet normal -0 0 1
    outer loop
      vertex 5.02161 53.821 4
      vertex 5.04257 53.2729 4
      vertex 5.04988 53.8233 4
    endloop
  endfacet
  facet normal 0 0 1
    outer loop
      vertex 5.02161 53.821 4
      vertex 5.02135 53.2738 4
      vertex 5.04257 53.2729 4
    endloop
  endfacet
  facet normal -0 0 1
    outer loop
      vertex 4.99437 53.8173 4
      vertex 5.02135 53.2738 4
      vertex 5.02161 53.821 4
    endloop
  endfacet
  facet normal -0 0 1
    outer loop
      vertex 4.9682 53.8122 4
      vertex 5.02135 53.2738 4
      vertex 4.99437 53.8173 4
    endloop
  endfacet
  facet normal -0 0 1
    outer loop
      vertex 4.94313 53.8056 4
      vertex 5.02135 53.2738 4
      vertex 4.9682 53.8122 4
    endloop
  endfacet
  facet normal 0 0 1
    outer loop
      vertex 5.02135 53.2738 4
      vertex 4.94313 53.8056 4
      vertex 4.99998 53.274 4
    endloop
  endfacet
  facet normal -0 0 1
    outer loop
      vertex 4.91919 53.7977 4
      vertex 4.99998 53.274 4
      vertex 4.94313 53.8056 4
    endloop
  endfacet
  facet normal -0 0 1
    outer loop
      vertex 4.89644 53.7884 4
      vertex 4.99998 53.274 4
      vertex 4.91919 53.7977 4
    endloop
  endfacet
  facet normal -0 0 1
    outer loop
      vertex 4.87489 53.7778 4
      vertex 4.99998 53.274 4
      vertex 4.89644 53.7884 4
    endloop
  endfacet
  facet normal -0 0 1
    outer loop
      vertex 4.8546 53.766 4
      vertex 4.99998 53.274 4
      vertex 4.87489 53.7778 4
    endloop
  endfacet
  facet normal -0 0 1
    outer loop
      vertex 4.83557 53.7529 4
      vertex 4.99998 53.274 4
      vertex 4.8546 53.766 4
    endloop
  endfacet
  facet normal -0 0 1
    outer loop
      vertex 4.81787 53.7386 4
      vertex 4.99998 53.274 4
      vertex 4.83557 53.7529 4
    endloop
  endfacet
  facet normal -0 0 1
    outer loop
      vertex 4.80151 53.7232 4
      vertex 4.99998 53.274 4
      vertex 4.81787 53.7386 4
    endloop
  endfacet
  facet normal -0 0 1
    outer loop
      vertex 4.78653 53.7066 4
      vertex 4.99998 53.274 4
      vertex 4.80151 53.7232 4
    endloop
  endfacet
  facet normal -0 0 1
    outer loop
      vertex 4.77298 53.6889 4
      vertex 4.99998 53.274 4
      vertex 4.78653 53.7066 4
    endloop
  endfacet
  facet normal -0 0 1
    outer loop
      vertex 4.76088 53.6701 4
      vertex 4.99998 53.274 4
      vertex 4.77298 53.6889 4
    endloop
  endfacet
  facet normal 0 0 1
    outer loop
      vertex 4.92613 53.2712 4
      vertex 4.72083 53.5365 4
      vertex 4.85469 53.2629 4
    endloop
  endfacet
  facet normal -0 0 1
    outer loop
      vertex 4.75027 53.6502 4
      vertex 4.99998 53.274 4
      vertex 4.76088 53.6701 4
    endloop
  endfacet
  facet normal -0 0 1
    outer loop
      vertex 4.7412 53.6294 4
      vertex 4.99998 53.274 4
      vertex 4.75027 53.6502 4
    endloop
  endfacet
  facet normal -0 0 1
    outer loop
      vertex 4.73367 53.6076 4
      vertex 4.99998 53.274 4
      vertex 4.7412 53.6294 4
    endloop
  endfacet
  facet normal -0 0 1
    outer loop
      vertex 4.72775 53.5848 4
      vertex 4.99998 53.274 4
      vertex 4.73367 53.6076 4
    endloop
  endfacet
  facet normal -0 0 1
    outer loop
      vertex 4.72346 53.5611 4
      vertex 4.99998 53.274 4
      vertex 4.72775 53.5848 4
    endloop
  endfacet
  facet normal -0 0 1
    outer loop
      vertex 4.72083 53.5365 4
      vertex 4.99998 53.274 4
      vertex 4.72346 53.5611 4
    endloop
  endfacet
  facet normal 0 0 1
    outer loop
      vertex 4.99998 53.274 4
      vertex 4.72083 53.5365 4
      vertex 4.92613 53.2712 4
    endloop
  endfacet
  facet normal 0 0 1
    outer loop
      vertex 4.85469 53.2629 4
      vertex 4.72083 53.5365 4
      vertex 4.78575 53.2492 4
    endloop
  endfacet
  facet normal 0 0 1
    outer loop
      vertex 4.72083 53.5365 4
      vertex 4.71945 53.2303 4
      vertex 4.78575 53.2492 4
    endloop
  endfacet
  facet normal 0 0 1
    outer loop
      vertex 4.72083 53.5365 4
      vertex 4.65591 53.2062 4
      vertex 4.71945 53.2303 4
    endloop
  endfacet
  facet normal 0 0 1
    outer loop
      vertex 4.72083 53.5365 4
      vertex 4.59528 53.1773 4
      vertex 4.65591 53.2062 4
    endloop
  endfacet
  facet normal -0 0 1
    outer loop
      vertex 4.15833 53.5365 4
      vertex 4.59528 53.1773 4
      vertex 4.72083 53.5365 4
    endloop
  endfacet
  facet normal 0 0 1
    outer loop
      vertex 4.59528 53.1773 4
      vertex 4.15833 53.5365 4
      vertex 4.53764 53.1435 4
    endloop
  endfacet
  facet normal 0 0 1
    outer loop
      vertex 4.53764 53.1435 4
      vertex 4.15833 53.5365 4
      vertex 4.48314 53.1051 4
    endloop
  endfacet
  facet normal 0 0 1
    outer loop
      vertex 4.48314 53.1051 4
      vertex 4.15833 53.5365 4
      vertex 4.43192 53.0622 4
    endloop
  endfacet
  facet normal 0 0 1
    outer loop
      vertex 4.43192 53.0622 4
      vertex 4.15833 53.5365 4
      vertex 4.38406 53.0149 4
    endloop
  endfacet
  facet normal 0 0 1
    outer loop
      vertex 4.38406 53.0149 4
      vertex 4.15833 53.5365 4
      vertex 4.33972 52.9634 4
    endloop
  endfacet
  facet normal 0 0 1
    outer loop
      vertex 4.33972 52.9634 4
      vertex 4.15833 53.5365 4
      vertex 4.29901 52.9079 4
    endloop
  endfacet
  facet normal 0 0 1
    outer loop
      vertex 4.15833 53.5365 4
      vertex 4.26207 52.8484 4
      vertex 4.29901 52.9079 4
    endloop
  endfacet
  facet normal 0 0 1
    outer loop
      vertex 4.15833 53.5365 4
      vertex 4.229 52.7852 4
      vertex 4.26207 52.8484 4
    endloop
  endfacet
  facet normal 0 0 1
    outer loop
      vertex 4.15833 53.5365 4
      vertex 4.19995 52.7183 4
      vertex 4.229 52.7852 4
    endloop
  endfacet
  facet normal 0 0 1
    outer loop
      vertex 4.15833 53.5365 4
      vertex 4.17502 52.648 4
      vertex 4.19995 52.7183 4
    endloop
  endfacet
  facet normal 0 0 1
    outer loop
      vertex 3.31264 54.2241 4
      vertex 4.17502 52.648 4
      vertex 4.15833 53.5365 4
    endloop
  endfacet
  facet normal -0 0 1
    outer loop
      vertex 4.67195 52.2886 4
      vertex 5.55417 52.2491 4
      vertex 5.55296 52.2948 4
    endloop
  endfacet
  facet normal 0 0 1
    outer loop
      vertex 5.55417 52.2491 4
      vertex 4.67082 52.2407 4
      vertex 5.55299 52.2 4
    endloop
  endfacet
  facet normal 0 0 1
    outer loop
      vertex 4.67195 52.2886 4
      vertex 5.55296 52.2948 4
      vertex 5.54938 52.3389 4
    endloop
  endfacet
  facet normal 0 -0 1
    outer loop
      vertex 4.67192 52.1928 4
      vertex 5.55299 52.2 4
      vertex 4.67082 52.2407 4
    endloop
  endfacet
  facet normal 0 0 1
    outer loop
      vertex 4.67529 52.3347 4
      vertex 5.54938 52.3389 4
      vertex 5.54346 52.3814 4
    endloop
  endfacet
  facet normal 0 0 1
    outer loop
      vertex 5.55299 52.2 4
      vertex 4.67192 52.1928 4
      vertex 5.54947 52.1528 4
    endloop
  endfacet
  facet normal 0 0 1
    outer loop
      vertex 4.68083 52.3788 4
      vertex 5.54346 52.3814 4
      vertex 5.53528 52.4223 4
    endloop
  endfacet
  facet normal 0 -0 1
    outer loop
      vertex 4.67519 52.1466 4
      vertex 5.54947 52.1528 4
      vertex 4.67192 52.1928 4
    endloop
  endfacet
  facet normal 0 0 1
    outer loop
      vertex 4.68851 52.4209 4
      vertex 5.53528 52.4223 4
      vertex 5.52489 52.4613 4
    endloop
  endfacet
  facet normal 0 0 1
    outer loop
      vertex 5.54947 52.1528 4
      vertex 4.67519 52.1466 4
      vertex 5.54366 52.1075 4
    endloop
  endfacet
  facet normal 0 0 1
    outer loop
      vertex 4.68851 52.4209 4
      vertex 5.52489 52.4613 4
      vertex 5.51233 52.4986 4
    endloop
  endfacet
  facet normal 0 -0 1
    outer loop
      vertex 4.68059 52.1022 4
      vertex 5.54366 52.1075 4
      vertex 4.67519 52.1466 4
    endloop
  endfacet
  facet normal 0 0 1
    outer loop
      vertex 4.69827 52.4611 4
      vertex 5.51233 52.4986 4
      vertex 5.49768 52.5339 4
    endloop
  endfacet
  facet normal 0 0 1
    outer loop
      vertex 5.54366 52.1075 4
      vertex 4.68059 52.1022 4
      vertex 5.53558 52.0642 4
    endloop
  endfacet
  facet normal 0 0 1
    outer loop
      vertex 4.71008 52.4992 4
      vertex 5.49768 52.5339 4
      vertex 5.481 52.5673 4
    endloop
  endfacet
  facet normal 0 -0 1
    outer loop
      vertex 4.68808 52.0597 4
      vertex 5.53558 52.0642 4
      vertex 4.68059 52.1022 4
    endloop
  endfacet
  facet normal 0 0 1
    outer loop
      vertex 4.71008 52.4992 4
      vertex 5.481 52.5673 4
      vertex 5.46233 52.5987 4
    endloop
  endfacet
  facet normal 0 0 1
    outer loop
      vertex 5.53558 52.0642 4
      vertex 4.68808 52.0597 4
      vertex 5.52531 52.0229 4
    endloop
  endfacet
  facet normal 0 0 1
    outer loop
      vertex 4.71008 52.4992 4
      vertex 5.46233 52.5987 4
      vertex 5.44173 52.628 4
    endloop
  endfacet
  facet normal 0 -0 1
    outer loop
      vertex 4.69762 52.0192 4
      vertex 5.52531 52.0229 4
      vertex 4.68808 52.0597 4
    endloop
  endfacet
  facet normal 0 0 1
    outer loop
      vertex 4.71008 52.4992 4
      vertex 5.44173 52.628 4
      vertex 5.41927 52.655 4
    endloop
  endfacet
  facet normal 0 0 1
    outer loop
      vertex 5.52531 52.0229 4
      vertex 4.69762 52.0192 4
      vertex 5.51286 51.9837 4
    endloop
  endfacet
  facet normal 0 0 1
    outer loop
      vertex 4.71008 52.4992 4
      vertex 5.41927 52.655 4
      vertex 5.39497 52.6799 4
    endloop
  endfacet
  facet normal 0 0 1
    outer loop
      vertex 4.71008 52.4992 4
      vertex 5.39497 52.6799 4
      vertex 5.36894 52.7024 4
    endloop
  endfacet
  facet normal 0 0 1
    outer loop
      vertex 5.51286 51.9837 4
      vertex 4.69762 52.0192 4
      vertex 5.49831 51.9466 4
    endloop
  endfacet
  facet normal 0 0 1
    outer loop
      vertex 4.71008 52.4992 4
      vertex 5.36894 52.7024 4
      vertex 5.3412 52.7225 4
    endloop
  endfacet
  facet normal -0 -0 1
    outer loop
      vertex 4.70917 51.9806 4
      vertex 5.49831 51.9466 4
      vertex 4.69762 52.0192 4
    endloop
  endfacet
  facet normal 0 0 1
    outer loop
      vertex 4.71008 52.4992 4
      vertex 5.3412 52.7225 4
      vertex 5.31181 52.7402 4
    endloop
  endfacet
  facet normal 0 0 1
    outer loop
      vertex 5.49831 51.9466 4
      vertex 4.70917 51.9806 4
      vertex 5.48166 51.9117 4
    endloop
  endfacet
  facet normal 0 0 1
    outer loop
      vertex 4.71008 52.4992 4
      vertex 5.31181 52.7402 4
      vertex 5.28084 52.7554 4
    endloop
  endfacet
  facet normal 0 0 1
    outer loop
      vertex 5.48166 51.9117 4
      vertex 4.70917 51.9806 4
      vertex 5.46298 51.8791 4
    endloop
  endfacet
  facet normal 0 0 1
    outer loop
      vertex 4.71008 52.4992 4
      vertex 5.28084 52.7554 4
      vertex 5.24834 52.7679 4
    endloop
  endfacet
  facet normal 0 0 1
    outer loop
      vertex 5.46298 51.8791 4
      vertex 4.70917 51.9806 4
      vertex 5.44232 51.8488 4
    endloop
  endfacet
  facet normal 0 0 1
    outer loop
      vertex 4.71008 52.4992 4
      vertex 5.24834 52.7679 4
      vertex 5.21437 52.7778 4
    endloop
  endfacet
  facet normal 0 0 1
    outer loop
      vertex 5.44232 51.8488 4
      vertex 4.70917 51.9806 4
      vertex 5.41969 51.8208 4
    endloop
  endfacet
  facet normal 0 0 1
    outer loop
      vertex 4.71008 52.4992 4
      vertex 5.21437 52.7778 4
      vertex 5.17897 52.7849 4
    endloop
  endfacet
  facet normal 0 0 1
    outer loop
      vertex 5.41969 51.8208 4
      vertex 4.70917 51.9806 4
      vertex 5.39517 51.7952 4
    endloop
  endfacet
  facet normal 0 0 1
    outer loop
      vertex 4.71008 52.4992 4
      vertex 5.17897 52.7849 4
      vertex 5.14223 52.7893 4
    endloop
  endfacet
  facet normal 0 0 1
    outer loop
      vertex 5.39517 51.7952 4
      vertex 4.70917 51.9806 4
      vertex 5.36879 51.7721 4
    endloop
  endfacet
  facet normal 0 0 1
    outer loop
      vertex 4.71008 52.4992 4
      vertex 5.14223 52.7893 4
      vertex 5.10417 52.7907 4
    endloop
  endfacet
  facet normal 0 0 1
    outer loop
      vertex 5.36879 51.7721 4
      vertex 4.70917 51.9806 4
      vertex 5.34058 51.7515 4
    endloop
  endfacet
  facet normal 0 0 1
    outer loop
      vertex 4.71008 52.4992 4
      vertex 5.10417 52.7907 4
      vertex 5.06676 52.7893 4
    endloop
  endfacet
  facet normal 0 0 1
    outer loop
      vertex 5.34058 51.7515 4
      vertex 4.70917 51.9806 4
      vertex 5.31059 51.7335 4
    endloop
  endfacet
  facet normal 0 0 1
    outer loop
      vertex 4.71008 52.4992 4
      vertex 5.06676 52.7893 4
      vertex 5.03076 52.7851 4
    endloop
  endfacet
  facet normal 0 0 1
    outer loop
      vertex 5.31059 51.7335 4
      vertex 4.70917 51.9806 4
      vertex 5.27888 51.7181 4
    endloop
  endfacet
  facet normal 0 0 1
    outer loop
      vertex 4.71008 52.4992 4
      vertex 5.03076 52.7851 4
      vertex 4.9962 52.7782 4
    endloop
  endfacet
  facet normal 0 0 1
    outer loop
      vertex 5.27888 51.7181 4
      vertex 4.70917 51.9806 4
      vertex 5.24548 51.7054 4
    endloop
  endfacet
  facet normal 0 0 1
    outer loop
      vertex 4.71008 52.4992 4
      vertex 4.9962 52.7782 4
      vertex 4.96313 52.7686 4
    endloop
  endfacet
  facet normal 0 0 1
    outer loop
      vertex 5.24548 51.7054 4
      vertex 4.70917 51.9806 4
      vertex 5.21043 51.6954 4
    endloop
  endfacet
  facet normal 0 0 1
    outer loop
      vertex 4.71008 52.4992 4
      vertex 4.96313 52.7686 4
      vertex 4.93159 52.7563 4
    endloop
  endfacet
  facet normal -0 -0 1
    outer loop
      vertex 4.72267 51.9441 4
      vertex 5.21043 51.6954 4
      vertex 4.70917 51.9806 4
    endloop
  endfacet
  facet normal 0 0 1
    outer loop
      vertex 4.71008 52.4992 4
      vertex 4.93159 52.7563 4
      vertex 4.90164 52.7415 4
    endloop
  endfacet
  facet normal 0 0 1
    outer loop
      vertex 5.21043 51.6954 4
      vertex 4.72267 51.9441 4
      vertex 5.17378 51.6882 4
    endloop
  endfacet
  facet normal 0 0 1
    outer loop
      vertex 4.71008 52.4992 4
      vertex 4.90164 52.7415 4
      vertex 4.87331 52.7241 4
    endloop
  endfacet
  facet normal 0 0 1
    outer loop
      vertex 5.17378 51.6882 4
      vertex 4.72267 51.9441 4
      vertex 5.13556 51.6839 4
    endloop
  endfacet
  facet normal 0 0 1
    outer loop
      vertex 4.71008 52.4992 4
      vertex 4.87331 52.7241 4
      vertex 4.84663 52.7042 4
    endloop
  endfacet
  facet normal -0 -0 1
    outer loop
      vertex 4.73811 51.9098 4
      vertex 5.13556 51.6839 4
      vertex 4.72267 51.9441 4
    endloop
  endfacet
  facet normal 0 0 1
    outer loop
      vertex 4.71008 52.4992 4
      vertex 4.84663 52.7042 4
      vertex 4.82166 52.6818 4
    endloop
  endfacet
  facet normal 0 0 1
    outer loop
      vertex 5.13556 51.6839 4
      vertex 4.73811 51.9098 4
      vertex 5.09583 51.6824 4
    endloop
  endfacet
  facet normal 0 0 1
    outer loop
      vertex 4.71008 52.4992 4
      vertex 4.82166 52.6818 4
      vertex 4.79843 52.6571 4
    endloop
  endfacet
  facet normal -0 -0 1
    outer loop
      vertex 4.75545 51.8775 4
      vertex 5.09583 51.6824 4
      vertex 4.73811 51.9098 4
    endloop
  endfacet
  facet normal 0 0 1
    outer loop
      vertex 4.71008 52.4992 4
      vertex 4.79843 52.6571 4
      vertex 4.77701 52.63 4
    endloop
  endfacet
  facet normal 0 0 1
    outer loop
      vertex 5.09583 51.6824 4
      vertex 4.75545 51.8775 4
      vertex 5.05902 51.6839 4
    endloop
  endfacet
  facet normal 0 0 1
    outer loop
      vertex 4.71008 52.4992 4
      vertex 4.77701 52.63 4
      vertex 4.75742 52.6006 4
    endloop
  endfacet
  facet normal 0 0 1
    outer loop
      vertex 5.05902 51.6839 4
      vertex 4.75545 51.8775 4
      vertex 5.02361 51.6882 4
    endloop
  endfacet
  facet normal 0 0 1
    outer loop
      vertex 4.71008 52.4992 4
      vertex 4.75742 52.6006 4
      vertex 4.7397 52.569 4
    endloop
  endfacet
  facet normal 0 0 1
    outer loop
      vertex 5.02361 51.6882 4
      vertex 4.75545 51.8775 4
      vertex 4.98964 51.6954 4
    endloop
  endfacet
  facet normal 0 0 1
    outer loop
      vertex 4.71008 52.4992 4
      vertex 4.7397 52.569 4
      vertex 4.72391 52.5352 4
    endloop
  endfacet
  facet normal 0 0 1
    outer loop
      vertex 5.49768 52.5339 4
      vertex 4.71008 52.4992 4
      vertex 4.69827 52.4611 4
    endloop
  endfacet
  facet normal 0 0 1
    outer loop
      vertex 5.51233 52.4986 4
      vertex 4.69827 52.4611 4
      vertex 4.68851 52.4209 4
    endloop
  endfacet
  facet normal 0 0 1
    outer loop
      vertex 4.89677 51.7333 4
      vertex 4.75545 51.8775 4
      vertex 4.86897 51.7512 4
    endloop
  endfacet
  facet normal 0 0 1
    outer loop
      vertex 5.53528 52.4223 4
      vertex 4.68851 52.4209 4
      vertex 4.68083 52.3788 4
    endloop
  endfacet
  facet normal 0 0 1
    outer loop
      vertex 4.86897 51.7512 4
      vertex 4.75545 51.8775 4
      vertex 4.84282 51.7717 4
    endloop
  endfacet
  facet normal 0 0 1
    outer loop
      vertex 5.54346 52.3814 4
      vertex 4.68083 52.3788 4
      vertex 4.67529 52.3347 4
    endloop
  endfacet
  facet normal 0 0 1
    outer loop
      vertex 4.84282 51.7717 4
      vertex 4.75545 51.8775 4
      vertex 4.81834 51.7946 4
    endloop
  endfacet
  facet normal 0 0 1
    outer loop
      vertex 5.54938 52.3389 4
      vertex 4.67529 52.3347 4
      vertex 4.67195 52.2886 4
    endloop
  endfacet
  facet normal 0 0 1
    outer loop
      vertex 4.81834 51.7946 4
      vertex 4.75545 51.8775 4
      vertex 4.77463 51.8476 4
    endloop
  endfacet
  facet normal 0 0 1
    outer loop
      vertex 5.55417 52.2491 4
      vertex 4.67195 52.2886 4
      vertex 4.67082 52.2407 4
    endloop
  endfacet
  facet normal 0 0 1
    outer loop
      vertex 4.81834 51.7946 4
      vertex 4.77463 51.8476 4
      vertex 4.79561 51.8199 4
    endloop
  endfacet
  facet normal 0 0 1
    outer loop
      vertex 4.98964 51.6954 4
      vertex 4.75545 51.8775 4
      vertex 4.95715 51.7054 4
    endloop
  endfacet
  facet normal 0 0 1
    outer loop
      vertex 4.92618 51.718 4
      vertex 4.75545 51.8775 4
      vertex 4.89677 51.7333 4
    endloop
  endfacet
  facet normal 0 0 1
    outer loop
      vertex 4.95715 51.7054 4
      vertex 4.75545 51.8775 4
      vertex 4.92618 51.718 4
    endloop
  endfacet
  facet normal 0 0 -1
    outer loop
      vertex 14 36 0
      vertex 8 43.3 0
      vertex 14 43.3 0
    endloop
  endfacet
  facet normal 0 0 -1
    outer loop
      vertex 0 66.8 0
      vertex 8 43.3 0
      vertex 0 36 0
    endloop
  endfacet
  facet normal 0 0 -1
    outer loop
      vertex 0 36 0
      vertex 8 43.3 0
      vertex 14 36 0
    endloop
  endfacet
  facet normal 0 0 -1
    outer loop
      vertex 8 62.7 0
      vertex 14 66.8 0
      vertex 14 62.7 0
    endloop
  endfacet
  facet normal 0 0 -1
    outer loop
      vertex 8 62.7 0
      vertex 0 66.8 0
      vertex 14 66.8 0
    endloop
  endfacet
  facet normal 0 0 -1
    outer loop
      vertex 8 43.3 0
      vertex 0 66.8 0
      vertex 8 62.7 0
    endloop
  endfacet
  facet normal 0 1 -0
    outer loop
      vertex 14 43.3 0
      vertex 8 43.3 4
      vertex 14 43.3 4
    endloop
  endfacet
  facet normal 0 1 0
    outer loop
      vertex 8 43.3 4
      vertex 14 43.3 0
      vertex 8 43.3 0
    endloop
  endfacet
  facet normal 0 -1 0
    outer loop
      vertex 8 62.7 0
      vertex 14 62.7 4
      vertex 8 62.7 4
    endloop
  endfacet
  facet normal 0 -1 -0
    outer loop
      vertex 14 62.7 4
      vertex 8 62.7 0
      vertex 14 62.7 0
    endloop
  endfacet
  facet normal 1 -0 0
    outer loop
      vertex 8 43.3 4
      vertex 8 62.7 0
      vertex 8 62.7 4
    endloop
  endfacet
  facet normal 1 0 0
    outer loop
      vertex 8 62.7 0
      vertex 8 43.3 4
      vertex 8 43.3 0
    endloop
  endfacet
  facet normal 0 0 1
    outer loop
      vertex 6.12074 52.2312 3.4
      vertex 5.55296 52.2948 3.4
      vertex 5.55417 52.2491 3.4
    endloop
  endfacet
  facet normal 0 0 1
    outer loop
      vertex 6.14955 52.6212 3.4
      vertex 5.54938 52.3389 3.4
      vertex 5.55296 52.2948 3.4
    endloop
  endfacet
  facet normal 0 0 1
    outer loop
      vertex 6.14955 52.6212 3.4
      vertex 5.54346 52.3814 3.4
      vertex 5.54938 52.3389 3.4
    endloop
  endfacet
  facet normal 0 0 1
    outer loop
      vertex 6.14955 52.6212 3.4
      vertex 5.53528 52.4223 3.4
      vertex 5.54346 52.3814 3.4
    endloop
  endfacet
  facet normal 0 0 1
    outer loop
      vertex 5.31181 52.7402 3.4
      vertex 5.56665 52.9824 3.4
      vertex 5.52917 53.0247 3.4
    endloop
  endfacet
  facet normal 0 0 1
    outer loop
      vertex 6.14955 52.6212 3.4
      vertex 5.52489 52.4613 3.4
      vertex 5.53528 52.4223 3.4
    endloop
  endfacet
  facet normal 0 0 1
    outer loop
      vertex 6.14955 52.6212 3.4
      vertex 5.51233 52.4986 3.4
      vertex 5.52489 52.4613 3.4
    endloop
  endfacet
  facet normal 0 0 1
    outer loop
      vertex 5.31181 52.7402 3.4
      vertex 5.52917 53.0247 3.4
      vertex 5.50771 53.0487 3.4
    endloop
  endfacet
  facet normal 0 0 1
    outer loop
      vertex 5.28084 52.7554 3.4
      vertex 5.50771 53.0487 3.4
      vertex 5.49788 53.0596 3.4
    endloop
  endfacet
  facet normal 0 0 1
    outer loop
      vertex 6.14955 52.6212 3.4
      vertex 5.49768 52.5339 3.4
      vertex 5.51233 52.4986 3.4
    endloop
  endfacet
  facet normal 0 0 1
    outer loop
      vertex 5.28084 52.7554 3.4
      vertex 5.49788 53.0596 3.4
      vertex 5.48857 53.0697 3.4
    endloop
  endfacet
  facet normal 0 0 1
    outer loop
      vertex 6.15001 52.6824 3.4
      vertex 5.49768 52.5339 3.4
      vertex 6.14955 52.6212 3.4
    endloop
  endfacet
  facet normal 0 0 1
    outer loop
      vertex 5.28084 52.7554 3.4
      vertex 5.48857 53.0697 3.4
      vertex 5.47974 53.0793 3.4
    endloop
  endfacet
  facet normal 0 0 1
    outer loop
      vertex 5.24834 52.7679 3.4
      vertex 5.47974 53.0793 3.4
      vertex 5.47133 53.0882 3.4
    endloop
  endfacet
  facet normal 0 0 1
    outer loop
      vertex 5.24834 52.7679 3.4
      vertex 5.47133 53.0882 3.4
      vertex 5.46327 53.0966 3.4
    endloop
  endfacet
  facet normal 0 0 1
    outer loop
      vertex 5.56665 52.9824 3.4
      vertex 5.46233 52.5987 3.4
      vertex 5.481 52.5673 3.4
    endloop
  endfacet
  facet normal 0 0 1
    outer loop
      vertex 5.24834 52.7679 3.4
      vertex 5.46327 53.0966 3.4
      vertex 5.45554 53.1045 3.4
    endloop
  endfacet
  facet normal 0 0 1
    outer loop
      vertex 5.24834 52.7679 3.4
      vertex 5.45554 53.1045 3.4
      vertex 5.44806 53.1119 3.4
    endloop
  endfacet
  facet normal 0 0 1
    outer loop
      vertex 5.56665 52.9824 3.4
      vertex 5.44173 52.628 3.4
      vertex 5.46233 52.5987 3.4
    endloop
  endfacet
  facet normal 0 0 1
    outer loop
      vertex 5.24834 52.7679 3.4
      vertex 5.44806 53.1119 3.4
      vertex 5.44077 53.1189 3.4
    endloop
  endfacet
  facet normal 0 0 1
    outer loop
      vertex 5.24834 52.7679 3.4
      vertex 5.44077 53.1189 3.4
      vertex 5.43364 53.1256 3.4
    endloop
  endfacet
  facet normal 0 0 1
    outer loop
      vertex 5.24834 52.7679 3.4
      vertex 5.43364 53.1256 3.4
      vertex 5.42661 53.1319 3.4
    endloop
  endfacet
  facet normal 0 0 1
    outer loop
      vertex 5.21437 52.7778 3.4
      vertex 5.42661 53.1319 3.4
      vertex 5.4196 53.138 3.4
    endloop
  endfacet
  facet normal 0 0 1
    outer loop
      vertex 5.56665 52.9824 3.4
      vertex 5.41927 52.655 3.4
      vertex 5.44173 52.628 3.4
    endloop
  endfacet
  facet normal 0 0 1
    outer loop
      vertex 5.21437 52.7778 3.4
      vertex 5.4196 53.138 3.4
      vertex 5.41258 53.1438 3.4
    endloop
  endfacet
  facet normal 0 0 1
    outer loop
      vertex 5.21437 52.7778 3.4
      vertex 5.41258 53.1438 3.4
      vertex 5.4055 53.1494 3.4
    endloop
  endfacet
  facet normal 0 0 1
    outer loop
      vertex 5.21437 52.7778 3.4
      vertex 5.4055 53.1494 3.4
      vertex 5.3983 53.1549 3.4
    endloop
  endfacet
  facet normal 0 0 1
    outer loop
      vertex 5.56665 52.9824 3.4
      vertex 5.39497 52.6799 3.4
      vertex 5.41927 52.655 3.4
    endloop
  endfacet
  facet normal 0 0 1
    outer loop
      vertex 5.21437 52.7778 3.4
      vertex 5.3983 53.1549 3.4
      vertex 5.39093 53.1604 3.4
    endloop
  endfacet
  facet normal 0 0 1
    outer loop
      vertex 5.21437 52.7778 3.4
      vertex 5.39093 53.1604 3.4
      vertex 5.38332 53.1657 3.4
    endloop
  endfacet
  facet normal 0 0 1
    outer loop
      vertex 5.21437 52.7778 3.4
      vertex 5.38332 53.1657 3.4
      vertex 5.36989 53.1751 3.4
    endloop
  endfacet
  facet normal 0 0 1
    outer loop
      vertex 5.56665 52.9824 3.4
      vertex 5.36894 52.7024 3.4
      vertex 5.39497 52.6799 3.4
    endloop
  endfacet
  facet normal 0 0 1
    outer loop
      vertex 5.21437 52.7778 3.4
      vertex 5.36989 53.1751 3.4
      vertex 5.3558 53.1841 3.4
    endloop
  endfacet
  facet normal 0 0 1
    outer loop
      vertex 5.56665 52.9824 3.4
      vertex 5.3412 52.7225 3.4
      vertex 5.36894 52.7024 3.4
    endloop
  endfacet
  facet normal 0 0 1
    outer loop
      vertex 5.17897 52.7849 3.4
      vertex 5.3558 53.1841 3.4
      vertex 5.34109 53.1927 3.4
    endloop
  endfacet
  facet normal 0 0 1
    outer loop
      vertex 5.17897 52.7849 3.4
      vertex 5.34109 53.1927 3.4
      vertex 5.32579 53.201 3.4
    endloop
  endfacet
  facet normal 0 0 1
    outer loop
      vertex 5.56665 52.9824 3.4
      vertex 5.31181 52.7402 3.4
      vertex 5.3412 52.7225 3.4
    endloop
  endfacet
  facet normal 0 0 1
    outer loop
      vertex 5.17897 52.7849 3.4
      vertex 5.32579 53.201 3.4
      vertex 5.30991 53.2089 3.4
    endloop
  endfacet
  facet normal 0 0 1
    outer loop
      vertex 5.17897 52.7849 3.4
      vertex 5.30991 53.2089 3.4
      vertex 5.29349 53.2163 3.4
    endloop
  endfacet
  facet normal 0 0 1
    outer loop
      vertex 5.50771 53.0487 3.4
      vertex 5.28084 52.7554 3.4
      vertex 5.31181 52.7402 3.4
    endloop
  endfacet
  facet normal 0 0 1
    outer loop
      vertex 5.17897 52.7849 3.4
      vertex 5.29349 53.2163 3.4
      vertex 5.27654 53.2234 3.4
    endloop
  endfacet
  facet normal 0 0 1
    outer loop
      vertex 5.17897 52.7849 3.4
      vertex 5.27654 53.2234 3.4
      vertex 5.25909 53.2301 3.4
    endloop
  endfacet
  facet normal 0 0 1
    outer loop
      vertex 5.47974 53.0793 3.4
      vertex 5.24834 52.7679 3.4
      vertex 5.28084 52.7554 3.4
    endloop
  endfacet
  facet normal 0 0 1
    outer loop
      vertex 5.14223 52.7893 3.4
      vertex 5.25909 53.2301 3.4
      vertex 5.2412 53.2363 3.4
    endloop
  endfacet
  facet normal 0 0 1
    outer loop
      vertex 5.14223 52.7893 3.4
      vertex 5.2412 53.2363 3.4
      vertex 5.22285 53.2421 3.4
    endloop
  endfacet
  facet normal 0 0 1
    outer loop
      vertex 5.42661 53.1319 3.4
      vertex 5.21437 52.7778 3.4
      vertex 5.24834 52.7679 3.4
    endloop
  endfacet
  facet normal 0 0 1
    outer loop
      vertex 5.14223 52.7893 3.4
      vertex 5.22285 53.2421 3.4
      vertex 5.2041 53.2475 3.4
    endloop
  endfacet
  facet normal 0 0 1
    outer loop
      vertex 5.14223 52.7893 3.4
      vertex 5.2041 53.2475 3.4
      vertex 5.18498 53.2524 3.4
    endloop
  endfacet
  facet normal 0 0 1
    outer loop
      vertex 5.3558 53.1841 3.4
      vertex 5.17897 52.7849 3.4
      vertex 5.21437 52.7778 3.4
    endloop
  endfacet
  facet normal 0 0 1
    outer loop
      vertex 5.10417 52.7907 3.4
      vertex 5.18498 53.2524 3.4
      vertex 5.16548 53.2568 3.4
    endloop
  endfacet
  facet normal 0 0 1
    outer loop
      vertex 5.10417 52.7907 3.4
      vertex 5.16548 53.2568 3.4
      vertex 5.14566 53.2608 3.4
    endloop
  endfacet
  facet normal 0 0 1
    outer loop
      vertex 5.25909 53.2301 3.4
      vertex 5.14223 52.7893 3.4
      vertex 5.17897 52.7849 3.4
    endloop
  endfacet
  facet normal 0 0 1
    outer loop
      vertex 5.10417 52.7907 3.4
      vertex 5.14566 53.2608 3.4
      vertex 5.12555 53.2642 3.4
    endloop
  endfacet
  facet normal 0 0 1
    outer loop
      vertex 5.10417 52.7907 3.4
      vertex 5.12555 53.2642 3.4
      vertex 5.10515 53.2672 3.4
    endloop
  endfacet
  facet normal 0 0 1
    outer loop
      vertex 5.18498 53.2524 3.4
      vertex 5.10417 52.7907 3.4
      vertex 5.14223 52.7893 3.4
    endloop
  endfacet
  facet normal 0 0 1
    outer loop
      vertex 5.06676 52.7893 3.4
      vertex 5.10515 53.2672 3.4
      vertex 5.0845 53.2696 3.4
    endloop
  endfacet
  facet normal 0 0 1
    outer loop
      vertex 5.10515 53.2672 3.4
      vertex 5.06676 52.7893 3.4
      vertex 5.10417 52.7907 3.4
    endloop
  endfacet
  facet normal 0 0 1
    outer loop
      vertex 5.06364 53.2715 3.4
      vertex 5.06676 52.7893 3.4
      vertex 5.0845 53.2696 3.4
    endloop
  endfacet
  facet normal 0 0 1
    outer loop
      vertex 5.04257 53.2729 3.4
      vertex 5.06676 52.7893 3.4
      vertex 5.06364 53.2715 3.4
    endloop
  endfacet
  facet normal 0 0 1
    outer loop
      vertex 5.04257 53.2729 3.4
      vertex 5.03076 52.7851 3.4
      vertex 5.06676 52.7893 3.4
    endloop
  endfacet
  facet normal 0 0 1
    outer loop
      vertex 5.02135 53.2738 3.4
      vertex 5.03076 52.7851 3.4
      vertex 5.04257 53.2729 3.4
    endloop
  endfacet
  facet normal 0 0 1
    outer loop
      vertex 4.99998 53.274 3.4
      vertex 5.03076 52.7851 3.4
      vertex 5.02135 53.2738 3.4
    endloop
  endfacet
  facet normal -0 0 1
    outer loop
      vertex 4.92613 53.2712 3.4
      vertex 5.03076 52.7851 3.4
      vertex 4.99998 53.274 3.4
    endloop
  endfacet
  facet normal 0 0 1
    outer loop
      vertex 5.03076 52.7851 3.4
      vertex 4.92613 53.2712 3.4
      vertex 4.9962 52.7782 3.4
    endloop
  endfacet
  facet normal -0 0 1
    outer loop
      vertex 4.85469 53.2629 3.4
      vertex 4.9962 52.7782 3.4
      vertex 4.92613 53.2712 3.4
    endloop
  endfacet
  facet normal 0 0 1
    outer loop
      vertex 4.9962 52.7782 3.4
      vertex 4.85469 53.2629 3.4
      vertex 4.96313 52.7686 3.4
    endloop
  endfacet
  facet normal -0 0 1
    outer loop
      vertex 4.78575 53.2492 3.4
      vertex 4.96313 52.7686 3.4
      vertex 4.85469 53.2629 3.4
    endloop
  endfacet
  facet normal 0 0 1
    outer loop
      vertex 4.96313 52.7686 3.4
      vertex 4.78575 53.2492 3.4
      vertex 4.93159 52.7563 3.4
    endloop
  endfacet
  facet normal -0 0 1
    outer loop
      vertex 4.71945 53.2303 3.4
      vertex 4.93159 52.7563 3.4
      vertex 4.78575 53.2492 3.4
    endloop
  endfacet
  facet normal 0 0 1
    outer loop
      vertex 4.93159 52.7563 3.4
      vertex 4.71945 53.2303 3.4
      vertex 4.90164 52.7415 3.4
    endloop
  endfacet
  facet normal -0 0 1
    outer loop
      vertex 4.65591 53.2062 3.4
      vertex 4.90164 52.7415 3.4
      vertex 4.71945 53.2303 3.4
    endloop
  endfacet
  facet normal 0 0 1
    outer loop
      vertex 4.90164 52.7415 3.4
      vertex 4.65591 53.2062 3.4
      vertex 4.87331 52.7241 3.4
    endloop
  endfacet
  facet normal -0 0 1
    outer loop
      vertex 4.59528 53.1773 3.4
      vertex 4.87331 52.7241 3.4
      vertex 4.65591 53.2062 3.4
    endloop
  endfacet
  facet normal 0 0 1
    outer loop
      vertex 4.87331 52.7241 3.4
      vertex 4.59528 53.1773 3.4
      vertex 4.84663 52.7042 3.4
    endloop
  endfacet
  facet normal -0 0 1
    outer loop
      vertex 4.53764 53.1435 3.4
      vertex 4.84663 52.7042 3.4
      vertex 4.59528 53.1773 3.4
    endloop
  endfacet
  facet normal -0 0 1
    outer loop
      vertex 4.48314 53.1051 3.4
      vertex 4.84663 52.7042 3.4
      vertex 4.53764 53.1435 3.4
    endloop
  endfacet
  facet normal 0 0 1
    outer loop
      vertex 4.84663 52.7042 3.4
      vertex 4.48314 53.1051 3.4
      vertex 4.82166 52.6818 3.4
    endloop
  endfacet
  facet normal -0 0 1
    outer loop
      vertex 4.43192 53.0622 3.4
      vertex 4.82166 52.6818 3.4
      vertex 4.48314 53.1051 3.4
    endloop
  endfacet
  facet normal 0 0 1
    outer loop
      vertex 4.82166 52.6818 3.4
      vertex 4.43192 53.0622 3.4
      vertex 4.79843 52.6571 3.4
    endloop
  endfacet
  facet normal -0 0 1
    outer loop
      vertex 4.38406 53.0149 3.4
      vertex 4.79843 52.6571 3.4
      vertex 4.43192 53.0622 3.4
    endloop
  endfacet
  facet normal 0 0 1
    outer loop
      vertex 4.79843 52.6571 3.4
      vertex 4.38406 53.0149 3.4
      vertex 4.77701 52.63 3.4
    endloop
  endfacet
  facet normal -0 0 1
    outer loop
      vertex 4.33972 52.9634 3.4
      vertex 4.77701 52.63 3.4
      vertex 4.38406 53.0149 3.4
    endloop
  endfacet
  facet normal -0 0 1
    outer loop
      vertex 4.29901 52.9079 3.4
      vertex 4.77701 52.63 3.4
      vertex 4.33972 52.9634 3.4
    endloop
  endfacet
  facet normal 0 0 1
    outer loop
      vertex 4.77701 52.63 3.4
      vertex 4.29901 52.9079 3.4
      vertex 4.75742 52.6006 3.4
    endloop
  endfacet
  facet normal -0 0 1
    outer loop
      vertex 4.26207 52.8484 3.4
      vertex 4.75742 52.6006 3.4
      vertex 4.29901 52.9079 3.4
    endloop
  endfacet
  facet normal 0 0 1
    outer loop
      vertex 4.75742 52.6006 3.4
      vertex 4.26207 52.8484 3.4
      vertex 4.7397 52.569 3.4
    endloop
  endfacet
  facet normal -0 0 1
    outer loop
      vertex 4.229 52.7852 3.4
      vertex 4.7397 52.569 3.4
      vertex 4.26207 52.8484 3.4
    endloop
  endfacet
  facet normal 0 0 1
    outer loop
      vertex 4.7397 52.569 3.4
      vertex 4.229 52.7852 3.4
      vertex 4.72391 52.5352 3.4
    endloop
  endfacet
  facet normal 0 0 1
    outer loop
      vertex 4.67195 52.2886 3.4
      vertex 4.11667 52.2491 3.4
      vertex 4.67082 52.2407 3.4
    endloop
  endfacet
  facet normal -0 0 1
    outer loop
      vertex 4.19995 52.7183 3.4
      vertex 4.72391 52.5352 3.4
      vertex 4.229 52.7852 3.4
    endloop
  endfacet
  facet normal 0 -0 1
    outer loop
      vertex 4.11938 52.1623 3.4
      vertex 4.67082 52.2407 3.4
      vertex 4.11667 52.2491 3.4
    endloop
  endfacet
  facet normal 0 0 1
    outer loop
      vertex 4.72391 52.5352 3.4
      vertex 4.19995 52.7183 3.4
      vertex 4.71008 52.4992 3.4
    endloop
  endfacet
  facet normal 0 -0 1
    outer loop
      vertex 4.12747 52.0783 3.4
      vertex 4.67082 52.2407 3.4
      vertex 4.11938 52.1623 3.4
    endloop
  endfacet
  facet normal -0 0 1
    outer loop
      vertex 4.17502 52.648 3.4
      vertex 4.71008 52.4992 3.4
      vertex 4.19995 52.7183 3.4
    endloop
  endfacet
  facet normal 0 -0 1
    outer loop
      vertex 4.14078 51.9972 3.4
      vertex 4.67082 52.2407 3.4
      vertex 4.12747 52.0783 3.4
    endloop
  endfacet
  facet normal 0 0 1
    outer loop
      vertex 4.71008 52.4992 3.4
      vertex 4.17502 52.648 3.4
      vertex 4.69827 52.4611 3.4
    endloop
  endfacet
  facet normal 0 -0 1
    outer loop
      vertex 4.15915 51.9192 3.4
      vertex 4.67082 52.2407 3.4
      vertex 4.14078 51.9972 3.4
    endloop
  endfacet
  facet normal -0 0 1
    outer loop
      vertex 4.15434 52.5743 3.4
      vertex 4.69827 52.4611 3.4
      vertex 4.17502 52.648 3.4
    endloop
  endfacet
  facet normal 0 0 1
    outer loop
      vertex 4.67082 52.2407 3.4
      vertex 4.59135 51.3404 3.4
      vertex 4.65631 51.306 3.4
    endloop
  endfacet
  facet normal 0 0 1
    outer loop
      vertex 4.69827 52.4611 3.4
      vertex 4.15434 52.5743 3.4
      vertex 4.68851 52.4209 3.4
    endloop
  endfacet
  facet normal 0 0 1
    outer loop
      vertex 4.11667 52.2491 3.4
      vertex 4.67195 52.2886 3.4
      vertex 4.11908 52.3347 3.4
    endloop
  endfacet
  facet normal -0 0 1
    outer loop
      vertex 4.13805 52.4974 3.4
      vertex 4.68851 52.4209 3.4
      vertex 4.15434 52.5743 3.4
    endloop
  endfacet
  facet normal 0 0 1
    outer loop
      vertex 4.67082 52.2407 3.4
      vertex 4.52991 51.3795 3.4
      vertex 4.59135 51.3404 3.4
    endloop
  endfacet
  facet normal 0 0 1
    outer loop
      vertex 4.68851 52.4209 3.4
      vertex 4.13805 52.4974 3.4
      vertex 4.68083 52.3788 3.4
    endloop
  endfacet
  facet normal 0 0 1
    outer loop
      vertex 4.11908 52.3347 3.4
      vertex 4.67529 52.3347 3.4
      vertex 4.12625 52.4175 3.4
    endloop
  endfacet
  facet normal -0 0 1
    outer loop
      vertex 4.12625 52.4175 3.4
      vertex 4.68083 52.3788 3.4
      vertex 4.13805 52.4974 3.4
    endloop
  endfacet
  facet normal 0 0 1
    outer loop
      vertex 4.68083 52.3788 3.4
      vertex 4.12625 52.4175 3.4
      vertex 4.67529 52.3347 3.4
    endloop
  endfacet
  facet normal 0 0 1
    outer loop
      vertex 4.67529 52.3347 3.4
      vertex 4.11908 52.3347 3.4
      vertex 4.67195 52.2886 3.4
    endloop
  endfacet
  facet normal 0 0 1
    outer loop
      vertex 4.67082 52.2407 3.4
      vertex 4.21059 51.7729 3.4
      vertex 4.24336 51.7049 3.4
    endloop
  endfacet
  facet normal 0 -0 1
    outer loop
      vertex 4.21059 51.7729 3.4
      vertex 4.67082 52.2407 3.4
      vertex 4.18248 51.8443 3.4
    endloop
  endfacet
  facet normal 0 -0 1
    outer loop
      vertex 4.18248 51.8443 3.4
      vertex 4.67082 52.2407 3.4
      vertex 4.15915 51.9192 3.4
    endloop
  endfacet
  facet normal 0 0 1
    outer loop
      vertex 4.67082 52.2407 3.4
      vertex 4.47215 51.4232 3.4
      vertex 4.52991 51.3795 3.4
    endloop
  endfacet
  facet normal 0 0 1
    outer loop
      vertex 4.67082 52.2407 3.4
      vertex 4.24336 51.7049 3.4
      vertex 4.28064 51.6407 3.4
    endloop
  endfacet
  facet normal 0 0 1
    outer loop
      vertex 4.67082 52.2407 3.4
      vertex 4.4182 51.4713 3.4
      vertex 4.47215 51.4232 3.4
    endloop
  endfacet
  facet normal 0 0 1
    outer loop
      vertex 4.67082 52.2407 3.4
      vertex 4.28064 51.6407 3.4
      vertex 4.32231 51.5802 3.4
    endloop
  endfacet
  facet normal 0 0 1
    outer loop
      vertex 4.67082 52.2407 3.4
      vertex 4.36821 51.5237 3.4
      vertex 4.4182 51.4713 3.4
    endloop
  endfacet
  facet normal 0 0 1
    outer loop
      vertex 4.67082 52.2407 3.4
      vertex 4.32231 51.5802 3.4
      vertex 4.36821 51.5237 3.4
    endloop
  endfacet
  facet normal 0 0 1
    outer loop
      vertex 5.481 52.5673 3.4
      vertex 6.14938 52.75 3.4
      vertex 5.56665 52.9824 3.4
    endloop
  endfacet
  facet normal 0 0 1
    outer loop
      vertex 6.14938 52.75 3.4
      vertex 5.481 52.5673 3.4
      vertex 6.15001 52.6824 3.4
    endloop
  endfacet
  facet normal 0 0 1
    outer loop
      vertex 5.56665 52.9824 3.4
      vertex 6.14938 52.75 3.4
      vertex 6.14754 52.8172 3.4
    endloop
  endfacet
  facet normal 0 -0 1
    outer loop
      vertex 5.49768 52.5339 3.4
      vertex 6.15001 52.6824 3.4
      vertex 5.481 52.5673 3.4
    endloop
  endfacet
  facet normal 0 0 1
    outer loop
      vertex 5.56665 52.9824 3.4
      vertex 6.14754 52.8172 3.4
      vertex 6.14447 52.8837 3.4
    endloop
  endfacet
  facet normal 0 0 1
    outer loop
      vertex 5.55296 52.2948 3.4
      vertex 6.14818 52.5613 3.4
      vertex 6.14955 52.6212 3.4
    endloop
  endfacet
  facet normal 0 0 1
    outer loop
      vertex 5.56665 52.9824 3.4
      vertex 6.14447 52.8837 3.4
      vertex 6.14023 52.9496 3.4
    endloop
  endfacet
  facet normal 0 0 1
    outer loop
      vertex 5.55296 52.2948 3.4
      vertex 6.1459 52.5028 3.4
      vertex 6.14818 52.5613 3.4
    endloop
  endfacet
  facet normal -0 0 1
    outer loop
      vertex 5.56665 52.9824 3.4
      vertex 6.14023 52.9496 3.4
      vertex 6.13481 53.0146 3.4
    endloop
  endfacet
  facet normal 0 0 1
    outer loop
      vertex 5.55296 52.2948 3.4
      vertex 6.14272 52.4457 3.4
      vertex 6.1459 52.5028 3.4
    endloop
  endfacet
  facet normal 0 0 1
    outer loop
      vertex 5.56665 52.9824 3.4
      vertex 6.13481 53.0146 3.4
      vertex 6.12823 53.0788 3.4
    endloop
  endfacet
  facet normal 0 0 1
    outer loop
      vertex 5.55296 52.2948 3.4
      vertex 6.13861 52.39 3.4
      vertex 6.14272 52.4457 3.4
    endloop
  endfacet
  facet normal 0 0 1
    outer loop
      vertex 5.55296 52.2948 3.4
      vertex 6.13358 52.3357 3.4
      vertex 6.13861 52.39 3.4
    endloop
  endfacet
  facet normal 0 0 1
    outer loop
      vertex 5.56557 53.0619 3.4
      vertex 6.12823 53.0788 3.4
      vertex 6.12053 53.1419 3.4
    endloop
  endfacet
  facet normal -0 0 1
    outer loop
      vertex 5.55296 52.2948 3.4
      vertex 6.12762 52.2827 3.4
      vertex 6.13358 52.3357 3.4
    endloop
  endfacet
  facet normal 0 0 1
    outer loop
      vertex 5.56233 53.1373 3.4
      vertex 6.12053 53.1419 3.4
      vertex 6.11169 53.204 3.4
    endloop
  endfacet
  facet normal 0 0 1
    outer loop
      vertex 5.55296 52.2948 3.4
      vertex 6.12074 52.2312 3.4
      vertex 6.12762 52.2827 3.4
    endloop
  endfacet
  facet normal 0 0 1
    outer loop
      vertex 5.56233 53.1373 3.4
      vertex 6.11169 53.204 3.4
      vertex 6.10178 53.2649 3.4
    endloop
  endfacet
  facet normal 0 0 1
    outer loop
      vertex 6.12074 52.2312 3.4
      vertex 5.55417 52.2491 3.4
      vertex 6.11295 52.181 3.4
    endloop
  endfacet
  facet normal 0 0 1
    outer loop
      vertex 5.55692 53.2088 3.4
      vertex 6.10178 53.2649 3.4
      vertex 6.09079 53.3245 3.4
    endloop
  endfacet
  facet normal -0 0 1
    outer loop
      vertex 5.55299 52.2 3.4
      vertex 6.11295 52.181 3.4
      vertex 5.55417 52.2491 3.4
    endloop
  endfacet
  facet normal 0 0 1
    outer loop
      vertex 5.54933 53.2761 3.4
      vertex 6.09079 53.3245 3.4
      vertex 6.07874 53.3827 3.4
    endloop
  endfacet
  facet normal 0 0 1
    outer loop
      vertex 6.11295 52.181 3.4
      vertex 5.55299 52.2 3.4
      vertex 6.1042 52.1323 3.4
    endloop
  endfacet
  facet normal 0 0 1
    outer loop
      vertex 5.54933 53.2761 3.4
      vertex 6.07874 53.3827 3.4
      vertex 6.06564 53.4393 3.4
    endloop
  endfacet
  facet normal 0 0 1
    outer loop
      vertex 6.1042 52.1323 3.4
      vertex 5.55299 52.2 3.4
      vertex 6.09453 52.085 3.4
    endloop
  endfacet
  facet normal 0 0 1
    outer loop
      vertex 5.53955 53.3395 3.4
      vertex 6.06564 53.4393 3.4
      vertex 6.05153 53.4944 3.4
    endloop
  endfacet
  facet normal -0 0 1
    outer loop
      vertex 5.54947 52.1528 3.4
      vertex 6.09453 52.085 3.4
      vertex 5.55299 52.2 3.4
    endloop
  endfacet
  facet normal 0 0 1
    outer loop
      vertex 5.52759 53.3989 3.4
      vertex 6.05153 53.4944 3.4
      vertex 6.03641 53.5478 3.4
    endloop
  endfacet
  facet normal 0 0 1
    outer loop
      vertex 6.09453 52.085 3.4
      vertex 5.54947 52.1528 3.4
      vertex 6.08392 52.0391 3.4
    endloop
  endfacet
  facet normal 0 0 1
    outer loop
      vertex 5.51341 53.4543 3.4
      vertex 6.03641 53.5478 3.4
      vertex 6.02031 53.5994 3.4
    endloop
  endfacet
  facet normal -0 0 1
    outer loop
      vertex 5.54366 52.1075 3.4
      vertex 6.08392 52.0391 3.4
      vertex 5.54947 52.1528 3.4
    endloop
  endfacet
  facet normal 0 0 1
    outer loop
      vertex 5.51341 53.4543 3.4
      vertex 6.02031 53.5994 3.4
      vertex 6.00325 53.6491 3.4
    endloop
  endfacet
  facet normal 0 0 1
    outer loop
      vertex 6.08392 52.0391 3.4
      vertex 5.54366 52.1075 3.4
      vertex 6.07237 51.9946 3.4
    endloop
  endfacet
  facet normal 0 0 1
    outer loop
      vertex 5.49702 53.5058 3.4
      vertex 6.00325 53.6491 3.4
      vertex 5.98524 53.6968 3.4
    endloop
  endfacet
  facet normal 0 0 1
    outer loop
      vertex 6.07237 51.9946 3.4
      vertex 5.54366 52.1075 3.4
      vertex 6.05988 51.9515 3.4
    endloop
  endfacet
  facet normal 0 0 1
    outer loop
      vertex 5.49702 53.5058 3.4
      vertex 5.98524 53.6968 3.4
      vertex 5.96631 53.7425 3.4
    endloop
  endfacet
  facet normal -0 0 1
    outer loop
      vertex 5.53558 52.0642 3.4
      vertex 6.05988 51.9515 3.4
      vertex 5.54366 52.1075 3.4
    endloop
  endfacet
  facet normal 0 0 1
    outer loop
      vertex 5.47842 53.5533 3.4
      vertex 5.96631 53.7425 3.4
      vertex 5.94647 53.7859 3.4
    endloop
  endfacet
  facet normal 0 0 1
    outer loop
      vertex 6.05988 51.9515 3.4
      vertex 5.53558 52.0642 3.4
      vertex 6.04645 51.9099 3.4
    endloop
  endfacet
  facet normal 0 0 1
    outer loop
      vertex 5.47842 53.5533 3.4
      vertex 5.94647 53.7859 3.4
      vertex 5.92575 53.827 3.4
    endloop
  endfacet
  facet normal 0 0 1
    outer loop
      vertex 6.04645 51.9099 3.4
      vertex 5.53558 52.0642 3.4
      vertex 6.03206 51.8697 3.4
    endloop
  endfacet
  facet normal 0 0 1
    outer loop
      vertex 5.4576 53.5969 3.4
      vertex 5.92575 53.827 3.4
      vertex 5.90416 53.8657 3.4
    endloop
  endfacet
  facet normal -0 0 1
    outer loop
      vertex 5.52531 52.0229 3.4
      vertex 6.03206 51.8697 3.4
      vertex 5.53558 52.0642 3.4
    endloop
  endfacet
  facet normal 0 0 1
    outer loop
      vertex 5.43452 53.6367 3.4
      vertex 5.90416 53.8657 3.4
      vertex 5.87839 53.9076 3.4
    endloop
  endfacet
  facet normal 0 0 1
    outer loop
      vertex 6.03206 51.8697 3.4
      vertex 5.52531 52.0229 3.4
      vertex 6.01672 51.831 3.4
    endloop
  endfacet
  facet normal 0 0 1
    outer loop
      vertex 5.43452 53.6367 3.4
      vertex 5.87839 53.9076 3.4
      vertex 5.8511 53.9476 3.4
    endloop
  endfacet
  facet normal -0 0 1
    outer loop
      vertex 5.51286 51.9837 3.4
      vertex 6.01672 51.831 3.4
      vertex 5.52531 52.0229 3.4
    endloop
  endfacet
  facet normal 0 0 1
    outer loop
      vertex 5.40921 53.6725 3.4
      vertex 5.8511 53.9476 3.4
      vertex 5.82233 53.9856 3.4
    endloop
  endfacet
  facet normal 0 0 1
    outer loop
      vertex 6.01672 51.831 3.4
      vertex 5.51286 51.9837 3.4
      vertex 6.00043 51.7938 3.4
    endloop
  endfacet
  facet normal 0 0 1
    outer loop
      vertex 5.40921 53.6725 3.4
      vertex 5.82233 53.9856 3.4
      vertex 5.79205 54.0216 3.4
    endloop
  endfacet
  facet normal 0 0 1
    outer loop
      vertex 6.00043 51.7938 3.4
      vertex 5.51286 51.9837 3.4
      vertex 5.98318 51.7579 3.4
    endloop
  endfacet
  facet normal 0 0 1
    outer loop
      vertex 5.38165 53.7045 3.4
      vertex 5.79205 54.0216 3.4
      vertex 5.76031 54.0557 3.4
    endloop
  endfacet
  facet normal 0 0 1
    outer loop
      vertex 5.38165 53.7045 3.4
      vertex 5.76031 54.0557 3.4
      vertex 5.7271 54.0878 3.4
    endloop
  endfacet
  facet normal -0 0 1
    outer loop
      vertex 5.49831 51.9466 3.4
      vertex 5.98318 51.7579 3.4
      vertex 5.51286 51.9837 3.4
    endloop
  endfacet
  facet normal 0 0 1
    outer loop
      vertex 5.35184 53.7327 3.4
      vertex 5.7271 54.0878 3.4
      vertex 5.69243 54.1179 3.4
    endloop
  endfacet
  facet normal 0 0 1
    outer loop
      vertex 5.98318 51.7579 3.4
      vertex 5.49831 51.9466 3.4
      vertex 5.96498 51.7236 3.4
    endloop
  endfacet
  facet normal 0 0 1
    outer loop
      vertex 5.35184 53.7327 3.4
      vertex 5.69243 54.1179 3.4
      vertex 5.65634 54.146 3.4
    endloop
  endfacet
  facet normal 0 0 1
    outer loop
      vertex 5.96498 51.7236 3.4
      vertex 5.49831 51.9466 3.4
      vertex 5.94582 51.6907 3.4
    endloop
  endfacet
  facet normal 0 0 1
    outer loop
      vertex 5.35184 53.7327 3.4
      vertex 5.65634 54.146 3.4
      vertex 5.61882 54.1721 3.4
    endloop
  endfacet
  facet normal -0 0 1
    outer loop
      vertex 5.48166 51.9117 3.4
      vertex 5.94582 51.6907 3.4
      vertex 5.49831 51.9466 3.4
    endloop
  endfacet
  facet normal 0 0 1
    outer loop
      vertex 5.31975 53.7571 3.4
      vertex 5.61882 54.1721 3.4
      vertex 5.57988 54.1961 3.4
    endloop
  endfacet
  facet normal 0 0 1
    outer loop
      vertex 5.94582 51.6907 3.4
      vertex 5.48166 51.9117 3.4
      vertex 5.91833 51.6465 3.4
    endloop
  endfacet
  facet normal 0 0 1
    outer loop
      vertex 5.91833 51.6465 3.4
      vertex 5.48166 51.9117 3.4
      vertex 5.88945 51.6043 3.4
    endloop
  endfacet
  facet normal 0 0 1
    outer loop
      vertex 6.12823 53.0788 3.4
      vertex 5.56557 53.0619 3.4
      vertex 5.56665 52.9824 3.4
    endloop
  endfacet
  facet normal 0 0 1
    outer loop
      vertex 6.12053 53.1419 3.4
      vertex 5.56233 53.1373 3.4
      vertex 5.56557 53.0619 3.4
    endloop
  endfacet
  facet normal 0 0 1
    outer loop
      vertex 6.10178 53.2649 3.4
      vertex 5.55692 53.2088 3.4
      vertex 5.56233 53.1373 3.4
    endloop
  endfacet
  facet normal 0 0 1
    outer loop
      vertex 6.09079 53.3245 3.4
      vertex 5.54933 53.2761 3.4
      vertex 5.55692 53.2088 3.4
    endloop
  endfacet
  facet normal 0 0 1
    outer loop
      vertex 5.31975 53.7571 3.4
      vertex 5.57988 54.1961 3.4
      vertex 5.53955 54.2182 3.4
    endloop
  endfacet
  facet normal 0 0 1
    outer loop
      vertex 6.06564 53.4393 3.4
      vertex 5.53955 53.3395 3.4
      vertex 5.54933 53.2761 3.4
    endloop
  endfacet
  facet normal 0 0 1
    outer loop
      vertex 6.05153 53.4944 3.4
      vertex 5.52759 53.3989 3.4
      vertex 5.53955 53.3395 3.4
    endloop
  endfacet
  facet normal 0 0 1
    outer loop
      vertex 6.03641 53.5478 3.4
      vertex 5.51341 53.4543 3.4
      vertex 5.52759 53.3989 3.4
    endloop
  endfacet
  facet normal 0 0 1
    outer loop
      vertex 5.28539 53.7776 3.4
      vertex 5.53955 54.2182 3.4
      vertex 5.49785 54.2381 3.4
    endloop
  endfacet
  facet normal 0 0 1
    outer loop
      vertex 6.00325 53.6491 3.4
      vertex 5.49702 53.5058 3.4
      vertex 5.51341 53.4543 3.4
    endloop
  endfacet
  facet normal 0 0 1
    outer loop
      vertex 5.96631 53.7425 3.4
      vertex 5.47842 53.5533 3.4
      vertex 5.49702 53.5058 3.4
    endloop
  endfacet
  facet normal 0 0 1
    outer loop
      vertex 5.92575 53.827 3.4
      vertex 5.4576 53.5969 3.4
      vertex 5.47842 53.5533 3.4
    endloop
  endfacet
  facet normal 0 0 1
    outer loop
      vertex 5.28539 53.7776 3.4
      vertex 5.49785 54.2381 3.4
      vertex 5.45477 54.256 3.4
    endloop
  endfacet
  facet normal 0 0 1
    outer loop
      vertex 5.90416 53.8657 3.4
      vertex 5.43452 53.6367 3.4
      vertex 5.4576 53.5969 3.4
    endloop
  endfacet
  facet normal 0 0 1
    outer loop
      vertex 5.24873 53.7944 3.4
      vertex 5.45477 54.256 3.4
      vertex 5.41034 54.2719 3.4
    endloop
  endfacet
  facet normal 0 0 1
    outer loop
      vertex 5.8511 53.9476 3.4
      vertex 5.40921 53.6725 3.4
      vertex 5.43452 53.6367 3.4
    endloop
  endfacet
  facet normal 0 0 1
    outer loop
      vertex 5.79205 54.0216 3.4
      vertex 5.38165 53.7045 3.4
      vertex 5.40921 53.6725 3.4
    endloop
  endfacet
  facet normal 0 0 1
    outer loop
      vertex 5.24873 53.7944 3.4
      vertex 5.41034 54.2719 3.4
      vertex 5.36456 54.2857 3.4
    endloop
  endfacet
  facet normal 0 0 1
    outer loop
      vertex 5.7271 54.0878 3.4
      vertex 5.35184 53.7327 3.4
      vertex 5.38165 53.7045 3.4
    endloop
  endfacet
  facet normal 0 0 1
    outer loop
      vertex 5.61882 54.1721 3.4
      vertex 5.31975 53.7571 3.4
      vertex 5.35184 53.7327 3.4
    endloop
  endfacet
  facet normal 0 0 1
    outer loop
      vertex 5.20979 53.8074 3.4
      vertex 5.36456 54.2857 3.4
      vertex 5.31746 54.2973 3.4
    endloop
  endfacet
  facet normal 0 0 1
    outer loop
      vertex 5.53955 54.2182 3.4
      vertex 5.28539 53.7776 3.4
      vertex 5.31975 53.7571 3.4
    endloop
  endfacet
  facet normal 0 0 1
    outer loop
      vertex 5.20979 53.8074 3.4
      vertex 5.31746 54.2973 3.4
      vertex 5.26904 54.3069 3.4
    endloop
  endfacet
  facet normal 0 0 1
    outer loop
      vertex 5.45477 54.256 3.4
      vertex 5.24873 53.7944 3.4
      vertex 5.28539 53.7776 3.4
    endloop
  endfacet
  facet normal 0 0 1
    outer loop
      vertex 5.16856 53.8167 3.4
      vertex 5.26904 54.3069 3.4
      vertex 5.21933 54.3144 3.4
    endloop
  endfacet
  facet normal 0 0 1
    outer loop
      vertex 5.36456 54.2857 3.4
      vertex 5.20979 53.8074 3.4
      vertex 5.24873 53.7944 3.4
    endloop
  endfacet
  facet normal 0 0 1
    outer loop
      vertex 5.26904 54.3069 3.4
      vertex 5.16856 53.8167 3.4
      vertex 5.20979 53.8074 3.4
    endloop
  endfacet
  facet normal 0 0 1
    outer loop
      vertex 5.12502 53.8222 3.4
      vertex 5.21933 54.3144 3.4
      vertex 5.16832 54.3197 3.4
    endloop
  endfacet
  facet normal 0 0 1
    outer loop
      vertex 5.21933 54.3144 3.4
      vertex 5.12502 53.8222 3.4
      vertex 5.16856 53.8167 3.4
    endloop
  endfacet
  facet normal 0 0 1
    outer loop
      vertex 5.11604 54.323 3.4
      vertex 5.12502 53.8222 3.4
      vertex 5.16832 54.3197 3.4
    endloop
  endfacet
  facet normal 0 0 1
    outer loop
      vertex 5.11604 54.323 3.4
      vertex 5.07915 53.8241 3.4
      vertex 5.12502 53.8222 3.4
    endloop
  endfacet
  facet normal 0 0 1
    outer loop
      vertex 5.0625 54.324 3.4
      vertex 5.07915 53.8241 3.4
      vertex 5.11604 54.323 3.4
    endloop
  endfacet
  facet normal 0 0 1
    outer loop
      vertex 5.0625 54.324 3.4
      vertex 5.04988 53.8233 3.4
      vertex 5.07915 53.8241 3.4
    endloop
  endfacet
  facet normal -0 0 1
    outer loop
      vertex 4.99075 54.3218 3.4
      vertex 5.04988 53.8233 3.4
      vertex 5.0625 54.324 3.4
    endloop
  endfacet
  facet normal 0 0 1
    outer loop
      vertex 5.04988 53.8233 3.4
      vertex 4.99075 54.3218 3.4
      vertex 5.02161 53.821 3.4
    endloop
  endfacet
  facet normal -0 0 1
    outer loop
      vertex 4.92087 54.3152 3.4
      vertex 5.02161 53.821 3.4
      vertex 4.99075 54.3218 3.4
    endloop
  endfacet
  facet normal 0 0 1
    outer loop
      vertex 5.02161 53.821 3.4
      vertex 4.92087 54.3152 3.4
      vertex 4.99437 53.8173 3.4
    endloop
  endfacet
  facet normal 0 0 1
    outer loop
      vertex 4.99437 53.8173 3.4
      vertex 4.92087 54.3152 3.4
      vertex 4.9682 53.8122 3.4
    endloop
  endfacet
  facet normal -0 0 1
    outer loop
      vertex 4.85301 54.3043 3.4
      vertex 4.9682 53.8122 3.4
      vertex 4.92087 54.3152 3.4
    endloop
  endfacet
  facet normal 0 0 1
    outer loop
      vertex 4.9682 53.8122 3.4
      vertex 4.85301 54.3043 3.4
      vertex 4.94313 53.8056 3.4
    endloop
  endfacet
  facet normal -0 0 1
    outer loop
      vertex 4.78732 54.2892 3.4
      vertex 4.94313 53.8056 3.4
      vertex 4.85301 54.3043 3.4
    endloop
  endfacet
  facet normal 0 0 1
    outer loop
      vertex 4.94313 53.8056 3.4
      vertex 4.78732 54.2892 3.4
      vertex 4.91919 53.7977 3.4
    endloop
  endfacet
  facet normal -0 0 1
    outer loop
      vertex 4.72397 54.2702 3.4
      vertex 4.91919 53.7977 3.4
      vertex 4.78732 54.2892 3.4
    endloop
  endfacet
  facet normal 0 0 1
    outer loop
      vertex 4.91919 53.7977 3.4
      vertex 4.72397 54.2702 3.4
      vertex 4.89644 53.7884 3.4
    endloop
  endfacet
  facet normal -0 0 1
    outer loop
      vertex 4.66312 54.2474 3.4
      vertex 4.89644 53.7884 3.4
      vertex 4.72397 54.2702 3.4
    endloop
  endfacet
  facet normal 0 0 1
    outer loop
      vertex 4.89644 53.7884 3.4
      vertex 4.66312 54.2474 3.4
      vertex 4.87489 53.7778 3.4
    endloop
  endfacet
  facet normal -0 0 1
    outer loop
      vertex 4.60493 54.2208 3.4
      vertex 4.87489 53.7778 3.4
      vertex 4.66312 54.2474 3.4
    endloop
  endfacet
  facet normal 0 0 1
    outer loop
      vertex 4.87489 53.7778 3.4
      vertex 4.60493 54.2208 3.4
      vertex 4.8546 53.766 3.4
    endloop
  endfacet
  facet normal -0 0 1
    outer loop
      vertex 4.54955 54.1907 3.4
      vertex 4.8546 53.766 3.4
      vertex 4.60493 54.2208 3.4
    endloop
  endfacet
  facet normal 0 0 1
    outer loop
      vertex 4.8546 53.766 3.4
      vertex 4.54955 54.1907 3.4
      vertex 4.83557 53.7529 3.4
    endloop
  endfacet
  facet normal -0 0 1
    outer loop
      vertex 4.49715 54.1571 3.4
      vertex 4.83557 53.7529 3.4
      vertex 4.54955 54.1907 3.4
    endloop
  endfacet
  facet normal 0 0 1
    outer loop
      vertex 4.83557 53.7529 3.4
      vertex 4.49715 54.1571 3.4
      vertex 4.81787 53.7386 3.4
    endloop
  endfacet
  facet normal -0 0 1
    outer loop
      vertex 4.44788 54.1202 3.4
      vertex 4.81787 53.7386 3.4
      vertex 4.49715 54.1571 3.4
    endloop
  endfacet
  facet normal 0 0 1
    outer loop
      vertex 4.81787 53.7386 3.4
      vertex 4.44788 54.1202 3.4
      vertex 4.80151 53.7232 3.4
    endloop
  endfacet
  facet normal -0 0 1
    outer loop
      vertex 4.4019 54.0802 3.4
      vertex 4.80151 53.7232 3.4
      vertex 4.44788 54.1202 3.4
    endloop
  endfacet
  facet normal 0 0 1
    outer loop
      vertex 4.80151 53.7232 3.4
      vertex 4.4019 54.0802 3.4
      vertex 4.78653 53.7066 3.4
    endloop
  endfacet
  facet normal -0 0 1
    outer loop
      vertex 4.35938 54.0372 3.4
      vertex 4.78653 53.7066 3.4
      vertex 4.4019 54.0802 3.4
    endloop
  endfacet
  facet normal 0 0 1
    outer loop
      vertex 4.78653 53.7066 3.4
      vertex 4.35938 54.0372 3.4
      vertex 4.77298 53.6889 3.4
    endloop
  endfacet
  facet normal -0 0 1
    outer loop
      vertex 4.32047 53.9912 3.4
      vertex 4.77298 53.6889 3.4
      vertex 4.35938 54.0372 3.4
    endloop
  endfacet
  facet normal 0 0 1
    outer loop
      vertex 4.77298 53.6889 3.4
      vertex 4.32047 53.9912 3.4
      vertex 4.76088 53.6701 3.4
    endloop
  endfacet
  facet normal -0 0 1
    outer loop
      vertex 4.28532 53.9426 3.4
      vertex 4.76088 53.6701 3.4
      vertex 4.32047 53.9912 3.4
    endloop
  endfacet
  facet normal 0 0 1
    outer loop
      vertex 4.76088 53.6701 3.4
      vertex 4.28532 53.9426 3.4
      vertex 4.75027 53.6502 3.4
    endloop
  endfacet
  facet normal -0 0 1
    outer loop
      vertex 4.25412 53.8913 3.4
      vertex 4.75027 53.6502 3.4
      vertex 4.28532 53.9426 3.4
    endloop
  endfacet
  facet normal 0 0 1
    outer loop
      vertex 4.75027 53.6502 3.4
      vertex 4.25412 53.8913 3.4
      vertex 4.7412 53.6294 3.4
    endloop
  endfacet
  facet normal -0 0 1
    outer loop
      vertex 4.22701 53.8375 3.4
      vertex 4.7412 53.6294 3.4
      vertex 4.25412 53.8913 3.4
    endloop
  endfacet
  facet normal 0 0 1
    outer loop
      vertex 4.7412 53.6294 3.4
      vertex 4.22701 53.8375 3.4
      vertex 4.73367 53.6076 3.4
    endloop
  endfacet
  facet normal -0 0 1
    outer loop
      vertex 4.20413 53.7814 3.4
      vertex 4.73367 53.6076 3.4
      vertex 4.22701 53.8375 3.4
    endloop
  endfacet
  facet normal 0 0 1
    outer loop
      vertex 4.73367 53.6076 3.4
      vertex 4.20413 53.7814 3.4
      vertex 4.72775 53.5848 3.4
    endloop
  endfacet
  facet normal -0 0 1
    outer loop
      vertex 4.18567 53.7232 3.4
      vertex 4.72775 53.5848 3.4
      vertex 4.20413 53.7814 3.4
    endloop
  endfacet
  facet normal -0 0 1
    outer loop
      vertex 4.17178 53.6628 3.4
      vertex 4.72775 53.5848 3.4
      vertex 4.18567 53.7232 3.4
    endloop
  endfacet
  facet normal 0 0 1
    outer loop
      vertex 4.72775 53.5848 3.4
      vertex 4.17178 53.6628 3.4
      vertex 4.72346 53.5611 3.4
    endloop
  endfacet
  facet normal -0 0 1
    outer loop
      vertex 4.16261 53.6006 3.4
      vertex 4.72346 53.5611 3.4
      vertex 4.17178 53.6628 3.4
    endloop
  endfacet
  facet normal 0 0 1
    outer loop
      vertex 4.72346 53.5611 3.4
      vertex 4.16261 53.6006 3.4
      vertex 4.72083 53.5365 3.4
    endloop
  endfacet
  facet normal 0 0 1
    outer loop
      vertex 4.72083 53.5365 3.4
      vertex 4.16261 53.6006 3.4
      vertex 4.15833 53.5365 3.4
    endloop
  endfacet
  facet normal -0 0 1
    outer loop
      vertex 5.46298 51.8791 3.4
      vertex 5.88945 51.6043 3.4
      vertex 5.48166 51.9117 3.4
    endloop
  endfacet
  facet normal 0 0 1
    outer loop
      vertex 5.88945 51.6043 3.4
      vertex 5.46298 51.8791 3.4
      vertex 5.85921 51.5642 3.4
    endloop
  endfacet
  facet normal -0 0 1
    outer loop
      vertex 5.44232 51.8488 3.4
      vertex 5.85921 51.5642 3.4
      vertex 5.46298 51.8791 3.4
    endloop
  endfacet
  facet normal 0 0 1
    outer loop
      vertex 5.85921 51.5642 3.4
      vertex 5.44232 51.8488 3.4
      vertex 5.82764 51.5262 3.4
    endloop
  endfacet
  facet normal 0 0 1
    outer loop
      vertex 5.82764 51.5262 3.4
      vertex 5.44232 51.8488 3.4
      vertex 5.79474 51.4903 3.4
    endloop
  endfacet
  facet normal -0 0 1
    outer loop
      vertex 5.41969 51.8208 3.4
      vertex 5.79474 51.4903 3.4
      vertex 5.44232 51.8488 3.4
    endloop
  endfacet
  facet normal 0 0 1
    outer loop
      vertex 5.79474 51.4903 3.4
      vertex 5.41969 51.8208 3.4
      vertex 5.76057 51.4564 3.4
    endloop
  endfacet
  facet normal -0 0 1
    outer loop
      vertex 5.39517 51.7952 3.4
      vertex 5.76057 51.4564 3.4
      vertex 5.41969 51.8208 3.4
    endloop
  endfacet
  facet normal 0 0 1
    outer loop
      vertex 5.76057 51.4564 3.4
      vertex 5.39517 51.7952 3.4
      vertex 5.72514 51.4247 3.4
    endloop
  endfacet
  facet normal 0 0 1
    outer loop
      vertex 5.72514 51.4247 3.4
      vertex 5.39517 51.7952 3.4
      vertex 5.68849 51.395 3.4
    endloop
  endfacet
  facet normal -0 0 1
    outer loop
      vertex 5.36879 51.7721 3.4
      vertex 5.68849 51.395 3.4
      vertex 5.39517 51.7952 3.4
    endloop
  endfacet
  facet normal 0 0 1
    outer loop
      vertex 5.68849 51.395 3.4
      vertex 5.36879 51.7721 3.4
      vertex 5.65063 51.3675 3.4
    endloop
  endfacet
  facet normal -0 0 1
    outer loop
      vertex 5.34058 51.7515 3.4
      vertex 5.65063 51.3675 3.4
      vertex 5.36879 51.7721 3.4
    endloop
  endfacet
  facet normal 0 0 1
    outer loop
      vertex 5.65063 51.3675 3.4
      vertex 5.34058 51.7515 3.4
      vertex 5.6116 51.3422 3.4
    endloop
  endfacet
  facet normal 0 0 1
    outer loop
      vertex 5.6116 51.3422 3.4
      vertex 5.34058 51.7515 3.4
      vertex 5.57143 51.319 3.4
    endloop
  endfacet
  facet normal -0 0 1
    outer loop
      vertex 5.31059 51.7335 3.4
      vertex 5.57143 51.319 3.4
      vertex 5.34058 51.7515 3.4
    endloop
  endfacet
  facet normal 0 0 1
    outer loop
      vertex 5.57143 51.319 3.4
      vertex 5.31059 51.7335 3.4
      vertex 5.53014 51.2979 3.4
    endloop
  endfacet
  facet normal 0 0 1
    outer loop
      vertex 5.53014 51.2979 3.4
      vertex 5.31059 51.7335 3.4
      vertex 5.48773 51.279 3.4
    endloop
  endfacet
  facet normal -0 0 1
    outer loop
      vertex 5.27888 51.7181 3.4
      vertex 5.48773 51.279 3.4
      vertex 5.31059 51.7335 3.4
    endloop
  endfacet
  facet normal 0 0 1
    outer loop
      vertex 5.48773 51.279 3.4
      vertex 5.27888 51.7181 3.4
      vertex 5.44427 51.2623 3.4
    endloop
  endfacet
  facet normal 0 0 1
    outer loop
      vertex 5.44427 51.2623 3.4
      vertex 5.27888 51.7181 3.4
      vertex 5.39978 51.2478 3.4
    endloop
  endfacet
  facet normal -0 0 1
    outer loop
      vertex 5.24548 51.7054 3.4
      vertex 5.39978 51.2478 3.4
      vertex 5.27888 51.7181 3.4
    endloop
  endfacet
  facet normal 0 0 1
    outer loop
      vertex 5.39978 51.2478 3.4
      vertex 5.24548 51.7054 3.4
      vertex 5.35428 51.2355 3.4
    endloop
  endfacet
  facet normal -0 0 1
    outer loop
      vertex 5.21043 51.6954 3.4
      vertex 5.35428 51.2355 3.4
      vertex 5.24548 51.7054 3.4
    endloop
  endfacet
  facet normal 0 0 1
    outer loop
      vertex 5.35428 51.2355 3.4
      vertex 5.21043 51.6954 3.4
      vertex 5.30779 51.2254 3.4
    endloop
  endfacet
  facet normal 0 0 1
    outer loop
      vertex 5.30779 51.2254 3.4
      vertex 5.21043 51.6954 3.4
      vertex 5.26033 51.2175 3.4
    endloop
  endfacet
  facet normal -0 0 1
    outer loop
      vertex 5.17378 51.6882 3.4
      vertex 5.26033 51.2175 3.4
      vertex 5.21043 51.6954 3.4
    endloop
  endfacet
  facet normal 0 0 1
    outer loop
      vertex 5.26033 51.2175 3.4
      vertex 5.17378 51.6882 3.4
      vertex 5.21194 51.2119 3.4
    endloop
  endfacet
  facet normal -0 0 1
    outer loop
      vertex 5.13556 51.6839 3.4
      vertex 5.21194 51.2119 3.4
      vertex 5.17378 51.6882 3.4
    endloop
  endfacet
  facet normal 0 0 1
    outer loop
      vertex 5.21194 51.2119 3.4
      vertex 5.13556 51.6839 3.4
      vertex 5.16264 51.2085 3.4
    endloop
  endfacet
  facet normal 0 0 1
    outer loop
      vertex 5.13556 51.6839 3.4
      vertex 5.11249 51.2074 3.4
      vertex 5.16264 51.2085 3.4
    endloop
  endfacet
  facet normal -0 0 1
    outer loop
      vertex 5.09583 51.6824 3.4
      vertex 5.11249 51.2074 3.4
      vertex 5.13556 51.6839 3.4
    endloop
  endfacet
  facet normal 0 0 1
    outer loop
      vertex 5.02925 51.2103 3.4
      vertex 5.09583 51.6824 3.4
      vertex 5.05902 51.6839 3.4
    endloop
  endfacet
  facet normal 0 0 1
    outer loop
      vertex 5.09583 51.6824 3.4
      vertex 5.02925 51.2103 3.4
      vertex 5.11249 51.2074 3.4
    endloop
  endfacet
  facet normal 0 0 1
    outer loop
      vertex 5.02361 51.6882 3.4
      vertex 5.02925 51.2103 3.4
      vertex 5.05902 51.6839 3.4
    endloop
  endfacet
  facet normal 0 0 1
    outer loop
      vertex 4.94873 51.2187 3.4
      vertex 5.02361 51.6882 3.4
      vertex 4.98964 51.6954 3.4
    endloop
  endfacet
  facet normal 0 0 1
    outer loop
      vertex 4.87102 51.2327 3.4
      vertex 4.98964 51.6954 3.4
      vertex 4.95715 51.7054 3.4
    endloop
  endfacet
  facet normal 0 0 1
    outer loop
      vertex 5.02361 51.6882 3.4
      vertex 4.94873 51.2187 3.4
      vertex 5.02925 51.2103 3.4
    endloop
  endfacet
  facet normal 0 0 1
    outer loop
      vertex 4.7963 51.252 3.4
      vertex 4.95715 51.7054 3.4
      vertex 4.92618 51.718 3.4
    endloop
  endfacet
  facet normal 0 0 1
    outer loop
      vertex 4.72469 51.2765 3.4
      vertex 4.92618 51.718 3.4
      vertex 4.89677 51.7333 3.4
    endloop
  endfacet
  facet normal 0 0 1
    outer loop
      vertex 4.98964 51.6954 3.4
      vertex 4.87102 51.2327 3.4
      vertex 4.94873 51.2187 3.4
    endloop
  endfacet
  facet normal 0 0 1
    outer loop
      vertex 4.65631 51.306 3.4
      vertex 4.89677 51.7333 3.4
      vertex 4.86897 51.7512 3.4
    endloop
  endfacet
  facet normal 0 0 1
    outer loop
      vertex 4.65631 51.306 3.4
      vertex 4.86897 51.7512 3.4
      vertex 4.84282 51.7717 3.4
    endloop
  endfacet
  facet normal 0 0 1
    outer loop
      vertex 4.65631 51.306 3.4
      vertex 4.84282 51.7717 3.4
      vertex 4.81834 51.7946 3.4
    endloop
  endfacet
  facet normal 0 0 1
    outer loop
      vertex 4.95715 51.7054 3.4
      vertex 4.7963 51.252 3.4
      vertex 4.87102 51.2327 3.4
    endloop
  endfacet
  facet normal 0 0 1
    outer loop
      vertex 4.65631 51.306 3.4
      vertex 4.81834 51.7946 3.4
      vertex 4.79561 51.8199 3.4
    endloop
  endfacet
  facet normal 0 0 1
    outer loop
      vertex 4.65631 51.306 3.4
      vertex 4.79561 51.8199 3.4
      vertex 4.77463 51.8476 3.4
    endloop
  endfacet
  facet normal 0 0 1
    outer loop
      vertex 4.65631 51.306 3.4
      vertex 4.77463 51.8476 3.4
      vertex 4.75545 51.8775 3.4
    endloop
  endfacet
  facet normal 0 0 1
    outer loop
      vertex 4.65631 51.306 3.4
      vertex 4.75545 51.8775 3.4
      vertex 4.73811 51.9098 3.4
    endloop
  endfacet
  facet normal 0 0 1
    outer loop
      vertex 4.92618 51.718 3.4
      vertex 4.72469 51.2765 3.4
      vertex 4.7963 51.252 3.4
    endloop
  endfacet
  facet normal 0 0 1
    outer loop
      vertex 4.65631 51.306 3.4
      vertex 4.73811 51.9098 3.4
      vertex 4.72267 51.9441 3.4
    endloop
  endfacet
  facet normal 0 0 1
    outer loop
      vertex 4.65631 51.306 3.4
      vertex 4.72267 51.9441 3.4
      vertex 4.70917 51.9806 3.4
    endloop
  endfacet
  facet normal 0 0 1
    outer loop
      vertex 4.65631 51.306 3.4
      vertex 4.70917 51.9806 3.4
      vertex 4.69762 52.0192 3.4
    endloop
  endfacet
  facet normal 0 0 1
    outer loop
      vertex 4.65631 51.306 3.4
      vertex 4.69762 52.0192 3.4
      vertex 4.68808 52.0597 3.4
    endloop
  endfacet
  facet normal 0 0 1
    outer loop
      vertex 4.65631 51.306 3.4
      vertex 4.68808 52.0597 3.4
      vertex 4.68059 52.1022 3.4
    endloop
  endfacet
  facet normal 0 0 1
    outer loop
      vertex 4.65631 51.306 3.4
      vertex 4.68059 52.1022 3.4
      vertex 4.67519 52.1466 3.4
    endloop
  endfacet
  facet normal 0 0 1
    outer loop
      vertex 4.65631 51.306 3.4
      vertex 4.67519 52.1466 3.4
      vertex 4.67192 52.1928 3.4
    endloop
  endfacet
  facet normal 0 0 1
    outer loop
      vertex 4.89677 51.7333 3.4
      vertex 4.65631 51.306 3.4
      vertex 4.72469 51.2765 3.4
    endloop
  endfacet
  facet normal 0 0 1
    outer loop
      vertex 4.65631 51.306 3.4
      vertex 4.67192 52.1928 3.4
      vertex 4.67082 52.2407 3.4
    endloop
  endfacet
  facet normal -0 0 1
    outer loop
      vertex 2.72932 52.1866 3.4
      vertex 3.31264 51.2699 3.4
      vertex 3.31264 54.2241 3.4
    endloop
  endfacet
  facet normal 0 0 1
    outer loop
      vertex 3.31264 51.2699 3.4
      vertex 2.9106 51.3187 3.4
      vertex 2.92514 51.2699 3.4
    endloop
  endfacet
  facet normal -0 -0 1
    outer loop
      vertex 2.79472 51.5279 3.4
      vertex 3.31264 51.2699 3.4
      vertex 2.72932 52.1866 3.4
    endloop
  endfacet
  facet normal 0 0 1
    outer loop
      vertex 3.31264 51.2699 3.4
      vertex 2.89317 51.3652 3.4
      vertex 2.9106 51.3187 3.4
    endloop
  endfacet
  facet normal 0 0 1
    outer loop
      vertex 3.31264 51.2699 3.4
      vertex 2.87286 51.4094 3.4
      vertex 2.89317 51.3652 3.4
    endloop
  endfacet
  facet normal 0 0 1
    outer loop
      vertex 3.31264 51.2699 3.4
      vertex 2.84969 51.4512 3.4
      vertex 2.87286 51.4094 3.4
    endloop
  endfacet
  facet normal 0 0 1
    outer loop
      vertex 3.31264 51.2699 3.4
      vertex 2.82364 51.4907 3.4
      vertex 2.84969 51.4512 3.4
    endloop
  endfacet
  facet normal 0 0 1
    outer loop
      vertex 3.31264 51.2699 3.4
      vertex 2.79472 51.5279 3.4
      vertex 2.82364 51.4907 3.4
    endloop
  endfacet
  facet normal 0 0 1
    outer loop
      vertex 2.72932 52.1866 3.4
      vertex 3.31264 54.2241 3.4
      vertex 2.72932 54.2241 3.4
    endloop
  endfacet
  facet normal 0 0 1
    outer loop
      vertex 2.79472 51.5279 3.4
      vertex 2.72932 52.1866 3.4
      vertex 2.76295 51.5626 3.4
    endloop
  endfacet
  facet normal 0 0 1
    outer loop
      vertex 2.72932 52.1866 3.4
      vertex 2.72833 51.5951 3.4
      vertex 2.76295 51.5626 3.4
    endloop
  endfacet
  facet normal 0 0 1
    outer loop
      vertex 2.72932 52.1866 3.4
      vertex 2.69086 51.6251 3.4
      vertex 2.72833 51.5951 3.4
    endloop
  endfacet
  facet normal 0 0 1
    outer loop
      vertex 2.72932 52.1866 3.4
      vertex 2.65053 51.6528 3.4
      vertex 2.69086 51.6251 3.4
    endloop
  endfacet
  facet normal 0 0 1
    outer loop
      vertex 2.72932 52.1866 3.4
      vertex 2.60738 51.6781 3.4
      vertex 2.65053 51.6528 3.4
    endloop
  endfacet
  facet normal 0 0 1
    outer loop
      vertex 2.72932 52.1866 3.4
      vertex 2.56139 51.701 3.4
      vertex 2.60738 51.6781 3.4
    endloop
  endfacet
  facet normal 0 0 1
    outer loop
      vertex 2.72932 52.1866 3.4
      vertex 2.51257 51.7215 3.4
      vertex 2.56139 51.701 3.4
    endloop
  endfacet
  facet normal 0 0 1
    outer loop
      vertex 2.72932 52.1866 3.4
      vertex 2.46095 51.7397 3.4
      vertex 2.51257 51.7215 3.4
    endloop
  endfacet
  facet normal 0 0 1
    outer loop
      vertex 2.72932 52.1866 3.4
      vertex 2.40649 51.7554 3.4
      vertex 2.46095 51.7397 3.4
    endloop
  endfacet
  facet normal 0 0 1
    outer loop
      vertex 2.72932 52.1866 3.4
      vertex 2.34923 51.7687 3.4
      vertex 2.40649 51.7554 3.4
    endloop
  endfacet
  facet normal 0 0 1
    outer loop
      vertex 2.72932 52.1866 3.4
      vertex 2.28917 51.7796 3.4
      vertex 2.34923 51.7687 3.4
    endloop
  endfacet
  facet normal -0 0 1
    outer loop
      vertex 2.02097 52.1866 3.4
      vertex 2.28917 51.7796 3.4
      vertex 2.72932 52.1866 3.4
    endloop
  endfacet
  facet normal 0 0 1
    outer loop
      vertex 2.28917 51.7796 3.4
      vertex 2.02097 52.1866 3.4
      vertex 2.2263 51.7881 3.4
    endloop
  endfacet
  facet normal 0 0 1
    outer loop
      vertex 2.2263 51.7881 3.4
      vertex 2.02097 52.1866 3.4
      vertex 2.16064 51.7942 3.4
    endloop
  endfacet
  facet normal 0 0 1
    outer loop
      vertex 2.16064 51.7942 3.4
      vertex 2.02097 52.1866 3.4
      vertex 2.09219 51.7979 3.4
    endloop
  endfacet
  facet normal 0 0 1
    outer loop
      vertex 2.09219 51.7979 3.4
      vertex 2.02097 52.1866 3.4
      vertex 2.02097 51.7991 3.4
    endloop
  endfacet
  facet normal -0.0629963 -0.998014 0
    outer loop
      vertex 5.11604 54.323 3.4
      vertex 5.16832 54.3197 4
      vertex 5.11604 54.323 4
    endloop
  endfacet
  facet normal -0.0629963 -0.998014 -0
    outer loop
      vertex 5.16832 54.3197 4
      vertex 5.11604 54.323 3.4
      vertex 5.16832 54.3197 3.4
    endloop
  endfacet
  facet normal -0.103345 -0.994646 0
    outer loop
      vertex 5.16832 54.3197 3.4
      vertex 5.21933 54.3144 4
      vertex 5.16832 54.3197 4
    endloop
  endfacet
  facet normal -0.103345 -0.994646 -0
    outer loop
      vertex 5.21933 54.3144 4
      vertex 5.16832 54.3197 3.4
      vertex 5.21933 54.3144 3.4
    endloop
  endfacet
  facet normal -0.149187 -0.988809 0
    outer loop
      vertex 5.21933 54.3144 3.4
      vertex 5.26904 54.3069 4
      vertex 5.21933 54.3144 4
    endloop
  endfacet
  facet normal -0.149187 -0.988809 -0
    outer loop
      vertex 5.26904 54.3069 4
      vertex 5.21933 54.3144 3.4
      vertex 5.26904 54.3069 3.4
    endloop
  endfacet
  facet normal -0.19448 -0.980907 0
    outer loop
      vertex 5.26904 54.3069 3.4
      vertex 5.31746 54.2973 4
      vertex 5.26904 54.3069 4
    endloop
  endfacet
  facet normal -0.19448 -0.980907 -0
    outer loop
      vertex 5.31746 54.2973 4
      vertex 5.26904 54.3069 3.4
      vertex 5.31746 54.2973 3.4
    endloop
  endfacet
  facet normal -0.239139 -0.970985 0
    outer loop
      vertex 5.31746 54.2973 3.4
      vertex 5.36456 54.2857 4
      vertex 5.31746 54.2973 4
    endloop
  endfacet
  facet normal -0.239139 -0.970985 -0
    outer loop
      vertex 5.36456 54.2857 4
      vertex 5.31746 54.2973 3.4
      vertex 5.36456 54.2857 3.4
    endloop
  endfacet
  facet normal -0.288614 -0.957446 0
    outer loop
      vertex 5.36456 54.2857 3.4
      vertex 5.41034 54.2719 4
      vertex 5.36456 54.2857 4
    endloop
  endfacet
  facet normal -0.288614 -0.957446 -0
    outer loop
      vertex 5.41034 54.2719 4
      vertex 5.36456 54.2857 3.4
      vertex 5.41034 54.2719 3.4
    endloop
  endfacet
  facet normal -0.33694 -0.941526 0
    outer loop
      vertex 5.41034 54.2719 3.4
      vertex 5.45477 54.256 4
      vertex 5.41034 54.2719 4
    endloop
  endfacet
  facet normal -0.33694 -0.941526 -0
    outer loop
      vertex 5.45477 54.256 4
      vertex 5.41034 54.2719 3.4
      vertex 5.45477 54.256 3.4
    endloop
  endfacet
  facet normal -0.383702 -0.923457 0
    outer loop
      vertex 5.45477 54.256 3.4
      vertex 5.49785 54.2381 4
      vertex 5.45477 54.256 4
    endloop
  endfacet
  facet normal -0.383702 -0.923457 -0
    outer loop
      vertex 5.49785 54.2381 4
      vertex 5.45477 54.256 3.4
      vertex 5.49785 54.2381 3.4
    endloop
  endfacet
  facet normal -0.43069 -0.9025 0
    outer loop
      vertex 5.49785 54.2381 3.4
      vertex 5.53955 54.2182 4
      vertex 5.49785 54.2381 4
    endloop
  endfacet
  facet normal -0.43069 -0.9025 -0
    outer loop
      vertex 5.53955 54.2182 4
      vertex 5.49785 54.2381 3.4
      vertex 5.53955 54.2182 3.4
    endloop
  endfacet
  facet normal -0.480558 -0.876963 0
    outer loop
      vertex 5.53955 54.2182 3.4
      vertex 5.57988 54.1961 4
      vertex 5.53955 54.2182 4
    endloop
  endfacet
  facet normal -0.480558 -0.876963 -0
    outer loop
      vertex 5.57988 54.1961 4
      vertex 5.53955 54.2182 3.4
      vertex 5.57988 54.1961 3.4
    endloop
  endfacet
  facet normal -0.524683 -0.851298 0
    outer loop
      vertex 5.57988 54.1961 3.4
      vertex 5.61882 54.1721 4
      vertex 5.57988 54.1961 4
    endloop
  endfacet
  facet normal -0.524683 -0.851298 -0
    outer loop
      vertex 5.61882 54.1721 4
      vertex 5.57988 54.1961 3.4
      vertex 5.61882 54.1721 3.4
    endloop
  endfacet
  facet normal -0.571052 -0.820914 0
    outer loop
      vertex 5.61882 54.1721 3.4
      vertex 5.65634 54.146 4
      vertex 5.61882 54.1721 4
    endloop
  endfacet
  facet normal -0.571052 -0.820914 -0
    outer loop
      vertex 5.65634 54.146 4
      vertex 5.61882 54.1721 3.4
      vertex 5.65634 54.146 3.4
    endloop
  endfacet
  facet normal -0.614349 -0.789034 0
    outer loop
      vertex 5.65634 54.146 3.4
      vertex 5.69243 54.1179 4
      vertex 5.65634 54.146 4
    endloop
  endfacet
  facet normal -0.614349 -0.789034 -0
    outer loop
      vertex 5.69243 54.1179 4
      vertex 5.65634 54.146 3.4
      vertex 5.69243 54.1179 3.4
    endloop
  endfacet
  facet normal -0.655585 -0.755121 0
    outer loop
      vertex 5.69243 54.1179 3.4
      vertex 5.7271 54.0878 4
      vertex 5.69243 54.1179 4
    endloop
  endfacet
  facet normal -0.655585 -0.755121 -0
    outer loop
      vertex 5.7271 54.0878 4
      vertex 5.69243 54.1179 3.4
      vertex 5.7271 54.0878 3.4
    endloop
  endfacet
  facet normal -0.694989 -0.719021 0
    outer loop
      vertex 5.7271 54.0878 3.4
      vertex 5.76031 54.0557 4
      vertex 5.7271 54.0878 4
    endloop
  endfacet
  facet normal -0.694989 -0.719021 -0
    outer loop
      vertex 5.76031 54.0557 4
      vertex 5.7271 54.0878 3.4
      vertex 5.76031 54.0557 3.4
    endloop
  endfacet
  facet normal -0.731983 -0.681323 0
    outer loop
      vertex 5.79205 54.0216 3.4
      vertex 5.76031 54.0557 4
      vertex 5.76031 54.0557 3.4
    endloop
  endfacet
  facet normal -0.731983 -0.681323 0
    outer loop
      vertex 5.76031 54.0557 4
      vertex 5.79205 54.0216 3.4
      vertex 5.79205 54.0216 4
    endloop
  endfacet
  facet normal -0.765286 -0.64369 0
    outer loop
      vertex 5.82233 53.9856 3.4
      vertex 5.79205 54.0216 4
      vertex 5.79205 54.0216 3.4
    endloop
  endfacet
  facet normal -0.765286 -0.64369 0
    outer loop
      vertex 5.79205 54.0216 4
      vertex 5.82233 53.9856 3.4
      vertex 5.82233 53.9856 4
    endloop
  endfacet
  facet normal -0.797273 -0.603619 0
    outer loop
      vertex 5.8511 53.9476 3.4
      vertex 5.82233 53.9856 4
      vertex 5.82233 53.9856 3.4
    endloop
  endfacet
  facet normal -0.797273 -0.603619 0
    outer loop
      vertex 5.82233 53.9856 4
      vertex 5.8511 53.9476 3.4
      vertex 5.8511 53.9476 4
    endloop
  endfacet
  facet normal -0.826061 -0.56358 0
    outer loop
      vertex 5.87839 53.9076 3.4
      vertex 5.8511 53.9476 4
      vertex 5.8511 53.9476 3.4
    endloop
  endfacet
  facet normal -0.826061 -0.56358 0
    outer loop
      vertex 5.8511 53.9476 4
      vertex 5.87839 53.9076 3.4
      vertex 5.87839 53.9076 4
    endloop
  endfacet
  facet normal -0.851791 -0.523882 0
    outer loop
      vertex 5.90416 53.8657 3.4
      vertex 5.87839 53.9076 4
      vertex 5.87839 53.9076 3.4
    endloop
  endfacet
  facet normal -0.851791 -0.523882 0
    outer loop
      vertex 5.87839 53.9076 4
      vertex 5.90416 53.8657 3.4
      vertex 5.90416 53.8657 4
    endloop
  endfacet
  facet normal -0.873294 -0.487194 0
    outer loop
      vertex 5.92575 53.827 3.4
      vertex 5.90416 53.8657 4
      vertex 5.90416 53.8657 3.4
    endloop
  endfacet
  facet normal -0.873294 -0.487194 0
    outer loop
      vertex 5.90416 53.8657 4
      vertex 5.92575 53.827 3.4
      vertex 5.92575 53.827 4
    endloop
  endfacet
  facet normal -0.892945 -0.450166 0
    outer loop
      vertex 5.94647 53.7859 3.4
      vertex 5.92575 53.827 4
      vertex 5.92575 53.827 3.4
    endloop
  endfacet
  facet normal -0.892945 -0.450166 0
    outer loop
      vertex 5.92575 53.827 4
      vertex 5.94647 53.7859 3.4
      vertex 5.94647 53.7859 4
    endloop
  endfacet
  facet normal -0.909474 -0.41576 0
    outer loop
      vertex 5.96631 53.7425 3.4
      vertex 5.94647 53.7859 4
      vertex 5.94647 53.7859 3.4
    endloop
  endfacet
  facet normal -0.909474 -0.41576 0
    outer loop
      vertex 5.94647 53.7859 4
      vertex 5.96631 53.7425 3.4
      vertex 5.96631 53.7425 4
    endloop
  endfacet
  facet normal -0.923876 -0.382691 0
    outer loop
      vertex 5.98524 53.6968 3.4
      vertex 5.96631 53.7425 4
      vertex 5.96631 53.7425 3.4
    endloop
  endfacet
  facet normal -0.923876 -0.382691 0
    outer loop
      vertex 5.96631 53.7425 4
      vertex 5.98524 53.6968 3.4
      vertex 5.98524 53.6968 4
    endloop
  endfacet
  facet normal -0.935537 -0.353229 0
    outer loop
      vertex 6.00325 53.6491 3.4
      vertex 5.98524 53.6968 4
      vertex 5.98524 53.6968 3.4
    endloop
  endfacet
  facet normal -0.935537 -0.353229 0
    outer loop
      vertex 5.98524 53.6968 4
      vertex 6.00325 53.6491 3.4
      vertex 6.00325 53.6491 4
    endloop
  endfacet
  facet normal -0.945829 -0.324665 0
    outer loop
      vertex 6.02031 53.5994 3.4
      vertex 6.00325 53.6491 4
      vertex 6.00325 53.6491 3.4
    endloop
  endfacet
  facet normal -0.945829 -0.324665 0
    outer loop
      vertex 6.00325 53.6491 4
      vertex 6.02031 53.5994 3.4
      vertex 6.02031 53.5994 4
    endloop
  endfacet
  facet normal -0.954612 -0.297854 0
    outer loop
      vertex 6.03641 53.5478 3.4
      vertex 6.02031 53.5994 4
      vertex 6.02031 53.5994 3.4
    endloop
  endfacet
  facet normal -0.954612 -0.297854 0
    outer loop
      vertex 6.02031 53.5994 4
      vertex 6.03641 53.5478 3.4
      vertex 6.03641 53.5478 4
    endloop
  endfacet
  facet normal -0.962174 -0.272436 0
    outer loop
      vertex 6.05153 53.4944 3.4
      vertex 6.03641 53.5478 4
      vertex 6.03641 53.5478 3.4
    endloop
  endfacet
  facet normal -0.962174 -0.272436 0
    outer loop
      vertex 6.03641 53.5478 4
      vertex 6.05153 53.4944 3.4
      vertex 6.05153 53.4944 4
    endloop
  endfacet
  facet normal -0.968741 -0.248075 0
    outer loop
      vertex 6.06564 53.4393 3.4
      vertex 6.05153 53.4944 4
      vertex 6.05153 53.4944 3.4
    endloop
  endfacet
  facet normal -0.968741 -0.248075 0
    outer loop
      vertex 6.05153 53.4944 4
      vertex 6.06564 53.4393 3.4
      vertex 6.06564 53.4393 4
    endloop
  endfacet
  facet normal -0.974246 -0.225488 0
    outer loop
      vertex 6.07874 53.3827 3.4
      vertex 6.06564 53.4393 4
      vertex 6.06564 53.4393 3.4
    endloop
  endfacet
  facet normal -0.974246 -0.225488 0
    outer loop
      vertex 6.06564 53.4393 4
      vertex 6.07874 53.3827 3.4
      vertex 6.07874 53.3827 4
    endloop
  endfacet
  facet normal -0.979232 -0.202745 0
    outer loop
      vertex 6.09079 53.3245 3.4
      vertex 6.07874 53.3827 4
      vertex 6.07874 53.3827 3.4
    endloop
  endfacet
  facet normal -0.979232 -0.202745 0
    outer loop
      vertex 6.07874 53.3827 4
      vertex 6.09079 53.3245 3.4
      vertex 6.09079 53.3245 4
    endloop
  endfacet
  facet normal -0.983421 -0.181339 0
    outer loop
      vertex 6.10178 53.2649 3.4
      vertex 6.09079 53.3245 4
      vertex 6.09079 53.3245 3.4
    endloop
  endfacet
  facet normal -0.983421 -0.181339 0
    outer loop
      vertex 6.09079 53.3245 4
      vertex 6.10178 53.2649 3.4
      vertex 6.10178 53.2649 4
    endloop
  endfacet
  facet normal -0.987017 -0.160613 0
    outer loop
      vertex 6.11169 53.204 3.4
      vertex 6.10178 53.2649 4
      vertex 6.10178 53.2649 3.4
    endloop
  endfacet
  facet normal -0.987017 -0.160613 0
    outer loop
      vertex 6.10178 53.2649 4
      vertex 6.11169 53.204 3.4
      vertex 6.11169 53.204 4
    endloop
  endfacet
  facet normal -0.99002 -0.14093 0
    outer loop
      vertex 6.12053 53.1419 3.4
      vertex 6.11169 53.204 4
      vertex 6.11169 53.204 3.4
    endloop
  endfacet
  facet normal -0.99002 -0.14093 0
    outer loop
      vertex 6.11169 53.204 4
      vertex 6.12053 53.1419 3.4
      vertex 6.12053 53.1419 4
    endloop
  endfacet
  facet normal -0.992637 -0.12113 0
    outer loop
      vertex 6.12823 53.0788 3.4
      vertex 6.12053 53.1419 4
      vertex 6.12053 53.1419 3.4
    endloop
  endfacet
  facet normal -0.992637 -0.12113 0
    outer loop
      vertex 6.12053 53.1419 4
      vertex 6.12823 53.0788 3.4
      vertex 6.12823 53.0788 4
    endloop
  endfacet
  facet normal -0.994789 -0.101958 0
    outer loop
      vertex 6.13481 53.0146 3.4
      vertex 6.12823 53.0788 4
      vertex 6.12823 53.0788 3.4
    endloop
  endfacet
  facet normal -0.994789 -0.101958 0
    outer loop
      vertex 6.12823 53.0788 4
      vertex 6.13481 53.0146 3.4
      vertex 6.13481 53.0146 4
    endloop
  endfacet
  facet normal -0.996542 -0.0830962 0
    outer loop
      vertex 6.14023 52.9496 3.4
      vertex 6.13481 53.0146 4
      vertex 6.13481 53.0146 3.4
    endloop
  endfacet
  facet normal -0.996542 -0.0830962 0
    outer loop
      vertex 6.13481 53.0146 4
      vertex 6.14023 52.9496 3.4
      vertex 6.14023 52.9496 4
    endloop
  endfacet
  facet normal -0.997937 -0.0642071 0
    outer loop
      vertex 6.14447 52.8837 3.4
      vertex 6.14023 52.9496 4
      vertex 6.14023 52.9496 3.4
    endloop
  endfacet
  facet normal -0.997937 -0.0642071 0
    outer loop
      vertex 6.14023 52.9496 4
      vertex 6.14447 52.8837 3.4
      vertex 6.14447 52.8837 4
    endloop
  endfacet
  facet normal -0.998936 -0.0461163 0
    outer loop
      vertex 6.14754 52.8172 3.4
      vertex 6.14447 52.8837 4
      vertex 6.14447 52.8837 3.4
    endloop
  endfacet
  facet normal -0.998936 -0.0461163 0
    outer loop
      vertex 6.14447 52.8837 4
      vertex 6.14754 52.8172 3.4
      vertex 6.14754 52.8172 4
    endloop
  endfacet
  facet normal -0.999625 -0.0273707 0
    outer loop
      vertex 6.14938 52.75 3.4
      vertex 6.14754 52.8172 4
      vertex 6.14754 52.8172 3.4
    endloop
  endfacet
  facet normal -0.999625 -0.0273707 0
    outer loop
      vertex 6.14754 52.8172 4
      vertex 6.14938 52.75 3.4
      vertex 6.14938 52.75 4
    endloop
  endfacet
  facet normal -0.999957 -0.00931912 0
    outer loop
      vertex 6.15001 52.6824 3.4
      vertex 6.14938 52.75 4
      vertex 6.14938 52.75 3.4
    endloop
  endfacet
  facet normal -0.999957 -0.00931912 0
    outer loop
      vertex 6.14938 52.75 4
      vertex 6.15001 52.6824 3.4
      vertex 6.15001 52.6824 4
    endloop
  endfacet
  facet normal -0.999972 0.00751613 0
    outer loop
      vertex 6.14955 52.6212 3.4
      vertex 6.15001 52.6824 4
      vertex 6.15001 52.6824 3.4
    endloop
  endfacet
  facet normal -0.999972 0.00751613 0
    outer loop
      vertex 6.15001 52.6824 4
      vertex 6.14955 52.6212 3.4
      vertex 6.14955 52.6212 4
    endloop
  endfacet
  facet normal -0.999739 0.0228655 0
    outer loop
      vertex 6.14818 52.5613 3.4
      vertex 6.14955 52.6212 4
      vertex 6.14955 52.6212 3.4
    endloop
  endfacet
  facet normal -0.999739 0.0228655 0
    outer loop
      vertex 6.14955 52.6212 4
      vertex 6.14818 52.5613 3.4
      vertex 6.14818 52.5613 4
    endloop
  endfacet
  facet normal -0.999241 0.0389448 0
    outer loop
      vertex 6.1459 52.5028 3.4
      vertex 6.14818 52.5613 4
      vertex 6.14818 52.5613 3.4
    endloop
  endfacet
  facet normal -0.999241 0.0389448 0
    outer loop
      vertex 6.14818 52.5613 4
      vertex 6.1459 52.5028 3.4
      vertex 6.1459 52.5028 4
    endloop
  endfacet
  facet normal -0.998453 0.0556056 0
    outer loop
      vertex 6.14272 52.4457 3.4
      vertex 6.1459 52.5028 4
      vertex 6.1459 52.5028 3.4
    endloop
  endfacet
  facet normal -0.998453 0.0556056 0
    outer loop
      vertex 6.1459 52.5028 4
      vertex 6.14272 52.4457 3.4
      vertex 6.14272 52.4457 4
    endloop
  endfacet
  facet normal -0.997289 0.0735881 0
    outer loop
      vertex 6.13861 52.39 3.4
      vertex 6.14272 52.4457 4
      vertex 6.14272 52.4457 3.4
    endloop
  endfacet
  facet normal -0.997289 0.0735881 0
    outer loop
      vertex 6.14272 52.4457 4
      vertex 6.13861 52.39 3.4
      vertex 6.13861 52.39 4
    endloop
  endfacet
  facet normal -0.995737 0.0922386 0
    outer loop
      vertex 6.13358 52.3357 3.4
      vertex 6.13861 52.39 4
      vertex 6.13861 52.39 3.4
    endloop
  endfacet
  facet normal -0.995737 0.0922386 0
    outer loop
      vertex 6.13861 52.39 4
      vertex 6.13358 52.3357 3.4
      vertex 6.13358 52.3357 4
    endloop
  endfacet
  facet normal -0.993737 0.111748 0
    outer loop
      vertex 6.12762 52.2827 3.4
      vertex 6.13358 52.3357 4
      vertex 6.13358 52.3357 3.4
    endloop
  endfacet
  facet normal -0.993737 0.111748 0
    outer loop
      vertex 6.13358 52.3357 4
      vertex 6.12762 52.2827 3.4
      vertex 6.12762 52.2827 4
    endloop
  endfacet
  facet normal -0.991194 0.132416 0
    outer loop
      vertex 6.12074 52.2312 3.4
      vertex 6.12762 52.2827 4
      vertex 6.12762 52.2827 3.4
    endloop
  endfacet
  facet normal -0.991194 0.132416 0
    outer loop
      vertex 6.12762 52.2827 4
      vertex 6.12074 52.2312 3.4
      vertex 6.12074 52.2312 4
    endloop
  endfacet
  facet normal -0.988173 0.153344 0
    outer loop
      vertex 6.11295 52.181 3.4
      vertex 6.12074 52.2312 4
      vertex 6.12074 52.2312 3.4
    endloop
  endfacet
  facet normal -0.988173 0.153344 0
    outer loop
      vertex 6.12074 52.2312 4
      vertex 6.11295 52.181 3.4
      vertex 6.11295 52.181 4
    endloop
  endfacet
  facet normal -0.98424 0.17684 0
    outer loop
      vertex 6.1042 52.1323 3.4
      vertex 6.11295 52.181 4
      vertex 6.11295 52.181 3.4
    endloop
  endfacet
  facet normal -0.98424 0.17684 0
    outer loop
      vertex 6.11295 52.181 4
      vertex 6.1042 52.1323 3.4
      vertex 6.1042 52.1323 4
    endloop
  endfacet
  facet normal -0.979735 0.200297 0
    outer loop
      vertex 6.09453 52.085 3.4
      vertex 6.1042 52.1323 4
      vertex 6.1042 52.1323 3.4
    endloop
  endfacet
  facet normal -0.979735 0.200297 0
    outer loop
      vertex 6.1042 52.1323 4
      vertex 6.09453 52.085 3.4
      vertex 6.09453 52.085 4
    endloop
  endfacet
  facet normal -0.974309 0.225216 0
    outer loop
      vertex 6.08392 52.0391 3.4
      vertex 6.09453 52.085 4
      vertex 6.09453 52.085 3.4
    endloop
  endfacet
  facet normal -0.974309 0.225216 0
    outer loop
      vertex 6.09453 52.085 4
      vertex 6.08392 52.0391 3.4
      vertex 6.08392 52.0391 4
    endloop
  endfacet
  facet normal -0.967928 0.251226 0
    outer loop
      vertex 6.07237 51.9946 3.4
      vertex 6.08392 52.0391 4
      vertex 6.08392 52.0391 3.4
    endloop
  endfacet
  facet normal -0.967928 0.251226 0
    outer loop
      vertex 6.08392 52.0391 4
      vertex 6.07237 51.9946 3.4
      vertex 6.07237 51.9946 4
    endloop
  endfacet
  facet normal -0.960483 0.278339 0
    outer loop
      vertex 6.05988 51.9515 3.4
      vertex 6.07237 51.9946 4
      vertex 6.07237 51.9946 3.4
    endloop
  endfacet
  facet normal -0.960483 0.278339 0
    outer loop
      vertex 6.07237 51.9946 4
      vertex 6.05988 51.9515 3.4
      vertex 6.05988 51.9515 4
    endloop
  endfacet
  facet normal -0.951637 0.307223 0
    outer loop
      vertex 6.04645 51.9099 3.4
      vertex 6.05988 51.9515 4
      vertex 6.05988 51.9515 3.4
    endloop
  endfacet
  facet normal -0.951637 0.307223 0
    outer loop
      vertex 6.05988 51.9515 4
      vertex 6.04645 51.9099 3.4
      vertex 6.04645 51.9099 4
    endloop
  endfacet
  facet normal -0.941498 0.337019 0
    outer loop
      vertex 6.03206 51.8697 3.4
      vertex 6.04645 51.9099 4
      vertex 6.04645 51.9099 3.4
    endloop
  endfacet
  facet normal -0.941498 0.337019 0
    outer loop
      vertex 6.04645 51.9099 4
      vertex 6.03206 51.8697 3.4
      vertex 6.03206 51.8697 4
    endloop
  endfacet
  facet normal -0.929632 0.36849 0
    outer loop
      vertex 6.01672 51.831 3.4
      vertex 6.03206 51.8697 4
      vertex 6.03206 51.8697 3.4
    endloop
  endfacet
  facet normal -0.929632 0.36849 0
    outer loop
      vertex 6.03206 51.8697 4
      vertex 6.01672 51.831 3.4
      vertex 6.01672 51.831 4
    endloop
  endfacet
  facet normal -0.916022 0.401129 0
    outer loop
      vertex 6.00043 51.7938 3.4
      vertex 6.01672 51.831 4
      vertex 6.01672 51.831 3.4
    endloop
  endfacet
  facet normal -0.916022 0.401129 0
    outer loop
      vertex 6.01672 51.831 4
      vertex 6.00043 51.7938 3.4
      vertex 6.00043 51.7938 4
    endloop
  endfacet
  facet normal -0.901347 0.433098 0
    outer loop
      vertex 5.98318 51.7579 3.4
      vertex 6.00043 51.7938 4
      vertex 6.00043 51.7938 3.4
    endloop
  endfacet
  facet normal -0.901347 0.433098 0
    outer loop
      vertex 6.00043 51.7938 4
      vertex 5.98318 51.7579 3.4
      vertex 5.98318 51.7579 4
    endloop
  endfacet
  facet normal -0.883349 0.468716 0
    outer loop
      vertex 5.96498 51.7236 3.4
      vertex 5.98318 51.7579 4
      vertex 5.98318 51.7579 3.4
    endloop
  endfacet
  facet normal -0.883349 0.468716 0
    outer loop
      vertex 5.98318 51.7579 4
      vertex 5.96498 51.7236 3.4
      vertex 5.96498 51.7236 4
    endloop
  endfacet
  facet normal -0.864141 0.50325 0
    outer loop
      vertex 5.94582 51.6907 3.4
      vertex 5.96498 51.7236 4
      vertex 5.96498 51.7236 3.4
    endloop
  endfacet
  facet normal -0.864141 0.50325 0
    outer loop
      vertex 5.96498 51.7236 4
      vertex 5.94582 51.6907 3.4
      vertex 5.94582 51.6907 4
    endloop
  endfacet
  facet normal -0.849162 0.528133 0
    outer loop
      vertex 5.91833 51.6465 3.4
      vertex 5.94582 51.6907 4
      vertex 5.94582 51.6907 3.4
    endloop
  endfacet
  facet normal -0.849162 0.528133 0
    outer loop
      vertex 5.94582 51.6907 4
      vertex 5.91833 51.6465 3.4
      vertex 5.91833 51.6465 4
    endloop
  endfacet
  facet normal -0.82525 0.564768 0
    outer loop
      vertex 5.88945 51.6043 3.4
      vertex 5.91833 51.6465 4
      vertex 5.91833 51.6465 3.4
    endloop
  endfacet
  facet normal -0.82525 0.564768 0
    outer loop
      vertex 5.91833 51.6465 4
      vertex 5.88945 51.6043 3.4
      vertex 5.88945 51.6043 4
    endloop
  endfacet
  facet normal -0.79842 0.602101 0
    outer loop
      vertex 5.85921 51.5642 3.4
      vertex 5.88945 51.6043 4
      vertex 5.88945 51.6043 3.4
    endloop
  endfacet
  facet normal -0.79842 0.602101 0
    outer loop
      vertex 5.88945 51.6043 4
      vertex 5.85921 51.5642 3.4
      vertex 5.85921 51.5642 4
    endloop
  endfacet
  facet normal -0.769183 0.639029 0
    outer loop
      vertex 5.82764 51.5262 3.4
      vertex 5.85921 51.5642 4
      vertex 5.85921 51.5642 3.4
    endloop
  endfacet
  facet normal -0.769183 0.639029 0
    outer loop
      vertex 5.85921 51.5642 4
      vertex 5.82764 51.5262 3.4
      vertex 5.82764 51.5262 4
    endloop
  endfacet
  facet normal -0.737239 0.675632 0
    outer loop
      vertex 5.79474 51.4903 3.4
      vertex 5.82764 51.5262 4
      vertex 5.82764 51.5262 3.4
    endloop
  endfacet
  facet normal -0.737239 0.675632 0
    outer loop
      vertex 5.82764 51.5262 4
      vertex 5.79474 51.4903 3.4
      vertex 5.79474 51.4903 4
    endloop
  endfacet
  facet normal -0.704296 0.709906 0
    outer loop
      vertex 5.79474 51.4903 3.4
      vertex 5.76057 51.4564 4
      vertex 5.79474 51.4903 4
    endloop
  endfacet
  facet normal -0.704296 0.709906 0
    outer loop
      vertex 5.76057 51.4564 4
      vertex 5.79474 51.4903 3.4
      vertex 5.76057 51.4564 3.4
    endloop
  endfacet
  facet normal -0.666789 0.745247 0
    outer loop
      vertex 5.76057 51.4564 3.4
      vertex 5.72514 51.4247 4
      vertex 5.76057 51.4564 4
    endloop
  endfacet
  facet normal -0.666789 0.745247 0
    outer loop
      vertex 5.72514 51.4247 4
      vertex 5.76057 51.4564 3.4
      vertex 5.72514 51.4247 3.4
    endloop
  endfacet
  facet normal -0.629595 0.776924 0
    outer loop
      vertex 5.72514 51.4247 3.4
      vertex 5.68849 51.395 4
      vertex 5.72514 51.4247 4
    endloop
  endfacet
  facet normal -0.629595 0.776924 0
    outer loop
      vertex 5.68849 51.395 4
      vertex 5.72514 51.4247 3.4
      vertex 5.68849 51.395 3.4
    endloop
  endfacet
  facet normal -0.587689 0.809087 0
    outer loop
      vertex 5.68849 51.395 3.4
      vertex 5.65063 51.3675 4
      vertex 5.68849 51.395 4
    endloop
  endfacet
  facet normal -0.587689 0.809087 0
    outer loop
      vertex 5.65063 51.3675 4
      vertex 5.68849 51.395 3.4
      vertex 5.65063 51.3675 3.4
    endloop
  endfacet
  facet normal -0.543938 0.839126 0
    outer loop
      vertex 5.65063 51.3675 3.4
      vertex 5.6116 51.3422 4
      vertex 5.65063 51.3675 4
    endloop
  endfacet
  facet normal -0.543938 0.839126 0
    outer loop
      vertex 5.6116 51.3422 4
      vertex 5.65063 51.3675 3.4
      vertex 5.6116 51.3422 3.4
    endloop
  endfacet
  facet normal -0.500127 0.865952 0
    outer loop
      vertex 5.6116 51.3422 3.4
      vertex 5.57143 51.319 4
      vertex 5.6116 51.3422 4
    endloop
  endfacet
  facet normal -0.500127 0.865952 0
    outer loop
      vertex 5.57143 51.319 4
      vertex 5.6116 51.3422 3.4
      vertex 5.57143 51.319 3.4
    endloop
  endfacet
  facet normal -0.455046 0.890468 0
    outer loop
      vertex 5.57143 51.319 3.4
      vertex 5.53014 51.2979 4
      vertex 5.57143 51.319 4
    endloop
  endfacet
  facet normal -0.455046 0.890468 0
    outer loop
      vertex 5.53014 51.2979 4
      vertex 5.57143 51.319 3.4
      vertex 5.53014 51.2979 3.4
    endloop
  endfacet
  facet normal -0.407057 0.913403 0
    outer loop
      vertex 5.53014 51.2979 3.4
      vertex 5.48773 51.279 4
      vertex 5.53014 51.2979 4
    endloop
  endfacet
  facet normal -0.407057 0.913403 0
    outer loop
      vertex 5.48773 51.279 4
      vertex 5.53014 51.2979 3.4
      vertex 5.48773 51.279 3.4
    endloop
  endfacet
  facet normal -0.358691 0.933456 0
    outer loop
      vertex 5.48773 51.279 3.4
      vertex 5.44427 51.2623 4
      vertex 5.48773 51.279 4
    endloop
  endfacet
  facet normal -0.358691 0.933456 0
    outer loop
      vertex 5.44427 51.2623 4
      vertex 5.48773 51.279 3.4
      vertex 5.44427 51.2623 3.4
    endloop
  endfacet
  facet normal -0.309874 0.950778 0
    outer loop
      vertex 5.44427 51.2623 3.4
      vertex 5.39978 51.2478 4
      vertex 5.44427 51.2623 4
    endloop
  endfacet
  facet normal -0.309874 0.950778 0
    outer loop
      vertex 5.39978 51.2478 4
      vertex 5.44427 51.2623 3.4
      vertex 5.39978 51.2478 3.4
    endloop
  endfacet
  facet normal -0.260962 0.965349 0
    outer loop
      vertex 5.39978 51.2478 3.4
      vertex 5.35428 51.2355 4
      vertex 5.39978 51.2478 4
    endloop
  endfacet
  facet normal -0.260962 0.965349 0
    outer loop
      vertex 5.35428 51.2355 4
      vertex 5.39978 51.2478 3.4
      vertex 5.35428 51.2355 3.4
    endloop
  endfacet
  facet normal -0.212299 0.977205 0
    outer loop
      vertex 5.35428 51.2355 3.4
      vertex 5.30779 51.2254 4
      vertex 5.35428 51.2355 4
    endloop
  endfacet
  facet normal -0.212299 0.977205 0
    outer loop
      vertex 5.30779 51.2254 4
      vertex 5.35428 51.2355 3.4
      vertex 5.30779 51.2254 3.4
    endloop
  endfacet
  facet normal -0.164197 0.986428 0
    outer loop
      vertex 5.30779 51.2254 3.4
      vertex 5.26033 51.2175 4
      vertex 5.30779 51.2254 4
    endloop
  endfacet
  facet normal -0.164197 0.986428 0
    outer loop
      vertex 5.26033 51.2175 4
      vertex 5.30779 51.2254 3.4
      vertex 5.26033 51.2175 3.4
    endloop
  endfacet
  facet normal -0.114959 0.99337 0
    outer loop
      vertex 5.26033 51.2175 3.4
      vertex 5.21194 51.2119 4
      vertex 5.26033 51.2175 4
    endloop
  endfacet
  facet normal -0.114959 0.99337 0
    outer loop
      vertex 5.21194 51.2119 4
      vertex 5.26033 51.2175 3.4
      vertex 5.21194 51.2119 3.4
    endloop
  endfacet
  facet normal -0.0688021 0.99763 0
    outer loop
      vertex 5.21194 51.2119 3.4
      vertex 5.16264 51.2085 4
      vertex 5.21194 51.2119 4
    endloop
  endfacet
  facet normal -0.0688021 0.99763 0
    outer loop
      vertex 5.16264 51.2085 4
      vertex 5.21194 51.2119 3.4
      vertex 5.16264 51.2085 3.4
    endloop
  endfacet
  facet normal -0.0219289 0.99976 0
    outer loop
      vertex 5.16264 51.2085 3.4
      vertex 5.11249 51.2074 4
      vertex 5.16264 51.2085 4
    endloop
  endfacet
  facet normal -0.0219289 0.99976 0
    outer loop
      vertex 5.11249 51.2074 4
      vertex 5.16264 51.2085 3.4
      vertex 5.11249 51.2074 3.4
    endloop
  endfacet
  facet normal 0.0348179 0.999394 -0
    outer loop
      vertex 5.11249 51.2074 3.4
      vertex 5.02925 51.2103 4
      vertex 5.11249 51.2074 4
    endloop
  endfacet
  facet normal 0.0348179 0.999394 0
    outer loop
      vertex 5.02925 51.2103 4
      vertex 5.11249 51.2074 3.4
      vertex 5.02925 51.2103 3.4
    endloop
  endfacet
  facet normal 0.103759 0.994602 -0
    outer loop
      vertex 5.02925 51.2103 3.4
      vertex 4.94873 51.2187 4
      vertex 5.02925 51.2103 4
    endloop
  endfacet
  facet normal 0.103759 0.994602 0
    outer loop
      vertex 4.94873 51.2187 4
      vertex 5.02925 51.2103 3.4
      vertex 4.94873 51.2187 3.4
    endloop
  endfacet
  facet normal 0.177303 0.984156 -0
    outer loop
      vertex 4.94873 51.2187 3.4
      vertex 4.87102 51.2327 4
      vertex 4.94873 51.2187 4
    endloop
  endfacet
  facet normal 0.177303 0.984156 0
    outer loop
      vertex 4.87102 51.2327 4
      vertex 4.94873 51.2187 3.4
      vertex 4.87102 51.2327 3.4
    endloop
  endfacet
  facet normal 0.25009 0.968223 -0
    outer loop
      vertex 4.87102 51.2327 3.4
      vertex 4.7963 51.252 4
      vertex 4.87102 51.2327 4
    endloop
  endfacet
  facet normal 0.25009 0.968223 0
    outer loop
      vertex 4.7963 51.252 4
      vertex 4.87102 51.2327 3.4
      vertex 4.7963 51.252 3.4
    endloop
  endfacet
  facet normal 0.323709 0.946157 -0
    outer loop
      vertex 4.7963 51.252 3.4
      vertex 4.72469 51.2765 4
      vertex 4.7963 51.252 4
    endloop
  endfacet
  facet normal 0.323709 0.946157 0
    outer loop
      vertex 4.72469 51.2765 4
      vertex 4.7963 51.252 3.4
      vertex 4.72469 51.2765 3.4
    endloop
  endfacet
  facet normal 0.396122 0.918198 -0
    outer loop
      vertex 4.72469 51.2765 3.4
      vertex 4.65631 51.306 4
      vertex 4.72469 51.2765 4
    endloop
  endfacet
  facet normal 0.396122 0.918198 0
    outer loop
      vertex 4.65631 51.306 4
      vertex 4.72469 51.2765 3.4
      vertex 4.65631 51.306 3.4
    endloop
  endfacet
  facet normal 0.467988 0.883735 -0
    outer loop
      vertex 4.65631 51.306 3.4
      vertex 4.59135 51.3404 4
      vertex 4.65631 51.306 4
    endloop
  endfacet
  facet normal 0.467988 0.883735 0
    outer loop
      vertex 4.59135 51.3404 4
      vertex 4.65631 51.306 3.4
      vertex 4.59135 51.3404 3.4
    endloop
  endfacet
  facet normal 0.536893 0.84365 -0
    outer loop
      vertex 4.59135 51.3404 3.4
      vertex 4.52991 51.3795 4
      vertex 4.59135 51.3404 4
    endloop
  endfacet
  facet normal 0.536893 0.84365 0
    outer loop
      vertex 4.52991 51.3795 4
      vertex 4.59135 51.3404 3.4
      vertex 4.52991 51.3795 3.4
    endloop
  endfacet
  facet normal 0.603353 0.797475 -0
    outer loop
      vertex 4.52991 51.3795 3.4
      vertex 4.47215 51.4232 4
      vertex 4.52991 51.3795 4
    endloop
  endfacet
  facet normal 0.603353 0.797475 0
    outer loop
      vertex 4.47215 51.4232 4
      vertex 4.52991 51.3795 3.4
      vertex 4.47215 51.4232 3.4
    endloop
  endfacet
  facet normal 0.665479 0.746416 -0
    outer loop
      vertex 4.47215 51.4232 3.4
      vertex 4.4182 51.4713 4
      vertex 4.47215 51.4232 4
    endloop
  endfacet
  facet normal 0.665479 0.746416 0
    outer loop
      vertex 4.4182 51.4713 4
      vertex 4.47215 51.4232 3.4
      vertex 4.4182 51.4713 3.4
    endloop
  endfacet
  facet normal 0.72355 0.690272 0
    outer loop
      vertex 4.4182 51.4713 4
      vertex 4.36821 51.5237 3.4
      vertex 4.36821 51.5237 4
    endloop
  endfacet
  facet normal 0.72355 0.690272 0
    outer loop
      vertex 4.36821 51.5237 3.4
      vertex 4.4182 51.4713 4
      vertex 4.4182 51.4713 3.4
    endloop
  endfacet
  facet normal 0.776156 0.630541 0
    outer loop
      vertex 4.36821 51.5237 4
      vertex 4.32231 51.5802 3.4
      vertex 4.32231 51.5802 4
    endloop
  endfacet
  facet normal 0.776156 0.630541 0
    outer loop
      vertex 4.32231 51.5802 3.4
      vertex 4.36821 51.5237 4
      vertex 4.36821 51.5237 3.4
    endloop
  endfacet
  facet normal 0.823557 0.567233 0
    outer loop
      vertex 4.32231 51.5802 4
      vertex 4.28064 51.6407 3.4
      vertex 4.28064 51.6407 4
    endloop
  endfacet
  facet normal 0.823557 0.567233 0
    outer loop
      vertex 4.28064 51.6407 3.4
      vertex 4.32231 51.5802 4
      vertex 4.32231 51.5802 3.4
    endloop
  endfacet
  facet normal 0.864774 0.502162 0
    outer loop
      vertex 4.28064 51.6407 4
      vertex 4.24336 51.7049 3.4
      vertex 4.24336 51.7049 4
    endloop
  endfacet
  facet normal 0.864774 0.502162 0
    outer loop
      vertex 4.24336 51.7049 3.4
      vertex 4.28064 51.6407 4
      vertex 4.28064 51.6407 3.4
    endloop
  endfacet
  facet normal 0.90085 0.43413 0
    outer loop
      vertex 4.24336 51.7049 4
      vertex 4.21059 51.7729 3.4
      vertex 4.21059 51.7729 4
    endloop
  endfacet
  facet normal 0.90085 0.43413 0
    outer loop
      vertex 4.21059 51.7729 3.4
      vertex 4.24336 51.7049 4
      vertex 4.24336 51.7049 3.4
    endloop
  endfacet
  facet normal 0.930485 0.36633 0
    outer loop
      vertex 4.21059 51.7729 4
      vertex 4.18248 51.8443 3.4
      vertex 4.18248 51.8443 4
    endloop
  endfacet
  facet normal 0.930485 0.36633 0
    outer loop
      vertex 4.18248 51.8443 3.4
      vertex 4.21059 51.7729 4
      vertex 4.21059 51.7729 3.4
    endloop
  endfacet
  facet normal 0.954756 0.297389 0
    outer loop
      vertex 4.18248 51.8443 4
      vertex 4.15915 51.9192 3.4
      vertex 4.15915 51.9192 4
    endloop
  endfacet
  facet normal 0.954756 0.297389 0
    outer loop
      vertex 4.15915 51.9192 3.4
      vertex 4.18248 51.8443 4
      vertex 4.18248 51.8443 3.4
    endloop
  endfacet
  facet normal 0.97337 0.229241 0
    outer loop
      vertex 4.15915 51.9192 4
      vertex 4.14078 51.9972 3.4
      vertex 4.14078 51.9972 4
    endloop
  endfacet
  facet normal 0.97337 0.229241 0
    outer loop
      vertex 4.14078 51.9972 3.4
      vertex 4.15915 51.9192 4
      vertex 4.15915 51.9192 3.4
    endloop
  endfacet
  facet normal 0.986799 0.161952 0
    outer loop
      vertex 4.14078 51.9972 4
      vertex 4.12747 52.0783 3.4
      vertex 4.12747 52.0783 4
    endloop
  endfacet
  facet normal 0.986799 0.161952 0
    outer loop
      vertex 4.12747 52.0783 3.4
      vertex 4.14078 51.9972 4
      vertex 4.14078 51.9972 3.4
    endloop
  endfacet
  facet normal 0.995394 0.0958659 0
    outer loop
      vertex 4.12747 52.0783 4
      vertex 4.11938 52.1623 3.4
      vertex 4.11938 52.1623 4
    endloop
  endfacet
  facet normal 0.995394 0.0958659 0
    outer loop
      vertex 4.11938 52.1623 3.4
      vertex 4.12747 52.0783 4
      vertex 4.12747 52.0783 3.4
    endloop
  endfacet
  facet normal 0.999513 0.031206 0
    outer loop
      vertex 4.11938 52.1623 4
      vertex 4.11667 52.2491 3.4
      vertex 4.11667 52.2491 4
    endloop
  endfacet
  facet normal 0.999513 0.031206 0
    outer loop
      vertex 4.11667 52.2491 3.4
      vertex 4.11938 52.1623 4
      vertex 4.11938 52.1623 3.4
    endloop
  endfacet
  facet normal 0.999604 -0.0281431 0
    outer loop
      vertex 4.11667 52.2491 4
      vertex 4.11908 52.3347 3.4
      vertex 4.11908 52.3347 4
    endloop
  endfacet
  facet normal 0.999604 -0.0281431 0
    outer loop
      vertex 4.11908 52.3347 3.4
      vertex 4.11667 52.2491 4
      vertex 4.11667 52.2491 3.4
    endloop
  endfacet
  facet normal 0.996272 -0.0862714 0
    outer loop
      vertex 4.11908 52.3347 4
      vertex 4.12625 52.4175 3.4
      vertex 4.12625 52.4175 4
    endloop
  endfacet
  facet normal 0.996272 -0.0862714 0
    outer loop
      vertex 4.12625 52.4175 3.4
      vertex 4.11908 52.3347 4
      vertex 4.11908 52.3347 3.4
    endloop
  endfacet
  facet normal 0.98927 -0.1461 0
    outer loop
      vertex 4.12625 52.4175 4
      vertex 4.13805 52.4974 3.4
      vertex 4.13805 52.4974 4
    endloop
  endfacet
  facet normal 0.98927 -0.1461 0
    outer loop
      vertex 4.13805 52.4974 3.4
      vertex 4.12625 52.4175 4
      vertex 4.12625 52.4175 3.4
    endloop
  endfacet
  facet normal 0.978291 -0.207235 0
    outer loop
      vertex 4.13805 52.4974 4
      vertex 4.15434 52.5743 3.4
      vertex 4.15434 52.5743 4
    endloop
  endfacet
  facet normal 0.978291 -0.207235 0
    outer loop
      vertex 4.15434 52.5743 3.4
      vertex 4.13805 52.4974 4
      vertex 4.13805 52.4974 3.4
    endloop
  endfacet
  facet normal 0.962815 -0.270163 0
    outer loop
      vertex 4.15434 52.5743 4
      vertex 4.17502 52.648 3.4
      vertex 4.17502 52.648 4
    endloop
  endfacet
  facet normal 0.962815 -0.270163 0
    outer loop
      vertex 4.17502 52.648 3.4
      vertex 4.15434 52.5743 4
      vertex 4.15434 52.5743 3.4
    endloop
  endfacet
  facet normal 0.942492 -0.334229 0
    outer loop
      vertex 4.17502 52.648 4
      vertex 4.19995 52.7183 3.4
      vertex 4.19995 52.7183 4
    endloop
  endfacet
  facet normal 0.942492 -0.334229 0
    outer loop
      vertex 4.19995 52.7183 3.4
      vertex 4.17502 52.648 4
      vertex 4.17502 52.648 3.4
    endloop
  endfacet
  facet normal 0.917255 -0.3983 0
    outer loop
      vertex 4.19995 52.7183 4
      vertex 4.229 52.7852 3.4
      vertex 4.229 52.7852 4
    endloop
  endfacet
  facet normal 0.917255 -0.3983 0
    outer loop
      vertex 4.229 52.7852 3.4
      vertex 4.19995 52.7183 4
      vertex 4.19995 52.7183 3.4
    endloop
  endfacet
  facet normal 0.886032 -0.463625 0
    outer loop
      vertex 4.229 52.7852 4
      vertex 4.26207 52.8484 3.4
      vertex 4.26207 52.8484 4
    endloop
  endfacet
  facet normal 0.886032 -0.463625 0
    outer loop
      vertex 4.26207 52.8484 3.4
      vertex 4.229 52.7852 4
      vertex 4.229 52.7852 3.4
    endloop
  endfacet
  facet normal 0.849583 -0.527455 0
    outer loop
      vertex 4.26207 52.8484 4
      vertex 4.29901 52.9079 3.4
      vertex 4.29901 52.9079 4
    endloop
  endfacet
  facet normal 0.849583 -0.527455 0
    outer loop
      vertex 4.29901 52.9079 3.4
      vertex 4.26207 52.8484 4
      vertex 4.26207 52.8484 3.4
    endloop
  endfacet
  facet normal 0.806336 -0.591458 0
    outer loop
      vertex 4.29901 52.9079 4
      vertex 4.33972 52.9634 3.4
      vertex 4.33972 52.9634 4
    endloop
  endfacet
  facet normal 0.806336 -0.591458 0
    outer loop
      vertex 4.33972 52.9634 3.4
      vertex 4.29901 52.9079 4
      vertex 4.29901 52.9079 3.4
    endloop
  endfacet
  facet normal 0.757821 -0.652462 0
    outer loop
      vertex 4.33972 52.9634 4
      vertex 4.38406 53.0149 3.4
      vertex 4.38406 53.0149 4
    endloop
  endfacet
  facet normal 0.757821 -0.652462 0
    outer loop
      vertex 4.38406 53.0149 3.4
      vertex 4.33972 52.9634 4
      vertex 4.33972 52.9634 3.4
    endloop
  endfacet
  facet normal 0.702933 -0.711256 0
    outer loop
      vertex 4.38406 53.0149 3.4
      vertex 4.43192 53.0622 4
      vertex 4.38406 53.0149 4
    endloop
  endfacet
  facet normal 0.702933 -0.711256 0
    outer loop
      vertex 4.43192 53.0622 4
      vertex 4.38406 53.0149 3.4
      vertex 4.43192 53.0622 3.4
    endloop
  endfacet
  facet normal 0.642096 -0.766624 0
    outer loop
      vertex 4.43192 53.0622 3.4
      vertex 4.48314 53.1051 4
      vertex 4.43192 53.0622 4
    endloop
  endfacet
  facet normal 0.642096 -0.766624 0
    outer loop
      vertex 4.48314 53.1051 4
      vertex 4.43192 53.0622 3.4
      vertex 4.48314 53.1051 3.4
    endloop
  endfacet
  facet normal 0.575976 -0.817466 0
    outer loop
      vertex 4.48314 53.1051 3.4
      vertex 4.53764 53.1435 4
      vertex 4.48314 53.1051 4
    endloop
  endfacet
  facet normal 0.575976 -0.817466 0
    outer loop
      vertex 4.53764 53.1435 4
      vertex 4.48314 53.1051 3.4
      vertex 4.53764 53.1435 3.4
    endloop
  endfacet
  facet normal 0.505842 -0.862626 0
    outer loop
      vertex 4.53764 53.1435 3.4
      vertex 4.59528 53.1773 4
      vertex 4.53764 53.1435 4
    endloop
  endfacet
  facet normal 0.505842 -0.862626 0
    outer loop
      vertex 4.59528 53.1773 4
      vertex 4.53764 53.1435 3.4
      vertex 4.59528 53.1773 3.4
    endloop
  endfacet
  facet normal 0.43028 -0.902695 0
    outer loop
      vertex 4.59528 53.1773 3.4
      vertex 4.65591 53.2062 4
      vertex 4.59528 53.1773 4
    endloop
  endfacet
  facet normal 0.43028 -0.902695 0
    outer loop
      vertex 4.65591 53.2062 4
      vertex 4.59528 53.1773 3.4
      vertex 4.65591 53.2062 3.4
    endloop
  endfacet
  facet normal 0.354636 -0.935004 0
    outer loop
      vertex 4.65591 53.2062 3.4
      vertex 4.71945 53.2303 4
      vertex 4.65591 53.2062 4
    endloop
  endfacet
  facet normal 0.354636 -0.935004 0
    outer loop
      vertex 4.71945 53.2303 4
      vertex 4.65591 53.2062 3.4
      vertex 4.71945 53.2303 3.4
    endloop
  endfacet
  facet normal 0.274146 -0.961688 0
    outer loop
      vertex 4.71945 53.2303 3.4
      vertex 4.78575 53.2492 4
      vertex 4.71945 53.2303 4
    endloop
  endfacet
  facet normal 0.274146 -0.961688 0
    outer loop
      vertex 4.78575 53.2492 4
      vertex 4.71945 53.2303 3.4
      vertex 4.78575 53.2492 3.4
    endloop
  endfacet
  facet normal 0.194912 -0.980821 0
    outer loop
      vertex 4.78575 53.2492 3.4
      vertex 4.85469 53.2629 4
      vertex 4.78575 53.2492 4
    endloop
  endfacet
  facet normal 0.194912 -0.980821 0
    outer loop
      vertex 4.85469 53.2629 4
      vertex 4.78575 53.2492 3.4
      vertex 4.85469 53.2629 3.4
    endloop
  endfacet
  facet normal 0.115405 -0.993319 0
    outer loop
      vertex 4.85469 53.2629 3.4
      vertex 4.92613 53.2712 4
      vertex 4.85469 53.2629 4
    endloop
  endfacet
  facet normal 0.115405 -0.993319 0
    outer loop
      vertex 4.92613 53.2712 4
      vertex 4.85469 53.2629 3.4
      vertex 4.92613 53.2712 3.4
    endloop
  endfacet
  facet normal 0.0378875 -0.999282 0
    outer loop
      vertex 4.92613 53.2712 3.4
      vertex 4.99998 53.274 4
      vertex 4.92613 53.2712 4
    endloop
  endfacet
  facet normal 0.0378875 -0.999282 0
    outer loop
      vertex 4.99998 53.274 4
      vertex 4.92613 53.2712 3.4
      vertex 4.99998 53.274 3.4
    endloop
  endfacet
  facet normal -0.0093585 -0.999956 0
    outer loop
      vertex 4.99998 53.274 3.4
      vertex 5.02135 53.2738 4
      vertex 4.99998 53.274 4
    endloop
  endfacet
  facet normal -0.0093585 -0.999956 -0
    outer loop
      vertex 5.02135 53.2738 4
      vertex 4.99998 53.274 3.4
      vertex 5.02135 53.2738 3.4
    endloop
  endfacet
  facet normal -0.0423747 -0.999102 0
    outer loop
      vertex 5.02135 53.2738 3.4
      vertex 5.04257 53.2729 4
      vertex 5.02135 53.2738 4
    endloop
  endfacet
  facet normal -0.0423747 -0.999102 -0
    outer loop
      vertex 5.04257 53.2729 4
      vertex 5.02135 53.2738 3.4
      vertex 5.04257 53.2729 3.4
    endloop
  endfacet
  facet normal -0.066299 -0.9978 0
    outer loop
      vertex 5.04257 53.2729 3.4
      vertex 5.06364 53.2715 4
      vertex 5.04257 53.2729 4
    endloop
  endfacet
  facet normal -0.066299 -0.9978 -0
    outer loop
      vertex 5.06364 53.2715 4
      vertex 5.04257 53.2729 3.4
      vertex 5.06364 53.2715 3.4
    endloop
  endfacet
  facet normal -0.0907079 -0.995878 0
    outer loop
      vertex 5.06364 53.2715 3.4
      vertex 5.0845 53.2696 4
      vertex 5.06364 53.2715 4
    endloop
  endfacet
  facet normal -0.0907079 -0.995878 -0
    outer loop
      vertex 5.0845 53.2696 4
      vertex 5.06364 53.2715 3.4
      vertex 5.0845 53.2696 3.4
    endloop
  endfacet
  facet normal -0.115446 -0.993314 0
    outer loop
      vertex 5.0845 53.2696 3.4
      vertex 5.10515 53.2672 4
      vertex 5.0845 53.2696 4
    endloop
  endfacet
  facet normal -0.115446 -0.993314 -0
    outer loop
      vertex 5.10515 53.2672 4
      vertex 5.0845 53.2696 3.4
      vertex 5.10515 53.2672 3.4
    endloop
  endfacet
  facet normal -0.145494 -0.989359 0
    outer loop
      vertex 5.10515 53.2672 3.4
      vertex 5.12555 53.2642 4
      vertex 5.10515 53.2672 4
    endloop
  endfacet
  facet normal -0.145494 -0.989359 -0
    outer loop
      vertex 5.12555 53.2642 4
      vertex 5.10515 53.2672 3.4
      vertex 5.12555 53.2642 3.4
    endloop
  endfacet
  facet normal -0.166704 -0.986007 0
    outer loop
      vertex 5.12555 53.2642 3.4
      vertex 5.14566 53.2608 4
      vertex 5.12555 53.2642 4
    endloop
  endfacet
  facet normal -0.166704 -0.986007 -0
    outer loop
      vertex 5.14566 53.2608 4
      vertex 5.12555 53.2642 3.4
      vertex 5.14566 53.2608 3.4
    endloop
  endfacet
  facet normal -0.197828 -0.980237 0
    outer loop
      vertex 5.14566 53.2608 3.4
      vertex 5.16548 53.2568 4
      vertex 5.14566 53.2608 4
    endloop
  endfacet
  facet normal -0.197828 -0.980237 -0
    outer loop
      vertex 5.16548 53.2568 4
      vertex 5.14566 53.2608 3.4
      vertex 5.16548 53.2568 3.4
    endloop
  endfacet
  facet normal -0.220107 -0.975476 0
    outer loop
      vertex 5.16548 53.2568 3.4
      vertex 5.18498 53.2524 4
      vertex 5.16548 53.2568 4
    endloop
  endfacet
  facet normal -0.220107 -0.975476 -0
    outer loop
      vertex 5.18498 53.2524 4
      vertex 5.16548 53.2568 3.4
      vertex 5.18498 53.2524 3.4
    endloop
  endfacet
  facet normal -0.248253 -0.968695 0
    outer loop
      vertex 5.18498 53.2524 3.4
      vertex 5.2041 53.2475 4
      vertex 5.18498 53.2524 4
    endloop
  endfacet
  facet normal -0.248253 -0.968695 -0
    outer loop
      vertex 5.2041 53.2475 4
      vertex 5.18498 53.2524 3.4
      vertex 5.2041 53.2475 3.4
    endloop
  endfacet
  facet normal -0.276751 -0.960942 0
    outer loop
      vertex 5.2041 53.2475 3.4
      vertex 5.22285 53.2421 4
      vertex 5.2041 53.2475 4
    endloop
  endfacet
  facet normal -0.276751 -0.960942 -0
    outer loop
      vertex 5.22285 53.2421 4
      vertex 5.2041 53.2475 3.4
      vertex 5.22285 53.2421 3.4
    endloop
  endfacet
  facet normal -0.30138 -0.953504 0
    outer loop
      vertex 5.22285 53.2421 3.4
      vertex 5.2412 53.2363 4
      vertex 5.22285 53.2421 4
    endloop
  endfacet
  facet normal -0.30138 -0.953504 -0
    outer loop
      vertex 5.2412 53.2363 4
      vertex 5.22285 53.2421 3.4
      vertex 5.2412 53.2363 3.4
    endloop
  endfacet
  facet normal -0.327455 -0.944867 0
    outer loop
      vertex 5.2412 53.2363 3.4
      vertex 5.25909 53.2301 4
      vertex 5.2412 53.2363 4
    endloop
  endfacet
  facet normal -0.327455 -0.944867 -0
    outer loop
      vertex 5.25909 53.2301 4
      vertex 5.2412 53.2363 3.4
      vertex 5.25909 53.2301 3.4
    endloop
  endfacet
  facet normal -0.358441 -0.933552 0
    outer loop
      vertex 5.25909 53.2301 3.4
      vertex 5.27654 53.2234 4
      vertex 5.25909 53.2301 4
    endloop
  endfacet
  facet normal -0.358441 -0.933552 -0
    outer loop
      vertex 5.27654 53.2234 4
      vertex 5.25909 53.2301 3.4
      vertex 5.27654 53.2234 3.4
    endloop
  endfacet
  facet normal -0.386353 -0.922351 0
    outer loop
      vertex 5.27654 53.2234 3.4
      vertex 5.29349 53.2163 4
      vertex 5.27654 53.2234 4
    endloop
  endfacet
  facet normal -0.386353 -0.922351 -0
    outer loop
      vertex 5.29349 53.2163 4
      vertex 5.27654 53.2234 3.4
      vertex 5.29349 53.2163 3.4
    endloop
  endfacet
  facet normal -0.410873 -0.911693 0
    outer loop
      vertex 5.29349 53.2163 3.4
      vertex 5.30991 53.2089 4
      vertex 5.29349 53.2163 4
    endloop
  endfacet
  facet normal -0.410873 -0.911693 -0
    outer loop
      vertex 5.30991 53.2089 4
      vertex 5.29349 53.2163 3.4
      vertex 5.30991 53.2089 3.4
    endloop
  endfacet
  facet normal -0.445408 -0.895327 0
    outer loop
      vertex 5.30991 53.2089 3.4
      vertex 5.32579 53.201 4
      vertex 5.30991 53.2089 4
    endloop
  endfacet
  facet normal -0.445408 -0.895327 -0
    outer loop
      vertex 5.32579 53.201 4
      vertex 5.30991 53.2089 3.4
      vertex 5.32579 53.201 3.4
    endloop
  endfacet
  facet normal -0.476838 -0.878991 0
    outer loop
      vertex 5.32579 53.201 3.4
      vertex 5.34109 53.1927 4
      vertex 5.32579 53.201 4
    endloop
  endfacet
  facet normal -0.476838 -0.878991 -0
    outer loop
      vertex 5.34109 53.1927 4
      vertex 5.32579 53.201 3.4
      vertex 5.34109 53.1927 3.4
    endloop
  endfacet
  facet normal -0.50471 -0.863289 0
    outer loop
      vertex 5.34109 53.1927 3.4
      vertex 5.3558 53.1841 4
      vertex 5.34109 53.1927 4
    endloop
  endfacet
  facet normal -0.50471 -0.863289 -0
    outer loop
      vertex 5.3558 53.1841 4
      vertex 5.34109 53.1927 3.4
      vertex 5.3558 53.1841 3.4
    endloop
  endfacet
  facet normal -0.538307 -0.842749 0
    outer loop
      vertex 5.3558 53.1841 3.4
      vertex 5.36989 53.1751 4
      vertex 5.3558 53.1841 4
    endloop
  endfacet
  facet normal -0.538307 -0.842749 -0
    outer loop
      vertex 5.36989 53.1751 4
      vertex 5.3558 53.1841 3.4
      vertex 5.36989 53.1751 3.4
    endloop
  endfacet
  facet normal -0.573421 -0.819261 0
    outer loop
      vertex 5.36989 53.1751 3.4
      vertex 5.38332 53.1657 4
      vertex 5.36989 53.1751 4
    endloop
  endfacet
  facet normal -0.573421 -0.819261 -0
    outer loop
      vertex 5.38332 53.1657 4
      vertex 5.36989 53.1751 3.4
      vertex 5.38332 53.1657 3.4
    endloop
  endfacet
  facet normal -0.571507 -0.820597 0
    outer loop
      vertex 5.38332 53.1657 3.4
      vertex 5.39093 53.1604 4
      vertex 5.38332 53.1657 4
    endloop
  endfacet
  facet normal -0.571507 -0.820597 -0
    outer loop
      vertex 5.39093 53.1604 4
      vertex 5.38332 53.1657 3.4
      vertex 5.39093 53.1604 3.4
    endloop
  endfacet
  facet normal -0.598084 -0.801433 0
    outer loop
      vertex 5.39093 53.1604 3.4
      vertex 5.3983 53.1549 4
      vertex 5.39093 53.1604 4
    endloop
  endfacet
  facet normal -0.598084 -0.801433 -0
    outer loop
      vertex 5.3983 53.1549 4
      vertex 5.39093 53.1604 3.4
      vertex 5.3983 53.1549 3.4
    endloop
  endfacet
  facet normal -0.60704 -0.794671 0
    outer loop
      vertex 5.3983 53.1549 3.4
      vertex 5.4055 53.1494 4
      vertex 5.3983 53.1549 4
    endloop
  endfacet
  facet normal -0.60704 -0.794671 -0
    outer loop
      vertex 5.4055 53.1494 4
      vertex 5.3983 53.1549 3.4
      vertex 5.4055 53.1494 3.4
    endloop
  endfacet
  facet normal -0.620362 -0.784315 0
    outer loop
      vertex 5.4055 53.1494 3.4
      vertex 5.41258 53.1438 4
      vertex 5.4055 53.1494 4
    endloop
  endfacet
  facet normal -0.620362 -0.784315 -0
    outer loop
      vertex 5.41258 53.1438 4
      vertex 5.4055 53.1494 3.4
      vertex 5.41258 53.1438 3.4
    endloop
  endfacet
  facet normal -0.636938 -0.770915 0
    outer loop
      vertex 5.41258 53.1438 3.4
      vertex 5.4196 53.138 4
      vertex 5.41258 53.1438 4
    endloop
  endfacet
  facet normal -0.636938 -0.770915 -0
    outer loop
      vertex 5.4196 53.138 4
      vertex 5.41258 53.1438 3.4
      vertex 5.4196 53.138 3.4
    endloop
  endfacet
  facet normal -0.656445 -0.754374 0
    outer loop
      vertex 5.4196 53.138 3.4
      vertex 5.42661 53.1319 4
      vertex 5.4196 53.138 4
    endloop
  endfacet
  facet normal -0.656445 -0.754374 -0
    outer loop
      vertex 5.42661 53.1319 4
      vertex 5.4196 53.138 3.4
      vertex 5.42661 53.1319 3.4
    endloop
  endfacet
  facet normal -0.667383 -0.744715 0
    outer loop
      vertex 5.42661 53.1319 3.4
      vertex 5.43364 53.1256 4
      vertex 5.42661 53.1319 4
    endloop
  endfacet
  facet normal -0.667383 -0.744715 -0
    outer loop
      vertex 5.43364 53.1256 4
      vertex 5.42661 53.1319 3.4
      vertex 5.43364 53.1256 3.4
    endloop
  endfacet
  facet normal -0.684791 -0.72874 0
    outer loop
      vertex 5.43364 53.1256 3.4
      vertex 5.44077 53.1189 4
      vertex 5.43364 53.1256 4
    endloop
  endfacet
  facet normal -0.684791 -0.72874 -0
    outer loop
      vertex 5.44077 53.1189 4
      vertex 5.43364 53.1256 3.4
      vertex 5.44077 53.1189 3.4
    endloop
  endfacet
  facet normal -0.692614 -0.721308 0
    outer loop
      vertex 5.44077 53.1189 3.4
      vertex 5.44806 53.1119 4
      vertex 5.44077 53.1189 4
    endloop
  endfacet
  facet normal -0.692614 -0.721308 -0
    outer loop
      vertex 5.44806 53.1119 4
      vertex 5.44077 53.1189 3.4
      vertex 5.44806 53.1119 3.4
    endloop
  endfacet
  facet normal -0.703295 -0.710898 0
    outer loop
      vertex 5.44806 53.1119 3.4
      vertex 5.45554 53.1045 4
      vertex 5.44806 53.1119 4
    endloop
  endfacet
  facet normal -0.703295 -0.710898 -0
    outer loop
      vertex 5.45554 53.1045 4
      vertex 5.44806 53.1119 3.4
      vertex 5.45554 53.1045 3.4
    endloop
  endfacet
  facet normal -0.714755 -0.699375 0
    outer loop
      vertex 5.46327 53.0966 3.4
      vertex 5.45554 53.1045 4
      vertex 5.45554 53.1045 3.4
    endloop
  endfacet
  facet normal -0.714755 -0.699375 0
    outer loop
      vertex 5.45554 53.1045 4
      vertex 5.46327 53.0966 3.4
      vertex 5.46327 53.0966 4
    endloop
  endfacet
  facet normal -0.721559 -0.692353 0
    outer loop
      vertex 5.47133 53.0882 3.4
      vertex 5.46327 53.0966 4
      vertex 5.46327 53.0966 3.4
    endloop
  endfacet
  facet normal -0.721559 -0.692353 0
    outer loop
      vertex 5.46327 53.0966 4
      vertex 5.47133 53.0882 3.4
      vertex 5.47133 53.0882 4
    endloop
  endfacet
  facet normal -0.726832 -0.686815 0
    outer loop
      vertex 5.47974 53.0793 3.4
      vertex 5.47133 53.0882 4
      vertex 5.47133 53.0882 3.4
    endloop
  endfacet
  facet normal -0.726832 -0.686815 0
    outer loop
      vertex 5.47133 53.0882 4
      vertex 5.47974 53.0793 3.4
      vertex 5.47974 53.0793 4
    endloop
  endfacet
  facet normal -0.736007 -0.676973 0
    outer loop
      vertex 5.48857 53.0697 3.4
      vertex 5.47974 53.0793 4
      vertex 5.47974 53.0793 3.4
    endloop
  endfacet
  facet normal -0.736007 -0.676973 0
    outer loop
      vertex 5.47974 53.0793 4
      vertex 5.48857 53.0697 3.4
      vertex 5.48857 53.0697 4
    endloop
  endfacet
  facet normal -0.735278 -0.677766 0
    outer loop
      vertex 5.49788 53.0596 3.4
      vertex 5.48857 53.0697 4
      vertex 5.48857 53.0697 3.4
    endloop
  endfacet
  facet normal -0.735278 -0.677766 0
    outer loop
      vertex 5.48857 53.0697 4
      vertex 5.49788 53.0596 3.4
      vertex 5.49788 53.0596 4
    endloop
  endfacet
  facet normal -0.742616 -0.669717 0
    outer loop
      vertex 5.50771 53.0487 3.4
      vertex 5.49788 53.0596 4
      vertex 5.49788 53.0596 3.4
    endloop
  endfacet
  facet normal -0.742616 -0.669717 0
    outer loop
      vertex 5.49788 53.0596 4
      vertex 5.50771 53.0487 3.4
      vertex 5.50771 53.0487 4
    endloop
  endfacet
  facet normal -0.745452 -0.666559 0
    outer loop
      vertex 5.52917 53.0247 3.4
      vertex 5.50771 53.0487 4
      vertex 5.50771 53.0487 3.4
    endloop
  endfacet
  facet normal -0.745452 -0.666559 0
    outer loop
      vertex 5.50771 53.0487 4
      vertex 5.52917 53.0247 3.4
      vertex 5.52917 53.0247 4
    endloop
  endfacet
  facet normal -0.748463 -0.663177 0
    outer loop
      vertex 5.56665 52.9824 3.4
      vertex 5.52917 53.0247 4
      vertex 5.52917 53.0247 3.4
    endloop
  endfacet
  facet normal -0.748463 -0.663177 0
    outer loop
      vertex 5.52917 53.0247 4
      vertex 5.56665 52.9824 3.4
      vertex 5.56665 52.9824 4
    endloop
  endfacet
  facet normal 0.999908 0.0135837 0
    outer loop
      vertex 5.56665 52.9824 4
      vertex 5.56557 53.0619 3.4
      vertex 5.56557 53.0619 4
    endloop
  endfacet
  facet normal 0.999908 0.0135837 0
    outer loop
      vertex 5.56557 53.0619 3.4
      vertex 5.56665 52.9824 4
      vertex 5.56665 52.9824 3.4
    endloop
  endfacet
  facet normal 0.999078 0.0429312 0
    outer loop
      vertex 5.56557 53.0619 4
      vertex 5.56233 53.1373 3.4
      vertex 5.56233 53.1373 4
    endloop
  endfacet
  facet normal 0.999078 0.0429312 0
    outer loop
      vertex 5.56233 53.1373 3.4
      vertex 5.56557 53.0619 4
      vertex 5.56557 53.0619 3.4
    endloop
  endfacet
  facet normal 0.99715 0.0754487 0
    outer loop
      vertex 5.56233 53.1373 4
      vertex 5.55692 53.2088 3.4
      vertex 5.55692 53.2088 4
    endloop
  endfacet
  facet normal 0.99715 0.0754487 0
    outer loop
      vertex 5.55692 53.2088 3.4
      vertex 5.56233 53.1373 4
      vertex 5.56233 53.1373 3.4
    endloop
  endfacet
  facet normal 0.993701 0.112068 0
    outer loop
      vertex 5.55692 53.2088 4
      vertex 5.54933 53.2761 3.4
      vertex 5.54933 53.2761 4
    endloop
  endfacet
  facet normal 0.993701 0.112068 0
    outer loop
      vertex 5.54933 53.2761 3.4
      vertex 5.55692 53.2088 4
      vertex 5.55692 53.2088 3.4
    endloop
  endfacet
  facet normal 0.98831 0.152455 0
    outer loop
      vertex 5.54933 53.2761 4
      vertex 5.53955 53.3395 3.4
      vertex 5.53955 53.3395 4
    endloop
  endfacet
  facet normal 0.98831 0.152455 0
    outer loop
      vertex 5.53955 53.3395 3.4
      vertex 5.54933 53.2761 4
      vertex 5.54933 53.2761 3.4
    endloop
  endfacet
  facet normal 0.980326 0.197385 0
    outer loop
      vertex 5.53955 53.3395 4
      vertex 5.52759 53.3989 3.4
      vertex 5.52759 53.3989 4
    endloop
  endfacet
  facet normal 0.980326 0.197385 0
    outer loop
      vertex 5.52759 53.3989 3.4
      vertex 5.53955 53.3395 4
      vertex 5.53955 53.3395 3.4
    endloop
  endfacet
  facet normal 0.968769 0.247963 0
    outer loop
      vertex 5.52759 53.3989 4
      vertex 5.51341 53.4543 3.4
      vertex 5.51341 53.4543 4
    endloop
  endfacet
  facet normal 0.968769 0.247963 0
    outer loop
      vertex 5.51341 53.4543 3.4
      vertex 5.52759 53.3989 4
      vertex 5.52759 53.3989 3.4
    endloop
  endfacet
  facet normal 0.952906 0.303265 0
    outer loop
      vertex 5.51341 53.4543 4
      vertex 5.49702 53.5058 3.4
      vertex 5.49702 53.5058 4
    endloop
  endfacet
  facet normal 0.952906 0.303265 0
    outer loop
      vertex 5.49702 53.5058 3.4
      vertex 5.51341 53.4543 4
      vertex 5.51341 53.4543 3.4
    endloop
  endfacet
  facet normal 0.931156 0.364621 0
    outer loop
      vertex 5.49702 53.5058 4
      vertex 5.47842 53.5533 3.4
      vertex 5.47842 53.5533 4
    endloop
  endfacet
  facet normal 0.931156 0.364621 0
    outer loop
      vertex 5.47842 53.5533 3.4
      vertex 5.49702 53.5058 4
      vertex 5.49702 53.5058 3.4
    endloop
  endfacet
  facet normal 0.902393 0.430913 0
    outer loop
      vertex 5.47842 53.5533 4
      vertex 5.4576 53.5969 3.4
      vertex 5.4576 53.5969 4
    endloop
  endfacet
  facet normal 0.902393 0.430913 0
    outer loop
      vertex 5.4576 53.5969 3.4
      vertex 5.47842 53.5533 4
      vertex 5.47842 53.5533 3.4
    endloop
  endfacet
  facet normal 0.865069 0.501653 0
    outer loop
      vertex 5.4576 53.5969 4
      vertex 5.43452 53.6367 3.4
      vertex 5.43452 53.6367 4
    endloop
  endfacet
  facet normal 0.865069 0.501653 0
    outer loop
      vertex 5.43452 53.6367 3.4
      vertex 5.4576 53.5969 4
      vertex 5.4576 53.5969 3.4
    endloop
  endfacet
  facet normal 0.816544 0.577283 0
    outer loop
      vertex 5.43452 53.6367 4
      vertex 5.40921 53.6725 3.4
      vertex 5.40921 53.6725 4
    endloop
  endfacet
  facet normal 0.816544 0.577283 0
    outer loop
      vertex 5.40921 53.6725 3.4
      vertex 5.43452 53.6367 4
      vertex 5.43452 53.6367 3.4
    endloop
  endfacet
  facet normal 0.757717 0.652584 0
    outer loop
      vertex 5.40921 53.6725 4
      vertex 5.38165 53.7045 3.4
      vertex 5.38165 53.7045 4
    endloop
  endfacet
  facet normal 0.757717 0.652584 0
    outer loop
      vertex 5.38165 53.7045 3.4
      vertex 5.40921 53.6725 4
      vertex 5.40921 53.6725 3.4
    endloop
  endfacet
  facet normal 0.687217 0.726452 -0
    outer loop
      vertex 5.38165 53.7045 3.4
      vertex 5.35184 53.7327 4
      vertex 5.38165 53.7045 4
    endloop
  endfacet
  facet normal 0.687217 0.726452 0
    outer loop
      vertex 5.35184 53.7327 4
      vertex 5.38165 53.7045 3.4
      vertex 5.35184 53.7327 3.4
    endloop
  endfacet
  facet normal 0.605266 0.796024 -0
    outer loop
      vertex 5.35184 53.7327 3.4
      vertex 5.31975 53.7571 4
      vertex 5.35184 53.7327 4
    endloop
  endfacet
  facet normal 0.605266 0.796024 0
    outer loop
      vertex 5.31975 53.7571 4
      vertex 5.35184 53.7327 3.4
      vertex 5.31975 53.7571 3.4
    endloop
  endfacet
  facet normal 0.512362 0.858769 -0
    outer loop
      vertex 5.31975 53.7571 3.4
      vertex 5.28539 53.7776 4
      vertex 5.31975 53.7571 4
    endloop
  endfacet
  facet normal 0.512362 0.858769 0
    outer loop
      vertex 5.28539 53.7776 4
      vertex 5.31975 53.7571 3.4
      vertex 5.28539 53.7776 3.4
    endloop
  endfacet
  facet normal 0.416603 0.909088 -0
    outer loop
      vertex 5.28539 53.7776 3.4
      vertex 5.24873 53.7944 4
      vertex 5.28539 53.7776 4
    endloop
  endfacet
  facet normal 0.416603 0.909088 0
    outer loop
      vertex 5.24873 53.7944 4
      vertex 5.28539 53.7776 3.4
      vertex 5.24873 53.7944 3.4
    endloop
  endfacet
  facet normal 0.316666 0.948537 -0
    outer loop
      vertex 5.24873 53.7944 3.4
      vertex 5.20979 53.8074 4
      vertex 5.24873 53.7944 4
    endloop
  endfacet
  facet normal 0.316666 0.948537 0
    outer loop
      vertex 5.20979 53.8074 4
      vertex 5.24873 53.7944 3.4
      vertex 5.20979 53.8074 3.4
    endloop
  endfacet
  facet normal 0.220036 0.975492 -0
    outer loop
      vertex 5.20979 53.8074 3.4
      vertex 5.16856 53.8167 4
      vertex 5.20979 53.8074 4
    endloop
  endfacet
  facet normal 0.220036 0.975492 0
    outer loop
      vertex 5.16856 53.8167 4
      vertex 5.20979 53.8074 3.4
      vertex 5.16856 53.8167 3.4
    endloop
  endfacet
  facet normal 0.125325 0.992116 -0
    outer loop
      vertex 5.16856 53.8167 3.4
      vertex 5.12502 53.8222 4
      vertex 5.16856 53.8167 4
    endloop
  endfacet
  facet normal 0.125325 0.992116 0
    outer loop
      vertex 5.12502 53.8222 4
      vertex 5.16856 53.8167 3.4
      vertex 5.12502 53.8222 3.4
    endloop
  endfacet
  facet normal 0.0413859 0.999143 -0
    outer loop
      vertex 5.12502 53.8222 3.4
      vertex 5.07915 53.8241 4
      vertex 5.12502 53.8222 4
    endloop
  endfacet
  facet normal 0.0413859 0.999143 0
    outer loop
      vertex 5.07915 53.8241 4
      vertex 5.12502 53.8222 3.4
      vertex 5.07915 53.8241 3.4
    endloop
  endfacet
  facet normal -0.0273215 0.999627 0
    outer loop
      vertex 5.07915 53.8241 3.4
      vertex 5.04988 53.8233 4
      vertex 5.07915 53.8241 4
    endloop
  endfacet
  facet normal -0.0273215 0.999627 0
    outer loop
      vertex 5.04988 53.8233 4
      vertex 5.07915 53.8241 3.4
      vertex 5.04988 53.8233 3.4
    endloop
  endfacet
  facet normal -0.0810904 0.996707 0
    outer loop
      vertex 5.04988 53.8233 3.4
      vertex 5.02161 53.821 4
      vertex 5.04988 53.8233 4
    endloop
  endfacet
  facet normal -0.0810904 0.996707 0
    outer loop
      vertex 5.02161 53.821 4
      vertex 5.04988 53.8233 3.4
      vertex 5.02161 53.821 3.4
    endloop
  endfacet
  facet normal -0.134594 0.990901 0
    outer loop
      vertex 5.02161 53.821 3.4
      vertex 4.99437 53.8173 4
      vertex 5.02161 53.821 4
    endloop
  endfacet
  facet normal -0.134594 0.990901 0
    outer loop
      vertex 4.99437 53.8173 4
      vertex 5.02161 53.821 3.4
      vertex 4.99437 53.8173 3.4
    endloop
  endfacet
  facet normal -0.191281 0.981535 0
    outer loop
      vertex 4.99437 53.8173 3.4
      vertex 4.9682 53.8122 4
      vertex 4.99437 53.8173 4
    endloop
  endfacet
  facet normal -0.191281 0.981535 0
    outer loop
      vertex 4.9682 53.8122 4
      vertex 4.99437 53.8173 3.4
      vertex 4.9682 53.8122 3.4
    endloop
  endfacet
  facet normal -0.254588 0.96705 0
    outer loop
      vertex 4.9682 53.8122 3.4
      vertex 4.94313 53.8056 4
      vertex 4.9682 53.8122 4
    endloop
  endfacet
  facet normal -0.254588 0.96705 0
    outer loop
      vertex 4.94313 53.8056 4
      vertex 4.9682 53.8122 3.4
      vertex 4.94313 53.8056 3.4
    endloop
  endfacet
  facet normal -0.31337 0.949631 0
    outer loop
      vertex 4.94313 53.8056 3.4
      vertex 4.91919 53.7977 4
      vertex 4.94313 53.8056 4
    endloop
  endfacet
  facet normal -0.31337 0.949631 0
    outer loop
      vertex 4.91919 53.7977 4
      vertex 4.94313 53.8056 3.4
      vertex 4.91919 53.7977 3.4
    endloop
  endfacet
  facet normal -0.378395 0.925644 0
    outer loop
      vertex 4.91919 53.7977 3.4
      vertex 4.89644 53.7884 4
      vertex 4.91919 53.7977 4
    endloop
  endfacet
  facet normal -0.378395 0.925644 0
    outer loop
      vertex 4.89644 53.7884 4
      vertex 4.91919 53.7977 3.4
      vertex 4.89644 53.7884 3.4
    endloop
  endfacet
  facet normal -0.441375 0.897323 0
    outer loop
      vertex 4.89644 53.7884 3.4
      vertex 4.87489 53.7778 4
      vertex 4.89644 53.7884 4
    endloop
  endfacet
  facet normal -0.441375 0.897323 0
    outer loop
      vertex 4.87489 53.7778 4
      vertex 4.89644 53.7884 3.4
      vertex 4.87489 53.7778 3.4
    endloop
  endfacet
  facet normal -0.502732 0.864443 0
    outer loop
      vertex 4.87489 53.7778 3.4
      vertex 4.8546 53.766 4
      vertex 4.87489 53.7778 4
    endloop
  endfacet
  facet normal -0.502732 0.864443 0
    outer loop
      vertex 4.8546 53.766 4
      vertex 4.87489 53.7778 3.4
      vertex 4.8546 53.766 3.4
    endloop
  endfacet
  facet normal -0.567025 0.823701 0
    outer loop
      vertex 4.8546 53.766 3.4
      vertex 4.83557 53.7529 4
      vertex 4.8546 53.766 4
    endloop
  endfacet
  facet normal -0.567025 0.823701 0
    outer loop
      vertex 4.83557 53.7529 4
      vertex 4.8546 53.766 3.4
      vertex 4.83557 53.7529 3.4
    endloop
  endfacet
  facet normal -0.628439 0.777859 0
    outer loop
      vertex 4.83557 53.7529 3.4
      vertex 4.81787 53.7386 4
      vertex 4.83557 53.7529 4
    endloop
  endfacet
  facet normal -0.628439 0.777859 0
    outer loop
      vertex 4.81787 53.7386 4
      vertex 4.83557 53.7529 3.4
      vertex 4.81787 53.7386 3.4
    endloop
  endfacet
  facet normal -0.68542 0.728148 0
    outer loop
      vertex 4.81787 53.7386 3.4
      vertex 4.80151 53.7232 4
      vertex 4.81787 53.7386 4
    endloop
  endfacet
  facet normal -0.68542 0.728148 0
    outer loop
      vertex 4.80151 53.7232 4
      vertex 4.81787 53.7386 3.4
      vertex 4.80151 53.7232 3.4
    endloop
  endfacet
  facet normal -0.742404 0.669952 0
    outer loop
      vertex 4.78653 53.7066 3.4
      vertex 4.80151 53.7232 4
      vertex 4.80151 53.7232 3.4
    endloop
  endfacet
  facet normal -0.742404 0.669952 0
    outer loop
      vertex 4.80151 53.7232 4
      vertex 4.78653 53.7066 3.4
      vertex 4.78653 53.7066 4
    endloop
  endfacet
  facet normal -0.794039 0.607866 0
    outer loop
      vertex 4.77298 53.6889 3.4
      vertex 4.78653 53.7066 4
      vertex 4.78653 53.7066 3.4
    endloop
  endfacet
  facet normal -0.794039 0.607866 0
    outer loop
      vertex 4.78653 53.7066 4
      vertex 4.77298 53.6889 3.4
      vertex 4.77298 53.6889 4
    endloop
  endfacet
  facet normal -0.840888 0.54121 0
    outer loop
      vertex 4.76088 53.6701 3.4
      vertex 4.77298 53.6889 4
      vertex 4.77298 53.6889 3.4
    endloop
  endfacet
  facet normal -0.840888 0.54121 0
    outer loop
      vertex 4.77298 53.6889 4
      vertex 4.76088 53.6701 3.4
      vertex 4.76088 53.6701 4
    endloop
  endfacet
  facet normal -0.882414 0.470473 0
    outer loop
      vertex 4.75027 53.6502 3.4
      vertex 4.76088 53.6701 4
      vertex 4.76088 53.6701 3.4
    endloop
  endfacet
  facet normal -0.882414 0.470473 0
    outer loop
      vertex 4.76088 53.6701 4
      vertex 4.75027 53.6502 3.4
      vertex 4.75027 53.6502 4
    endloop
  endfacet
  facet normal -0.916642 0.399709 0
    outer loop
      vertex 4.7412 53.6294 3.4
      vertex 4.75027 53.6502 4
      vertex 4.75027 53.6502 3.4
    endloop
  endfacet
  facet normal -0.916642 0.399709 0
    outer loop
      vertex 4.75027 53.6502 4
      vertex 4.7412 53.6294 3.4
      vertex 4.7412 53.6294 4
    endloop
  endfacet
  facet normal -0.945202 0.326485 0
    outer loop
      vertex 4.73367 53.6076 3.4
      vertex 4.7412 53.6294 4
      vertex 4.7412 53.6294 3.4
    endloop
  endfacet
  facet normal -0.945202 0.326485 0
    outer loop
      vertex 4.7412 53.6294 4
      vertex 4.73367 53.6076 3.4
      vertex 4.73367 53.6076 4
    endloop
  endfacet
  facet normal -0.967905 0.251316 0
    outer loop
      vertex 4.72775 53.5848 3.4
      vertex 4.73367 53.6076 4
      vertex 4.73367 53.6076 3.4
    endloop
  endfacet
  facet normal -0.967905 0.251316 0
    outer loop
      vertex 4.73367 53.6076 4
      vertex 4.72775 53.5848 3.4
      vertex 4.72775 53.5848 4
    endloop
  endfacet
  facet normal -0.984009 0.178118 0
    outer loop
      vertex 4.72346 53.5611 3.4
      vertex 4.72775 53.5848 4
      vertex 4.72775 53.5848 3.4
    endloop
  endfacet
  facet normal -0.984009 0.178118 0
    outer loop
      vertex 4.72775 53.5848 4
      vertex 4.72346 53.5611 3.4
      vertex 4.72346 53.5611 4
    endloop
  endfacet
  facet normal -0.994334 0.106305 0
    outer loop
      vertex 4.72083 53.5365 3.4
      vertex 4.72346 53.5611 4
      vertex 4.72346 53.5611 3.4
    endloop
  endfacet
  facet normal -0.994334 0.106305 0
    outer loop
      vertex 4.72346 53.5611 4
      vertex 4.72083 53.5365 3.4
      vertex 4.72083 53.5365 4
    endloop
  endfacet
  facet normal 0 1 -0
    outer loop
      vertex 4.72083 53.5365 3.4
      vertex 4.15833 53.5365 4
      vertex 4.72083 53.5365 4
    endloop
  endfacet
  facet normal 0 1 0
    outer loop
      vertex 4.15833 53.5365 4
      vertex 4.72083 53.5365 3.4
      vertex 4.15833 53.5365 3.4
    endloop
  endfacet
  facet normal 0.997778 -0.0666223 0
    outer loop
      vertex 4.15833 53.5365 4
      vertex 4.16261 53.6006 3.4
      vertex 4.16261 53.6006 4
    endloop
  endfacet
  facet normal 0.997778 -0.0666223 0
    outer loop
      vertex 4.16261 53.6006 3.4
      vertex 4.15833 53.5365 4
      vertex 4.15833 53.5365 3.4
    endloop
  endfacet
  facet normal 0.989307 -0.145851 0
    outer loop
      vertex 4.16261 53.6006 4
      vertex 4.17178 53.6628 3.4
      vertex 4.17178 53.6628 4
    endloop
  endfacet
  facet normal 0.989307 -0.145851 0
    outer loop
      vertex 4.17178 53.6628 3.4
      vertex 4.16261 53.6006 4
      vertex 4.16261 53.6006 3.4
    endloop
  endfacet
  facet normal 0.974562 -0.224117 0
    outer loop
      vertex 4.17178 53.6628 4
      vertex 4.18567 53.7232 3.4
      vertex 4.18567 53.7232 4
    endloop
  endfacet
  facet normal 0.974562 -0.224117 0
    outer loop
      vertex 4.18567 53.7232 3.4
      vertex 4.17178 53.6628 4
      vertex 4.17178 53.6628 3.4
    endloop
  endfacet
  facet normal 0.953201 -0.302338 0
    outer loop
      vertex 4.18567 53.7232 4
      vertex 4.20413 53.7814 3.4
      vertex 4.20413 53.7814 4
    endloop
  endfacet
  facet normal 0.953201 -0.302338 0
    outer loop
      vertex 4.20413 53.7814 3.4
      vertex 4.18567 53.7232 4
      vertex 4.18567 53.7232 3.4
    endloop
  endfacet
  facet normal 0.925951 -0.377643 0
    outer loop
      vertex 4.20413 53.7814 4
      vertex 4.22701 53.8375 3.4
      vertex 4.22701 53.8375 4
    endloop
  endfacet
  facet normal 0.925951 -0.377643 0
    outer loop
      vertex 4.22701 53.8375 3.4
      vertex 4.20413 53.7814 4
      vertex 4.20413 53.7814 3.4
    endloop
  endfacet
  facet normal 0.893029 -0.45 0
    outer loop
      vertex 4.22701 53.8375 4
      vertex 4.25412 53.8913 3.4
      vertex 4.25412 53.8913 4
    endloop
  endfacet
  facet normal 0.893029 -0.45 0
    outer loop
      vertex 4.25412 53.8913 3.4
      vertex 4.22701 53.8375 4
      vertex 4.22701 53.8375 3.4
    endloop
  endfacet
  facet normal 0.854391 -0.51963 0
    outer loop
      vertex 4.25412 53.8913 4
      vertex 4.28532 53.9426 3.4
      vertex 4.28532 53.9426 4
    endloop
  endfacet
  facet normal 0.854391 -0.51963 0
    outer loop
      vertex 4.28532 53.9426 3.4
      vertex 4.25412 53.8913 4
      vertex 4.25412 53.8913 3.4
    endloop
  endfacet
  facet normal 0.810283 -0.586038 0
    outer loop
      vertex 4.28532 53.9426 4
      vertex 4.32047 53.9912 3.4
      vertex 4.32047 53.9912 4
    endloop
  endfacet
  facet normal 0.810283 -0.586038 0
    outer loop
      vertex 4.32047 53.9912 3.4
      vertex 4.28532 53.9426 4
      vertex 4.28532 53.9426 3.4
    endloop
  endfacet
  facet normal 0.763493 -0.645816 0
    outer loop
      vertex 4.32047 53.9912 4
      vertex 4.35938 54.0372 3.4
      vertex 4.35938 54.0372 4
    endloop
  endfacet
  facet normal 0.763493 -0.645816 0
    outer loop
      vertex 4.35938 54.0372 3.4
      vertex 4.32047 53.9912 4
      vertex 4.32047 53.9912 3.4
    endloop
  endfacet
  facet normal 0.711064 -0.703127 0
    outer loop
      vertex 4.35938 54.0372 4
      vertex 4.4019 54.0802 3.4
      vertex 4.4019 54.0802 4
    endloop
  endfacet
  facet normal 0.711064 -0.703127 0
    outer loop
      vertex 4.4019 54.0802 3.4
      vertex 4.35938 54.0372 4
      vertex 4.35938 54.0372 3.4
    endloop
  endfacet
  facet normal 0.656341 -0.754464 0
    outer loop
      vertex 4.4019 54.0802 3.4
      vertex 4.44788 54.1202 4
      vertex 4.4019 54.0802 4
    endloop
  endfacet
  facet normal 0.656341 -0.754464 0
    outer loop
      vertex 4.44788 54.1202 4
      vertex 4.4019 54.0802 3.4
      vertex 4.44788 54.1202 3.4
    endloop
  endfacet
  facet normal 0.599454 -0.800409 0
    outer loop
      vertex 4.44788 54.1202 3.4
      vertex 4.49715 54.1571 4
      vertex 4.44788 54.1202 4
    endloop
  endfacet
  facet normal 0.599454 -0.800409 0
    outer loop
      vertex 4.49715 54.1571 4
      vertex 4.44788 54.1202 3.4
      vertex 4.49715 54.1571 3.4
    endloop
  endfacet
  facet normal 0.539783 -0.841804 0
    outer loop
      vertex 4.49715 54.1571 3.4
      vertex 4.54955 54.1907 4
      vertex 4.49715 54.1571 4
    endloop
  endfacet
  facet normal 0.539783 -0.841804 0
    outer loop
      vertex 4.54955 54.1907 4
      vertex 4.49715 54.1571 3.4
      vertex 4.54955 54.1907 3.4
    endloop
  endfacet
  facet normal 0.47754 -0.87861 0
    outer loop
      vertex 4.54955 54.1907 3.4
      vertex 4.60493 54.2208 4
      vertex 4.54955 54.1907 4
    endloop
  endfacet
  facet normal 0.47754 -0.87861 0
    outer loop
      vertex 4.60493 54.2208 4
      vertex 4.54955 54.1907 3.4
      vertex 4.60493 54.2208 3.4
    endloop
  endfacet
  facet normal 0.415745 -0.909481 0
    outer loop
      vertex 4.60493 54.2208 3.4
      vertex 4.66312 54.2474 4
      vertex 4.60493 54.2208 4
    endloop
  endfacet
  facet normal 0.415745 -0.909481 0
    outer loop
      vertex 4.66312 54.2474 4
      vertex 4.60493 54.2208 3.4
      vertex 4.66312 54.2474 3.4
    endloop
  endfacet
  facet normal 0.35087 -0.936424 0
    outer loop
      vertex 4.66312 54.2474 3.4
      vertex 4.72397 54.2702 4
      vertex 4.66312 54.2474 4
    endloop
  endfacet
  facet normal 0.35087 -0.936424 0
    outer loop
      vertex 4.72397 54.2702 4
      vertex 4.66312 54.2474 3.4
      vertex 4.72397 54.2702 3.4
    endloop
  endfacet
  facet normal 0.287279 -0.957847 0
    outer loop
      vertex 4.72397 54.2702 3.4
      vertex 4.78732 54.2892 4
      vertex 4.72397 54.2702 4
    endloop
  endfacet
  facet normal 0.287279 -0.957847 0
    outer loop
      vertex 4.78732 54.2892 4
      vertex 4.72397 54.2702 3.4
      vertex 4.78732 54.2892 3.4
    endloop
  endfacet
  facet normal 0.224025 -0.974583 0
    outer loop
      vertex 4.78732 54.2892 3.4
      vertex 4.85301 54.3043 4
      vertex 4.78732 54.2892 4
    endloop
  endfacet
  facet normal 0.224025 -0.974583 0
    outer loop
      vertex 4.85301 54.3043 4
      vertex 4.78732 54.2892 3.4
      vertex 4.85301 54.3043 3.4
    endloop
  endfacet
  facet normal 0.158592 -0.987344 0
    outer loop
      vertex 4.85301 54.3043 3.4
      vertex 4.92087 54.3152 4
      vertex 4.85301 54.3043 4
    endloop
  endfacet
  facet normal 0.158592 -0.987344 0
    outer loop
      vertex 4.92087 54.3152 4
      vertex 4.85301 54.3043 3.4
      vertex 4.92087 54.3152 3.4
    endloop
  endfacet
  facet normal 0.0940292 -0.995569 0
    outer loop
      vertex 4.92087 54.3152 3.4
      vertex 4.99075 54.3218 4
      vertex 4.92087 54.3152 4
    endloop
  endfacet
  facet normal 0.0940292 -0.995569 0
    outer loop
      vertex 4.99075 54.3218 4
      vertex 4.92087 54.3152 3.4
      vertex 4.99075 54.3218 3.4
    endloop
  endfacet
  facet normal 0.0306476 -0.99953 0
    outer loop
      vertex 4.99075 54.3218 3.4
      vertex 5.0625 54.324 4
      vertex 4.99075 54.3218 4
    endloop
  endfacet
  facet normal 0.0306476 -0.99953 0
    outer loop
      vertex 5.0625 54.324 4
      vertex 4.99075 54.3218 3.4
      vertex 5.0625 54.324 3.4
    endloop
  endfacet
  facet normal -0.0186744 -0.999826 0
    outer loop
      vertex 5.0625 54.324 3.4
      vertex 5.11604 54.323 4
      vertex 5.0625 54.324 4
    endloop
  endfacet
  facet normal -0.0186744 -0.999826 -0
    outer loop
      vertex 5.11604 54.323 4
      vertex 5.0625 54.324 3.4
      vertex 5.11604 54.323 3.4
    endloop
  endfacet
  facet normal -0.115881 0.993263 0
    outer loop
      vertex 5.06676 52.7893 3.4
      vertex 5.03076 52.7851 4
      vertex 5.06676 52.7893 4
    endloop
  endfacet
  facet normal -0.115881 0.993263 0
    outer loop
      vertex 5.03076 52.7851 4
      vertex 5.06676 52.7893 3.4
      vertex 5.03076 52.7851 3.4
    endloop
  endfacet
  facet normal -0.195789 0.980646 0
    outer loop
      vertex 5.03076 52.7851 3.4
      vertex 4.9962 52.7782 4
      vertex 5.03076 52.7851 4
    endloop
  endfacet
  facet normal -0.195789 0.980646 0
    outer loop
      vertex 4.9962 52.7782 4
      vertex 5.03076 52.7851 3.4
      vertex 4.9962 52.7782 3.4
    endloop
  endfacet
  facet normal -0.278784 0.960354 0
    outer loop
      vertex 4.9962 52.7782 3.4
      vertex 4.96313 52.7686 4
      vertex 4.9962 52.7782 4
    endloop
  endfacet
  facet normal -0.278784 0.960354 0
    outer loop
      vertex 4.96313 52.7686 4
      vertex 4.9962 52.7782 3.4
      vertex 4.96313 52.7686 3.4
    endloop
  endfacet
  facet normal -0.36333 0.931661 0
    outer loop
      vertex 4.96313 52.7686 3.4
      vertex 4.93159 52.7563 4
      vertex 4.96313 52.7686 4
    endloop
  endfacet
  facet normal -0.36333 0.931661 0
    outer loop
      vertex 4.93159 52.7563 4
      vertex 4.96313 52.7686 3.4
      vertex 4.93159 52.7563 3.4
    endloop
  endfacet
  facet normal -0.443018 0.896513 0
    outer loop
      vertex 4.93159 52.7563 3.4
      vertex 4.90164 52.7415 4
      vertex 4.93159 52.7563 4
    endloop
  endfacet
  facet normal -0.443018 0.896513 0
    outer loop
      vertex 4.90164 52.7415 4
      vertex 4.93159 52.7563 3.4
      vertex 4.90164 52.7415 3.4
    endloop
  endfacet
  facet normal -0.523359 0.852112 0
    outer loop
      vertex 4.90164 52.7415 3.4
      vertex 4.87331 52.7241 4
      vertex 4.90164 52.7415 4
    endloop
  endfacet
  facet normal -0.523359 0.852112 0
    outer loop
      vertex 4.87331 52.7241 4
      vertex 4.90164 52.7415 3.4
      vertex 4.87331 52.7241 3.4
    endloop
  endfacet
  facet normal -0.597883 0.801584 0
    outer loop
      vertex 4.87331 52.7241 3.4
      vertex 4.84663 52.7042 4
      vertex 4.87331 52.7241 4
    endloop
  endfacet
  facet normal -0.597883 0.801584 0
    outer loop
      vertex 4.84663 52.7042 4
      vertex 4.87331 52.7241 3.4
      vertex 4.84663 52.7042 3.4
    endloop
  endfacet
  facet normal -0.667762 0.744375 0
    outer loop
      vertex 4.84663 52.7042 3.4
      vertex 4.82166 52.6818 4
      vertex 4.84663 52.7042 4
    endloop
  endfacet
  facet normal -0.667762 0.744375 0
    outer loop
      vertex 4.82166 52.6818 4
      vertex 4.84663 52.7042 3.4
      vertex 4.82166 52.6818 3.4
    endloop
  endfacet
  facet normal -0.728451 0.685098 0
    outer loop
      vertex 4.79843 52.6571 3.4
      vertex 4.82166 52.6818 4
      vertex 4.82166 52.6818 3.4
    endloop
  endfacet
  facet normal -0.728451 0.685098 0
    outer loop
      vertex 4.82166 52.6818 4
      vertex 4.79843 52.6571 3.4
      vertex 4.79843 52.6571 4
    endloop
  endfacet
  facet normal -0.784527 0.620095 0
    outer loop
      vertex 4.77701 52.63 3.4
      vertex 4.79843 52.6571 4
      vertex 4.79843 52.6571 3.4
    endloop
  endfacet
  facet normal -0.784527 0.620095 0
    outer loop
      vertex 4.79843 52.6571 4
      vertex 4.77701 52.63 3.4
      vertex 4.77701 52.63 4
    endloop
  endfacet
  facet normal -0.832181 0.554504 0
    outer loop
      vertex 4.75742 52.6006 3.4
      vertex 4.77701 52.63 4
      vertex 4.77701 52.63 3.4
    endloop
  endfacet
  facet normal -0.832181 0.554504 0
    outer loop
      vertex 4.77701 52.63 4
      vertex 4.75742 52.6006 3.4
      vertex 4.75742 52.6006 4
    endloop
  endfacet
  facet normal -0.872223 0.489108 0
    outer loop
      vertex 4.7397 52.569 3.4
      vertex 4.75742 52.6006 4
      vertex 4.75742 52.6006 3.4
    endloop
  endfacet
  facet normal -0.872223 0.489108 0
    outer loop
      vertex 4.75742 52.6006 4
      vertex 4.7397 52.569 3.4
      vertex 4.7397 52.569 4
    endloop
  endfacet
  facet normal -0.906012 0.423252 0
    outer loop
      vertex 4.72391 52.5352 3.4
      vertex 4.7397 52.569 4
      vertex 4.7397 52.569 3.4
    endloop
  endfacet
  facet normal -0.906012 0.423252 0
    outer loop
      vertex 4.7397 52.569 4
      vertex 4.72391 52.5352 3.4
      vertex 4.72391 52.5352 4
    endloop
  endfacet
  facet normal -0.933486 0.358614 0
    outer loop
      vertex 4.71008 52.4992 3.4
      vertex 4.72391 52.5352 4
      vertex 4.72391 52.5352 3.4
    endloop
  endfacet
  facet normal -0.933486 0.358614 0
    outer loop
      vertex 4.72391 52.5352 4
      vertex 4.71008 52.4992 3.4
      vertex 4.71008 52.4992 4
    endloop
  endfacet
  facet normal -0.955164 0.296076 0
    outer loop
      vertex 4.69827 52.4611 3.4
      vertex 4.71008 52.4992 4
      vertex 4.71008 52.4992 3.4
    endloop
  endfacet
  facet normal -0.955164 0.296076 0
    outer loop
      vertex 4.71008 52.4992 4
      vertex 4.69827 52.4611 3.4
      vertex 4.69827 52.4611 4
    endloop
  endfacet
  facet normal -0.97177 0.235932 0
    outer loop
      vertex 4.68851 52.4209 3.4
      vertex 4.69827 52.4611 4
      vertex 4.69827 52.4611 3.4
    endloop
  endfacet
  facet normal -0.97177 0.235932 0
    outer loop
      vertex 4.69827 52.4611 4
      vertex 4.68851 52.4209 3.4
      vertex 4.68851 52.4209 4
    endloop
  endfacet
  facet normal -0.983765 0.179461 0
    outer loop
      vertex 4.68083 52.3788 3.4
      vertex 4.68851 52.4209 4
      vertex 4.68851 52.4209 3.4
    endloop
  endfacet
  facet normal -0.983765 0.179461 0
    outer loop
      vertex 4.68851 52.4209 4
      vertex 4.68083 52.3788 3.4
      vertex 4.68083 52.3788 4
    endloop
  endfacet
  facet normal -0.992202 0.124644 0
    outer loop
      vertex 4.67529 52.3347 3.4
      vertex 4.68083 52.3788 4
      vertex 4.68083 52.3788 3.4
    endloop
  endfacet
  facet normal -0.992202 0.124644 0
    outer loop
      vertex 4.68083 52.3788 4
      vertex 4.67529 52.3347 3.4
      vertex 4.67529 52.3347 4
    endloop
  endfacet
  facet normal -0.997386 0.0722618 0
    outer loop
      vertex 4.67195 52.2886 3.4
      vertex 4.67529 52.3347 4
      vertex 4.67529 52.3347 3.4
    endloop
  endfacet
  facet normal -0.997386 0.0722618 0
    outer loop
      vertex 4.67529 52.3347 4
      vertex 4.67195 52.2886 3.4
      vertex 4.67195 52.2886 4
    endloop
  endfacet
  facet normal -0.999722 0.0235843 0
    outer loop
      vertex 4.67082 52.2407 3.4
      vertex 4.67195 52.2886 4
      vertex 4.67195 52.2886 3.4
    endloop
  endfacet
  facet normal -0.999722 0.0235843 0
    outer loop
      vertex 4.67195 52.2886 4
      vertex 4.67082 52.2407 3.4
      vertex 4.67082 52.2407 4
    endloop
  endfacet
  facet normal -0.999736 -0.0229585 0
    outer loop
      vertex 4.67192 52.1928 3.4
      vertex 4.67082 52.2407 4
      vertex 4.67082 52.2407 3.4
    endloop
  endfacet
  facet normal -0.999736 -0.0229585 0
    outer loop
      vertex 4.67082 52.2407 4
      vertex 4.67192 52.1928 3.4
      vertex 4.67192 52.1928 4
    endloop
  endfacet
  facet normal -0.997505 -0.0706026 0
    outer loop
      vertex 4.67519 52.1466 3.4
      vertex 4.67192 52.1928 4
      vertex 4.67192 52.1928 3.4
    endloop
  endfacet
  facet normal -0.997505 -0.0706026 0
    outer loop
      vertex 4.67192 52.1928 4
      vertex 4.67519 52.1466 3.4
      vertex 4.67519 52.1466 4
    endloop
  endfacet
  facet normal -0.992685 -0.120732 0
    outer loop
      vertex 4.68059 52.1022 3.4
      vertex 4.67519 52.1466 4
      vertex 4.67519 52.1466 3.4
    endloop
  endfacet
  facet normal -0.992685 -0.120732 0
    outer loop
      vertex 4.67519 52.1466 4
      vertex 4.68059 52.1022 3.4
      vertex 4.68059 52.1022 4
    endloop
  endfacet
  facet normal -0.984823 -0.173561 0
    outer loop
      vertex 4.68808 52.0597 3.4
      vertex 4.68059 52.1022 4
      vertex 4.68059 52.1022 3.4
    endloop
  endfacet
  facet normal -0.984823 -0.173561 0
    outer loop
      vertex 4.68059 52.1022 4
      vertex 4.68808 52.0597 3.4
      vertex 4.68808 52.0597 4
    endloop
  endfacet
  facet normal -0.97336 -0.22928 0
    outer loop
      vertex 4.69762 52.0192 3.4
      vertex 4.68808 52.0597 4
      vertex 4.68808 52.0597 3.4
    endloop
  endfacet
  facet normal -0.97336 -0.22928 0
    outer loop
      vertex 4.68808 52.0597 4
      vertex 4.69762 52.0192 3.4
      vertex 4.69762 52.0192 4
    endloop
  endfacet
  facet normal -0.958031 -0.286665 0
    outer loop
      vertex 4.70917 51.9806 3.4
      vertex 4.69762 52.0192 4
      vertex 4.69762 52.0192 3.4
    endloop
  endfacet
  facet normal -0.958031 -0.286665 0
    outer loop
      vertex 4.69762 52.0192 4
      vertex 4.70917 51.9806 3.4
      vertex 4.70917 51.9806 4
    endloop
  endfacet
  facet normal -0.937904 -0.346896 0
    outer loop
      vertex 4.72267 51.9441 3.4
      vertex 4.70917 51.9806 4
      vertex 4.70917 51.9806 3.4
    endloop
  endfacet
  facet normal -0.937904 -0.346896 0
    outer loop
      vertex 4.70917 51.9806 4
      vertex 4.72267 51.9441 3.4
      vertex 4.72267 51.9441 4
    endloop
  endfacet
  facet normal -0.911872 -0.410475 0
    outer loop
      vertex 4.73811 51.9098 3.4
      vertex 4.72267 51.9441 4
      vertex 4.72267 51.9441 3.4
    endloop
  endfacet
  facet normal -0.911872 -0.410475 0
    outer loop
      vertex 4.72267 51.9441 4
      vertex 4.73811 51.9098 3.4
      vertex 4.73811 51.9098 4
    endloop
  endfacet
  facet normal -0.881066 -0.472993 0
    outer loop
      vertex 4.75545 51.8775 3.4
      vertex 4.73811 51.9098 4
      vertex 4.73811 51.9098 3.4
    endloop
  endfacet
  facet normal -0.881066 -0.472993 0
    outer loop
      vertex 4.73811 51.9098 4
      vertex 4.75545 51.8775 3.4
      vertex 4.75545 51.8775 4
    endloop
  endfacet
  facet normal -0.841709 -0.539932 0
    outer loop
      vertex 4.77463 51.8476 3.4
      vertex 4.75545 51.8775 4
      vertex 4.75545 51.8775 3.4
    endloop
  endfacet
  facet normal -0.841709 -0.539932 0
    outer loop
      vertex 4.75545 51.8775 4
      vertex 4.77463 51.8476 3.4
      vertex 4.77463 51.8476 4
    endloop
  endfacet
  facet normal -0.797159 -0.603769 0
    outer loop
      vertex 4.79561 51.8199 3.4
      vertex 4.77463 51.8476 4
      vertex 4.77463 51.8476 3.4
    endloop
  endfacet
  facet normal -0.797159 -0.603769 0
    outer loop
      vertex 4.77463 51.8476 4
      vertex 4.79561 51.8199 3.4
      vertex 4.79561 51.8199 4
    endloop
  endfacet
  facet normal -0.743879 -0.668315 0
    outer loop
      vertex 4.81834 51.7946 3.4
      vertex 4.79561 51.8199 4
      vertex 4.79561 51.8199 3.4
    endloop
  endfacet
  facet normal -0.743879 -0.668315 0
    outer loop
      vertex 4.79561 51.8199 4
      vertex 4.81834 51.7946 3.4
      vertex 4.81834 51.7946 4
    endloop
  endfacet
  facet normal -0.683147 -0.730281 0
    outer loop
      vertex 4.81834 51.7946 3.4
      vertex 4.84282 51.7717 4
      vertex 4.81834 51.7946 4
    endloop
  endfacet
  facet normal -0.683147 -0.730281 -0
    outer loop
      vertex 4.84282 51.7717 4
      vertex 4.81834 51.7946 3.4
      vertex 4.84282 51.7717 3.4
    endloop
  endfacet
  facet normal -0.616957 -0.786997 0
    outer loop
      vertex 4.84282 51.7717 3.4
      vertex 4.86897 51.7512 4
      vertex 4.84282 51.7717 4
    endloop
  endfacet
  facet normal -0.616957 -0.786997 -0
    outer loop
      vertex 4.86897 51.7512 4
      vertex 4.84282 51.7717 3.4
      vertex 4.86897 51.7512 3.4
    endloop
  endfacet
  facet normal -0.541369 -0.840785 0
    outer loop
      vertex 4.86897 51.7512 3.4
      vertex 4.89677 51.7333 4
      vertex 4.86897 51.7512 4
    endloop
  endfacet
  facet normal -0.541369 -0.840785 -0
    outer loop
      vertex 4.89677 51.7333 4
      vertex 4.86897 51.7512 3.4
      vertex 4.89677 51.7333 3.4
    endloop
  endfacet
  facet normal -0.461514 -0.887133 0
    outer loop
      vertex 4.89677 51.7333 3.4
      vertex 4.92618 51.718 4
      vertex 4.89677 51.7333 4
    endloop
  endfacet
  facet normal -0.461514 -0.887133 -0
    outer loop
      vertex 4.92618 51.718 4
      vertex 4.89677 51.7333 3.4
      vertex 4.92618 51.718 3.4
    endloop
  endfacet
  facet normal -0.37685 -0.926274 0
    outer loop
      vertex 4.92618 51.718 3.4
      vertex 4.95715 51.7054 4
      vertex 4.92618 51.718 4
    endloop
  endfacet
  facet normal -0.37685 -0.926274 -0
    outer loop
      vertex 4.95715 51.7054 4
      vertex 4.92618 51.718 3.4
      vertex 4.95715 51.7054 3.4
    endloop
  endfacet
  facet normal -0.294169 -0.955754 0
    outer loop
      vertex 4.95715 51.7054 3.4
      vertex 4.98964 51.6954 4
      vertex 4.95715 51.7054 4
    endloop
  endfacet
  facet normal -0.294169 -0.955754 -0
    outer loop
      vertex 4.98964 51.6954 4
      vertex 4.95715 51.7054 3.4
      vertex 4.98964 51.6954 3.4
    endloop
  endfacet
  facet normal -0.207346 -0.978268 0
    outer loop
      vertex 4.98964 51.6954 3.4
      vertex 5.02361 51.6882 4
      vertex 4.98964 51.6954 4
    endloop
  endfacet
  facet normal -0.207346 -0.978268 -0
    outer loop
      vertex 5.02361 51.6882 4
      vertex 4.98964 51.6954 3.4
      vertex 5.02361 51.6882 3.4
    endloop
  endfacet
  facet normal -0.120549 -0.992707 0
    outer loop
      vertex 5.02361 51.6882 3.4
      vertex 5.05902 51.6839 4
      vertex 5.02361 51.6882 4
    endloop
  endfacet
  facet normal -0.120549 -0.992707 -0
    outer loop
      vertex 5.05902 51.6839 4
      vertex 5.02361 51.6882 3.4
      vertex 5.05902 51.6839 3.4
    endloop
  endfacet
  facet normal -0.040716 -0.999171 0
    outer loop
      vertex 5.05902 51.6839 3.4
      vertex 5.09583 51.6824 4
      vertex 5.05902 51.6839 4
    endloop
  endfacet
  facet normal -0.040716 -0.999171 -0
    outer loop
      vertex 5.09583 51.6824 4
      vertex 5.05902 51.6839 3.4
      vertex 5.09583 51.6824 3.4
    endloop
  endfacet
  facet normal 0.037728 -0.999288 0
    outer loop
      vertex 5.09583 51.6824 3.4
      vertex 5.13556 51.6839 4
      vertex 5.09583 51.6824 4
    endloop
  endfacet
  facet normal 0.037728 -0.999288 0
    outer loop
      vertex 5.13556 51.6839 4
      vertex 5.09583 51.6824 3.4
      vertex 5.13556 51.6839 3.4
    endloop
  endfacet
  facet normal 0.111801 -0.993731 0
    outer loop
      vertex 5.13556 51.6839 3.4
      vertex 5.17378 51.6882 4
      vertex 5.13556 51.6839 4
    endloop
  endfacet
  facet normal 0.111801 -0.993731 0
    outer loop
      vertex 5.17378 51.6882 4
      vertex 5.13556 51.6839 3.4
      vertex 5.17378 51.6882 3.4
    endloop
  endfacet
  facet normal 0.192768 -0.981244 0
    outer loop
      vertex 5.17378 51.6882 3.4
      vertex 5.21043 51.6954 4
      vertex 5.17378 51.6882 4
    endloop
  endfacet
  facet normal 0.192768 -0.981244 0
    outer loop
      vertex 5.21043 51.6954 4
      vertex 5.17378 51.6882 3.4
      vertex 5.21043 51.6954 3.4
    endloop
  endfacet
  facet normal 0.274359 -0.961627 0
    outer loop
      vertex 5.21043 51.6954 3.4
      vertex 5.24548 51.7054 4
      vertex 5.21043 51.6954 4
    endloop
  endfacet
  facet normal 0.274359 -0.961627 0
    outer loop
      vertex 5.24548 51.7054 4
      vertex 5.21043 51.6954 3.4
      vertex 5.24548 51.7054 3.4
    endloop
  endfacet
  facet normal 0.355413 -0.934709 0
    outer loop
      vertex 5.24548 51.7054 3.4
      vertex 5.27888 51.7181 4
      vertex 5.24548 51.7054 4
    endloop
  endfacet
  facet normal 0.355413 -0.934709 0
    outer loop
      vertex 5.27888 51.7181 4
      vertex 5.24548 51.7054 3.4
      vertex 5.27888 51.7181 3.4
    endloop
  endfacet
  facet normal 0.436858 -0.89953 0
    outer loop
      vertex 5.27888 51.7181 3.4
      vertex 5.31059 51.7335 4
      vertex 5.27888 51.7181 4
    endloop
  endfacet
  facet normal 0.436858 -0.89953 0
    outer loop
      vertex 5.31059 51.7335 4
      vertex 5.27888 51.7181 3.4
      vertex 5.31059 51.7335 3.4
    endloop
  endfacet
  facet normal 0.514622 -0.857417 0
    outer loop
      vertex 5.31059 51.7335 3.4
      vertex 5.34058 51.7515 4
      vertex 5.31059 51.7335 4
    endloop
  endfacet
  facet normal 0.514622 -0.857417 0
    outer loop
      vertex 5.34058 51.7515 4
      vertex 5.31059 51.7335 3.4
      vertex 5.34058 51.7515 3.4
    endloop
  endfacet
  facet normal 0.589737 -0.807596 0
    outer loop
      vertex 5.34058 51.7515 3.4
      vertex 5.36879 51.7721 4
      vertex 5.34058 51.7515 4
    endloop
  endfacet
  facet normal 0.589737 -0.807596 0
    outer loop
      vertex 5.36879 51.7721 4
      vertex 5.34058 51.7515 3.4
      vertex 5.36879 51.7721 3.4
    endloop
  endfacet
  facet normal 0.658787 -0.752329 0
    outer loop
      vertex 5.36879 51.7721 3.4
      vertex 5.39517 51.7952 4
      vertex 5.36879 51.7721 4
    endloop
  endfacet
  facet normal 0.658787 -0.752329 0
    outer loop
      vertex 5.39517 51.7952 4
      vertex 5.36879 51.7721 3.4
      vertex 5.39517 51.7952 3.4
    endloop
  endfacet
  facet normal 0.722176 -0.691709 0
    outer loop
      vertex 5.39517 51.7952 4
      vertex 5.41969 51.8208 3.4
      vertex 5.41969 51.8208 4
    endloop
  endfacet
  facet normal 0.722176 -0.691709 0
    outer loop
      vertex 5.41969 51.8208 3.4
      vertex 5.39517 51.7952 4
      vertex 5.39517 51.7952 3.4
    endloop
  endfacet
  facet normal 0.777743 -0.628583 0
    outer loop
      vertex 5.41969 51.8208 4
      vertex 5.44232 51.8488 3.4
      vertex 5.44232 51.8488 4
    endloop
  endfacet
  facet normal 0.777743 -0.628583 0
    outer loop
      vertex 5.44232 51.8488 3.4
      vertex 5.41969 51.8208 4
      vertex 5.41969 51.8208 3.4
    endloop
  endfacet
  facet normal 0.826216 -0.563354 0
    outer loop
      vertex 5.44232 51.8488 4
      vertex 5.46298 51.8791 3.4
      vertex 5.46298 51.8791 4
    endloop
  endfacet
  facet normal 0.826216 -0.563354 0
    outer loop
      vertex 5.46298 51.8791 3.4
      vertex 5.44232 51.8488 4
      vertex 5.44232 51.8488 3.4
    endloop
  endfacet
  facet normal 0.867653 -0.49717 0
    outer loop
      vertex 5.46298 51.8791 4
      vertex 5.48166 51.9117 3.4
      vertex 5.48166 51.9117 4
    endloop
  endfacet
  facet normal 0.867653 -0.49717 0
    outer loop
      vertex 5.48166 51.9117 3.4
      vertex 5.46298 51.8791 4
      vertex 5.46298 51.8791 3.4
    endloop
  endfacet
  facet normal 0.90255 -0.430586 0
    outer loop
      vertex 5.48166 51.9117 4
      vertex 5.49831 51.9466 3.4
      vertex 5.49831 51.9466 4
    endloop
  endfacet
  facet normal 0.90255 -0.430586 0
    outer loop
      vertex 5.49831 51.9466 3.4
      vertex 5.48166 51.9117 4
      vertex 5.48166 51.9117 3.4
    endloop
  endfacet
  facet normal 0.930965 -0.365109 0
    outer loop
      vertex 5.49831 51.9466 4
      vertex 5.51286 51.9837 3.4
      vertex 5.51286 51.9837 4
    endloop
  endfacet
  facet normal 0.930965 -0.365109 0
    outer loop
      vertex 5.51286 51.9837 3.4
      vertex 5.49831 51.9466 4
      vertex 5.49831 51.9466 3.4
    endloop
  endfacet
  facet normal 0.953085 -0.302702 0
    outer loop
      vertex 5.51286 51.9837 4
      vertex 5.52531 52.0229 3.4
      vertex 5.52531 52.0229 4
    endloop
  endfacet
  facet normal 0.953085 -0.302702 0
    outer loop
      vertex 5.52531 52.0229 3.4
      vertex 5.51286 51.9837 4
      vertex 5.51286 51.9837 3.4
    endloop
  endfacet
  facet normal 0.970446 -0.241319 0
    outer loop
      vertex 5.52531 52.0229 4
      vertex 5.53558 52.0642 3.4
      vertex 5.53558 52.0642 4
    endloop
  endfacet
  facet normal 0.970446 -0.241319 0
    outer loop
      vertex 5.53558 52.0642 3.4
      vertex 5.52531 52.0229 4
      vertex 5.52531 52.0229 3.4
    endloop
  endfacet
  facet normal 0.983031 -0.183439 0
    outer loop
      vertex 5.53558 52.0642 4
      vertex 5.54366 52.1075 3.4
      vertex 5.54366 52.1075 4
    endloop
  endfacet
  facet normal 0.983031 -0.183439 0
    outer loop
      vertex 5.54366 52.1075 3.4
      vertex 5.53558 52.0642 4
      vertex 5.53558 52.0642 3.4
    endloop
  endfacet
  facet normal 0.991875 -0.127214 0
    outer loop
      vertex 5.54366 52.1075 4
      vertex 5.54947 52.1528 3.4
      vertex 5.54947 52.1528 4
    endloop
  endfacet
  facet normal 0.991875 -0.127214 0
    outer loop
      vertex 5.54947 52.1528 3.4
      vertex 5.54366 52.1075 4
      vertex 5.54366 52.1075 3.4
    endloop
  endfacet
  facet normal 0.997231 -0.0743697 0
    outer loop
      vertex 5.54947 52.1528 4
      vertex 5.55299 52.2 3.4
      vertex 5.55299 52.2 4
    endloop
  endfacet
  facet normal 0.997231 -0.0743697 0
    outer loop
      vertex 5.55299 52.2 3.4
      vertex 5.54947 52.1528 4
      vertex 5.54947 52.1528 3.4
    endloop
  endfacet
  facet normal 0.999711 -0.0240256 0
    outer loop
      vertex 5.55299 52.2 4
      vertex 5.55417 52.2491 3.4
      vertex 5.55417 52.2491 4
    endloop
  endfacet
  facet normal 0.999711 -0.0240256 0
    outer loop
      vertex 5.55417 52.2491 3.4
      vertex 5.55299 52.2 4
      vertex 5.55299 52.2 3.4
    endloop
  endfacet
  facet normal 0.99965 0.0264677 0
    outer loop
      vertex 5.55417 52.2491 4
      vertex 5.55296 52.2948 3.4
      vertex 5.55296 52.2948 4
    endloop
  endfacet
  facet normal 0.99965 0.0264677 0
    outer loop
      vertex 5.55296 52.2948 3.4
      vertex 5.55417 52.2491 4
      vertex 5.55417 52.2491 3.4
    endloop
  endfacet
  facet normal 0.996721 0.080913 0
    outer loop
      vertex 5.55296 52.2948 4
      vertex 5.54938 52.3389 3.4
      vertex 5.54938 52.3389 4
    endloop
  endfacet
  facet normal 0.996721 0.080913 0
    outer loop
      vertex 5.54938 52.3389 3.4
      vertex 5.55296 52.2948 4
      vertex 5.55296 52.2948 3.4
    endloop
  endfacet
  facet normal 0.990438 0.137962 0
    outer loop
      vertex 5.54938 52.3389 4
      vertex 5.54346 52.3814 3.4
      vertex 5.54346 52.3814 4
    endloop
  endfacet
  facet normal 0.990438 0.137962 0
    outer loop
      vertex 5.54346 52.3814 3.4
      vertex 5.54938 52.3389 4
      vertex 5.54938 52.3389 3.4
    endloop
  endfacet
  facet normal 0.980581 0.196116 0
    outer loop
      vertex 5.54346 52.3814 4
      vertex 5.53528 52.4223 3.4
      vertex 5.53528 52.4223 4
    endloop
  endfacet
  facet normal 0.980581 0.196116 0
    outer loop
      vertex 5.53528 52.4223 3.4
      vertex 5.54346 52.3814 4
      vertex 5.54346 52.3814 3.4
    endloop
  endfacet
  facet normal 0.966297 0.257431 0
    outer loop
      vertex 5.53528 52.4223 4
      vertex 5.52489 52.4613 3.4
      vertex 5.52489 52.4613 4
    endloop
  endfacet
  facet normal 0.966297 0.257431 0
    outer loop
      vertex 5.52489 52.4613 3.4
      vertex 5.53528 52.4223 4
      vertex 5.53528 52.4223 3.4
    endloop
  endfacet
  facet normal 0.947713 0.319123 0
    outer loop
      vertex 5.52489 52.4613 4
      vertex 5.51233 52.4986 3.4
      vertex 5.51233 52.4986 4
    endloop
  endfacet
  facet normal 0.947713 0.319123 0
    outer loop
      vertex 5.51233 52.4986 3.4
      vertex 5.52489 52.4613 4
      vertex 5.52489 52.4613 3.4
    endloop
  endfacet
  facet normal 0.923618 0.383315 0
    outer loop
      vertex 5.51233 52.4986 4
      vertex 5.49768 52.5339 3.4
      vertex 5.49768 52.5339 4
    endloop
  endfacet
  facet normal 0.923618 0.383315 0
    outer loop
      vertex 5.49768 52.5339 3.4
      vertex 5.51233 52.4986 4
      vertex 5.51233 52.4986 3.4
    endloop
  endfacet
  facet normal 0.894641 0.446785 0
    outer loop
      vertex 5.49768 52.5339 4
      vertex 5.481 52.5673 3.4
      vertex 5.481 52.5673 4
    endloop
  endfacet
  facet normal 0.894641 0.446785 0
    outer loop
      vertex 5.481 52.5673 3.4
      vertex 5.49768 52.5339 4
      vertex 5.49768 52.5339 3.4
    endloop
  endfacet
  facet normal 0.859539 0.51107 0
    outer loop
      vertex 5.481 52.5673 4
      vertex 5.46233 52.5987 3.4
      vertex 5.46233 52.5987 4
    endloop
  endfacet
  facet normal 0.859539 0.51107 0
    outer loop
      vertex 5.46233 52.5987 3.4
      vertex 5.481 52.5673 4
      vertex 5.481 52.5673 3.4
    endloop
  endfacet
  facet normal 0.81805 0.575148 0
    outer loop
      vertex 5.46233 52.5987 4
      vertex 5.44173 52.628 3.4
      vertex 5.44173 52.628 4
    endloop
  endfacet
  facet normal 0.81805 0.575148 0
    outer loop
      vertex 5.44173 52.628 3.4
      vertex 5.46233 52.5987 4
      vertex 5.46233 52.5987 3.4
    endloop
  endfacet
  facet normal 0.768781 0.639512 0
    outer loop
      vertex 5.44173 52.628 4
      vertex 5.41927 52.655 3.4
      vertex 5.41927 52.655 4
    endloop
  endfacet
  facet normal 0.768781 0.639512 0
    outer loop
      vertex 5.41927 52.655 3.4
      vertex 5.44173 52.628 4
      vertex 5.44173 52.628 3.4
    endloop
  endfacet
  facet normal 0.715677 0.698432 0
    outer loop
      vertex 5.41927 52.655 4
      vertex 5.39497 52.6799 3.4
      vertex 5.39497 52.6799 4
    endloop
  endfacet
  facet normal 0.715677 0.698432 0
    outer loop
      vertex 5.39497 52.6799 3.4
      vertex 5.41927 52.655 4
      vertex 5.41927 52.655 3.4
    endloop
  endfacet
  facet normal 0.653945 0.756542 -0
    outer loop
      vertex 5.39497 52.6799 3.4
      vertex 5.36894 52.7024 4
      vertex 5.39497 52.6799 4
    endloop
  endfacet
  facet normal 0.653945 0.756542 0
    outer loop
      vertex 5.36894 52.7024 4
      vertex 5.39497 52.6799 3.4
      vertex 5.36894 52.7024 3.4
    endloop
  endfacet
  facet normal 0.586748 0.80977 -0
    outer loop
      vertex 5.36894 52.7024 3.4
      vertex 5.3412 52.7225 4
      vertex 5.36894 52.7024 4
    endloop
  endfacet
  facet normal 0.586748 0.80977 0
    outer loop
      vertex 5.3412 52.7225 4
      vertex 5.36894 52.7024 3.4
      vertex 5.3412 52.7225 3.4
    endloop
  endfacet
  facet normal 0.51591 0.856643 -0
    outer loop
      vertex 5.3412 52.7225 3.4
      vertex 5.31181 52.7402 4
      vertex 5.3412 52.7225 4
    endloop
  endfacet
  facet normal 0.51591 0.856643 0
    outer loop
      vertex 5.31181 52.7402 4
      vertex 5.3412 52.7225 3.4
      vertex 5.31181 52.7402 3.4
    endloop
  endfacet
  facet normal 0.440592 0.897707 -0
    outer loop
      vertex 5.31181 52.7402 3.4
      vertex 5.28084 52.7554 4
      vertex 5.31181 52.7402 4
    endloop
  endfacet
  facet normal 0.440592 0.897707 0
    outer loop
      vertex 5.28084 52.7554 4
      vertex 5.31181 52.7402 3.4
      vertex 5.28084 52.7554 3.4
    endloop
  endfacet
  facet normal 0.358979 0.933346 -0
    outer loop
      vertex 5.28084 52.7554 3.4
      vertex 5.24834 52.7679 4
      vertex 5.28084 52.7554 4
    endloop
  endfacet
  facet normal 0.358979 0.933346 0
    outer loop
      vertex 5.24834 52.7679 4
      vertex 5.28084 52.7554 3.4
      vertex 5.24834 52.7679 3.4
    endloop
  endfacet
  facet normal 0.279794 0.96006 -0
    outer loop
      vertex 5.24834 52.7679 3.4
      vertex 5.21437 52.7778 4
      vertex 5.24834 52.7679 4
    endloop
  endfacet
  facet normal 0.279794 0.96006 0
    outer loop
      vertex 5.21437 52.7778 4
      vertex 5.24834 52.7679 3.4
      vertex 5.21437 52.7778 3.4
    endloop
  endfacet
  facet normal 0.196649 0.980474 -0
    outer loop
      vertex 5.21437 52.7778 3.4
      vertex 5.17897 52.7849 4
      vertex 5.21437 52.7778 4
    endloop
  endfacet
  facet normal 0.196649 0.980474 0
    outer loop
      vertex 5.17897 52.7849 4
      vertex 5.21437 52.7778 3.4
      vertex 5.17897 52.7849 3.4
    endloop
  endfacet
  facet normal 0.118911 0.992905 -0
    outer loop
      vertex 5.17897 52.7849 3.4
      vertex 5.14223 52.7893 4
      vertex 5.17897 52.7849 4
    endloop
  endfacet
  facet normal 0.118911 0.992905 0
    outer loop
      vertex 5.14223 52.7893 4
      vertex 5.17897 52.7849 3.4
      vertex 5.14223 52.7893 3.4
    endloop
  endfacet
  facet normal 0.0367592 0.999324 -0
    outer loop
      vertex 5.14223 52.7893 3.4
      vertex 5.10417 52.7907 4
      vertex 5.14223 52.7893 4
    endloop
  endfacet
  facet normal 0.0367592 0.999324 0
    outer loop
      vertex 5.10417 52.7907 4
      vertex 5.14223 52.7893 3.4
      vertex 5.10417 52.7907 3.4
    endloop
  endfacet
  facet normal -0.037397 0.9993 0
    outer loop
      vertex 5.10417 52.7907 3.4
      vertex 5.06676 52.7893 4
      vertex 5.10417 52.7907 4
    endloop
  endfacet
  facet normal -0.037397 0.9993 0
    outer loop
      vertex 5.06676 52.7893 4
      vertex 5.10417 52.7907 3.4
      vertex 5.06676 52.7893 3.4
    endloop
  endfacet
  facet normal 0 1 -0
    outer loop
      vertex 3.31264 51.2699 3.4
      vertex 2.92514 51.2699 4
      vertex 3.31264 51.2699 4
    endloop
  endfacet
  facet normal 0 1 0
    outer loop
      vertex 2.92514 51.2699 4
      vertex 3.31264 51.2699 3.4
      vertex 2.92514 51.2699 3.4
    endloop
  endfacet
  facet normal 0.958365 0.285546 0
    outer loop
      vertex 2.92514 51.2699 4
      vertex 2.9106 51.3187 3.4
      vertex 2.9106 51.3187 4
    endloop
  endfacet
  facet normal 0.958365 0.285546 0
    outer loop
      vertex 2.9106 51.3187 3.4
      vertex 2.92514 51.2699 4
      vertex 2.92514 51.2699 3.4
    endloop
  endfacet
  facet normal 0.936379 0.350991 0
    outer loop
      vertex 2.9106 51.3187 4
      vertex 2.89317 51.3652 3.4
      vertex 2.89317 51.3652 4
    endloop
  endfacet
  facet normal 0.936379 0.350991 0
    outer loop
      vertex 2.89317 51.3652 3.4
      vertex 2.9106 51.3187 4
      vertex 2.9106 51.3187 3.4
    endloop
  endfacet
  facet normal 0.908662 0.417532 0
    outer loop
      vertex 2.89317 51.3652 4
      vertex 2.87286 51.4094 3.4
      vertex 2.87286 51.4094 4
    endloop
  endfacet
  facet normal 0.908662 0.417532 0
    outer loop
      vertex 2.87286 51.4094 3.4
      vertex 2.89317 51.3652 4
      vertex 2.89317 51.3652 3.4
    endloop
  endfacet
  facet normal 0.874621 0.484808 0
    outer loop
      vertex 2.87286 51.4094 4
      vertex 2.84969 51.4512 3.4
      vertex 2.84969 51.4512 4
    endloop
  endfacet
  facet normal 0.874621 0.484808 0
    outer loop
      vertex 2.84969 51.4512 3.4
      vertex 2.87286 51.4094 4
      vertex 2.87286 51.4094 3.4
    endloop
  endfacet
  facet normal 0.834804 0.550548 0
    outer loop
      vertex 2.84969 51.4512 4
      vertex 2.82364 51.4907 3.4
      vertex 2.82364 51.4907 4
    endloop
  endfacet
  facet normal 0.834804 0.550548 0
    outer loop
      vertex 2.82364 51.4907 3.4
      vertex 2.84969 51.4512 4
      vertex 2.84969 51.4512 3.4
    endloop
  endfacet
  facet normal 0.789489 0.613764 0
    outer loop
      vertex 2.82364 51.4907 4
      vertex 2.79472 51.5279 3.4
      vertex 2.79472 51.5279 4
    endloop
  endfacet
  facet normal 0.789489 0.613764 0
    outer loop
      vertex 2.79472 51.5279 3.4
      vertex 2.82364 51.4907 4
      vertex 2.82364 51.4907 3.4
    endloop
  endfacet
  facet normal 0.73756 0.675282 0
    outer loop
      vertex 2.79472 51.5279 4
      vertex 2.76295 51.5626 3.4
      vertex 2.76295 51.5626 4
    endloop
  endfacet
  facet normal 0.73756 0.675282 0
    outer loop
      vertex 2.76295 51.5626 3.4
      vertex 2.79472 51.5279 4
      vertex 2.79472 51.5279 3.4
    endloop
  endfacet
  facet normal 0.684431 0.729077 -0
    outer loop
      vertex 2.76295 51.5626 3.4
      vertex 2.72833 51.5951 4
      vertex 2.76295 51.5626 4
    endloop
  endfacet
  facet normal 0.684431 0.729077 0
    outer loop
      vertex 2.72833 51.5951 4
      vertex 2.76295 51.5626 3.4
      vertex 2.72833 51.5951 3.4
    endloop
  endfacet
  facet normal 0.625 0.780625 -0
    outer loop
      vertex 2.72833 51.5951 3.4
      vertex 2.69086 51.6251 4
      vertex 2.72833 51.5951 4
    endloop
  endfacet
  facet normal 0.625 0.780625 0
    outer loop
      vertex 2.69086 51.6251 4
      vertex 2.72833 51.5951 3.4
      vertex 2.69086 51.6251 3.4
    endloop
  endfacet
  facet normal 0.566156 0.824298 -0
    outer loop
      vertex 2.69086 51.6251 3.4
      vertex 2.65053 51.6528 4
      vertex 2.69086 51.6251 4
    endloop
  endfacet
  facet normal 0.566156 0.824298 0
    outer loop
      vertex 2.65053 51.6528 4
      vertex 2.69086 51.6251 3.4
      vertex 2.65053 51.6528 3.4
    endloop
  endfacet
  facet normal 0.505796 0.862653 -0
    outer loop
      vertex 2.65053 51.6528 3.4
      vertex 2.60738 51.6781 4
      vertex 2.65053 51.6528 4
    endloop
  endfacet
  facet normal 0.505796 0.862653 0
    outer loop
      vertex 2.60738 51.6781 4
      vertex 2.65053 51.6528 3.4
      vertex 2.60738 51.6781 3.4
    endloop
  endfacet
  facet normal 0.445734 0.895166 -0
    outer loop
      vertex 2.60738 51.6781 3.4
      vertex 2.56139 51.701 4
      vertex 2.60738 51.6781 4
    endloop
  endfacet
  facet normal 0.445734 0.895166 0
    outer loop
      vertex 2.56139 51.701 4
      vertex 2.60738 51.6781 3.4
      vertex 2.56139 51.701 3.4
    endloop
  endfacet
  facet normal 0.387162 0.922012 -0
    outer loop
      vertex 2.56139 51.701 3.4
      vertex 2.51257 51.7215 4
      vertex 2.56139 51.701 4
    endloop
  endfacet
  facet normal 0.387162 0.922012 0
    outer loop
      vertex 2.51257 51.7215 4
      vertex 2.56139 51.701 3.4
      vertex 2.51257 51.7215 3.4
    endloop
  endfacet
  facet normal 0.332514 0.943098 -0
    outer loop
      vertex 2.51257 51.7215 3.4
      vertex 2.46095 51.7397 4
      vertex 2.51257 51.7215 4
    endloop
  endfacet
  facet normal 0.332514 0.943098 0
    outer loop
      vertex 2.46095 51.7397 4
      vertex 2.51257 51.7215 3.4
      vertex 2.46095 51.7397 3.4
    endloop
  endfacet
  facet normal 0.277004 0.960869 -0
    outer loop
      vertex 2.46095 51.7397 3.4
      vertex 2.40649 51.7554 4
      vertex 2.46095 51.7397 4
    endloop
  endfacet
  facet normal 0.277004 0.960869 0
    outer loop
      vertex 2.40649 51.7554 4
      vertex 2.46095 51.7397 3.4
      vertex 2.40649 51.7554 3.4
    endloop
  endfacet
  facet normal 0.226251 0.974069 -0
    outer loop
      vertex 2.40649 51.7554 3.4
      vertex 2.34923 51.7687 4
      vertex 2.40649 51.7554 4
    endloop
  endfacet
  facet normal 0.226251 0.974069 0
    outer loop
      vertex 2.34923 51.7687 4
      vertex 2.40649 51.7554 3.4
      vertex 2.34923 51.7687 3.4
    endloop
  endfacet
  facet normal 0.178568 0.983928 -0
    outer loop
      vertex 2.34923 51.7687 3.4
      vertex 2.28917 51.7796 4
      vertex 2.34923 51.7687 4
    endloop
  endfacet
  facet normal 0.178568 0.983928 0
    outer loop
      vertex 2.28917 51.7796 4
      vertex 2.34923 51.7687 3.4
      vertex 2.28917 51.7796 3.4
    endloop
  endfacet
  facet normal 0.133981 0.990984 -0
    outer loop
      vertex 2.28917 51.7796 3.4
      vertex 2.2263 51.7881 4
      vertex 2.28917 51.7796 4
    endloop
  endfacet
  facet normal 0.133981 0.990984 0
    outer loop
      vertex 2.2263 51.7881 4
      vertex 2.28917 51.7796 3.4
      vertex 2.2263 51.7881 3.4
    endloop
  endfacet
  facet normal 0.0925045 0.995712 -0
    outer loop
      vertex 2.2263 51.7881 3.4
      vertex 2.16064 51.7942 4
      vertex 2.2263 51.7881 4
    endloop
  endfacet
  facet normal 0.0925045 0.995712 0
    outer loop
      vertex 2.16064 51.7942 4
      vertex 2.2263 51.7881 3.4
      vertex 2.16064 51.7942 3.4
    endloop
  endfacet
  facet normal 0.0539753 0.998542 -0
    outer loop
      vertex 2.16064 51.7942 3.4
      vertex 2.09219 51.7979 4
      vertex 2.16064 51.7942 4
    endloop
  endfacet
  facet normal 0.0539753 0.998542 0
    outer loop
      vertex 2.09219 51.7979 4
      vertex 2.16064 51.7942 3.4
      vertex 2.09219 51.7979 3.4
    endloop
  endfacet
  facet normal 0.0168468 0.999858 -0
    outer loop
      vertex 2.09219 51.7979 3.4
      vertex 2.02097 51.7991 4
      vertex 2.09219 51.7979 4
    endloop
  endfacet
  facet normal 0.0168468 0.999858 0
    outer loop
      vertex 2.02097 51.7991 4
      vertex 2.09219 51.7979 3.4
      vertex 2.02097 51.7991 3.4
    endloop
  endfacet
  facet normal 1 -0 0
    outer loop
      vertex 2.02097 51.7991 4
      vertex 2.02097 52.1866 3.4
      vertex 2.02097 52.1866 4
    endloop
  endfacet
  facet normal 1 0 0
    outer loop
      vertex 2.02097 52.1866 3.4
      vertex 2.02097 51.7991 4
      vertex 2.02097 51.7991 3.4
    endloop
  endfacet
  facet normal 0 -1 0
    outer loop
      vertex 2.02097 52.1866 3.4
      vertex 2.72932 52.1866 4
      vertex 2.02097 52.1866 4
    endloop
  endfacet
  facet normal 0 -1 -0
    outer loop
      vertex 2.72932 52.1866 4
      vertex 2.02097 52.1866 3.4
      vertex 2.72932 52.1866 3.4
    endloop
  endfacet
  facet normal 1 -0 0
    outer loop
      vertex 2.72932 52.1866 4
      vertex 2.72932 54.2241 3.4
      vertex 2.72932 54.2241 4
    endloop
  endfacet
  facet normal 1 0 0
    outer loop
      vertex 2.72932 54.2241 3.4
      vertex 2.72932 52.1866 4
      vertex 2.72932 52.1866 3.4
    endloop
  endfacet
  facet normal 0 -1 0
    outer loop
      vertex 2.72932 54.2241 3.4
      vertex 3.31264 54.2241 4
      vertex 2.72932 54.2241 4
    endloop
  endfacet
  facet normal 0 -1 -0
    outer loop
      vertex 3.31264 54.2241 4
      vertex 2.72932 54.2241 3.4
      vertex 3.31264 54.2241 3.4
    endloop
  endfacet
  facet normal -1 0 0
    outer loop
      vertex 3.31264 51.2699 3.4
      vertex 3.31264 54.2241 4
      vertex 3.31264 54.2241 3.4
    endloop
  endfacet
  facet normal -1 -0 0
    outer loop
      vertex 3.31264 54.2241 4
      vertex 3.31264 51.2699 3.4
      vertex 3.31264 51.2699 4
    endloop
  endfacet
endsolid OpenSCAD_Model
