ISO-10303-21;
HEADER;
/* Generated by software containing ST-Developer
 * from STEP Tools, Inc. (www.steptools.com) 
 */
/* OPTION: using custom renumber hook */

FILE_DESCRIPTION(
/* description */ ('STEP AP242',
'CAx-IF Rec.Pracs.---Representation and Presentation of Product Manufa
cturing Information (PMI)---4.0---2014-10-13',
'CAx-IF Rec.Pracs.---3D Tessellated Geometry---0.4---2014-09-14','2;1'),

/* implementation_level */ '2;1');

FILE_NAME(
/* name */ '63ae508051c8f322226c916d',
/* time_stamp */ '2022-12-30T02:44:16+00:00',
/* author */ (''),
/* organization */ (''),
/* preprocessor_version */ 'ST-DEVELOPER v18.102',
/* originating_system */ '  ',
/* authorisation */ '  ');

FILE_SCHEMA (('AP242_MANAGED_MODEL_BASED_3D_ENGINEERING_MIM_LF { 1 0 10303 442 1 1 4 }'));
ENDSEC;

DATA;
#10=ELLIPSE('',#4538,0.059309,0.0296545);
#11=ELLIPSE('',#4539,0.059309,0.0296545);
#12=ELLIPSE('',#4541,0.059309,0.0296545);
#13=ELLIPSE('',#4542,0.059309,0.0296545);
#14=ELLIPSE('',#4544,0.059309,0.0296545);
#15=ELLIPSE('',#4545,0.059309,0.0296545);
#16=ELLIPSE('',#4547,0.059309,0.0296545);
#17=ELLIPSE('',#4548,0.059309,0.0296545);
#18=ELLIPSE('',#4550,0.059309,0.0296545);
#19=ELLIPSE('',#4551,0.059309,0.0296545);
#20=ELLIPSE('',#4553,0.059309,0.0296545);
#21=ELLIPSE('',#4554,0.059309,0.0296545);
#22=ELLIPSE('',#4556,0.059309,0.0296545);
#23=ELLIPSE('',#4557,0.059309,0.0296545);
#24=ELLIPSE('',#4563,0.059309,0.0296545);
#25=ELLIPSE('',#4566,0.059309,0.0296545);
#26=ELLIPSE('',#4567,0.059309,0.0296545);
#27=ELLIPSE('',#4569,0.059309,0.0296545);
#28=ELLIPSE('',#4570,0.059309,0.0296545);
#29=ELLIPSE('',#4572,0.059309,0.0296545);
#30=ELLIPSE('',#4573,0.059309,0.0296545);
#31=ELLIPSE('',#4575,0.059309,0.0296545);
#32=ELLIPSE('',#4576,0.059309,0.0296545);
#33=ELLIPSE('',#4578,0.059309,0.0296545);
#34=ELLIPSE('',#4579,0.059309,0.0296545);
#35=ELLIPSE('',#4581,0.059309,0.0296545);
#36=ELLIPSE('',#4582,0.059309,0.0296545);
#37=ELLIPSE('',#4584,0.059309,0.0296545);
#38=ELLIPSE('',#4585,0.059309,0.0296545);
#39=ELLIPSE('',#4587,0.059309,0.0296545);
#40=ELLIPSE('',#4596,0.059309,0.0296545);
#41=ELLIPSE('',#4597,0.059309,0.0296545);
#42=ELLIPSE('',#4599,0.059309,0.0296545);
#43=ELLIPSE('',#4600,0.059309,0.0296545);
#44=ELLIPSE('',#4602,0.059309,0.0296545);
#45=ELLIPSE('',#4603,0.059309,0.0296545);
#46=ELLIPSE('',#4605,0.059309,0.0296545);
#47=ELLIPSE('',#4606,0.059309,0.0296545);
#48=ELLIPSE('',#4608,0.059309,0.0296545);
#49=ELLIPSE('',#4609,0.059309,0.0296545);
#50=ELLIPSE('',#4611,0.059309,0.0296545);
#51=ELLIPSE('',#4612,0.059309,0.0296545);
#52=ELLIPSE('',#4614,0.059309,0.0296545);
#53=ELLIPSE('',#4615,0.059309,0.0296545);
#54=ELLIPSE('',#4617,0.059309,0.0296545);
#55=ELLIPSE('',#4628,0.063373,0.0316865);
#56=ELLIPSE('',#4630,0.063373,0.0316865);
#57=ELLIPSE('',#4631,0.063373,0.0316865);
#58=ELLIPSE('',#4633,0.063373,0.0316865);
#59=ELLIPSE('',#4634,0.063373,0.0316865);
#60=ELLIPSE('',#4636,0.063373,0.0316865);
#61=ELLIPSE('',#4637,0.063373,0.0316865);
#62=ELLIPSE('',#4639,0.063373,0.0316865);
#63=ELLIPSE('',#4640,0.063373,0.0316865);
#64=ELLIPSE('',#4642,0.063373,0.0316865);
#65=ELLIPSE('',#4643,0.063373,0.0316865);
#66=ELLIPSE('',#4645,0.063373,0.0316865);
#67=ELLIPSE('',#4646,0.063373,0.0316865);
#68=ELLIPSE('',#4648,0.063373,0.0316865);
#69=ELLIPSE('',#4649,0.063373,0.0316865);
#70=ELLIPSE('',#4651,0.063373,0.0316865);
#71=ELLIPSE('',#4652,0.063373,0.0316865);
#72=ELLIPSE('',#4654,0.063373,0.0316865);
#73=ELLIPSE('',#4655,0.063373,0.0316865);
#74=ELLIPSE('',#4657,0.063373,0.0316865);
#75=ELLIPSE('',#4658,0.063373,0.0316865);
#76=ELLIPSE('',#4660,0.063373,0.0316865);
#77=ELLIPSE('',#4661,0.063373,0.0316865);
#78=ELLIPSE('',#4663,0.063373,0.0316865);
#79=ELLIPSE('',#4664,0.063373,0.0316865);
#80=ELLIPSE('',#4666,0.063373,0.0316865);
#81=ELLIPSE('',#4667,0.063373,0.0316865);
#82=ELLIPSE('',#4669,0.063373,0.0316865);
#83=ELLIPSE('',#4670,0.063373,0.0316865);
#84=ELLIPSE('',#4672,0.063373,0.0316865);
#85=ELLIPSE('',#4673,0.063373,0.0316865);
#86=ELLIPSE('',#4675,0.063373,0.0316865);
#87=ELLIPSE('',#4676,0.063373,0.0316865);
#88=ELLIPSE('',#4678,0.063373,0.0316865);
#89=ELLIPSE('',#4679,0.063373,0.0316865);
#90=ELLIPSE('',#4681,0.063373,0.0316865);
#91=ELLIPSE('',#4682,0.063373,0.0316865);
#92=ELLIPSE('',#4684,0.063373,0.0316865);
#93=ELLIPSE('',#4685,0.063373,0.0316865);
#94=ELLIPSE('',#4687,0.063373,0.0316865);
#95=ELLIPSE('',#4688,0.063373,0.0316865);
#96=ELLIPSE('',#4690,0.063373,0.0316865);
#97=ELLIPSE('',#4691,0.063373,0.0316865);
#98=ELLIPSE('',#4693,0.063373,0.0316865);
#99=ELLIPSE('',#4694,0.063373,0.0316865);
#100=ELLIPSE('',#4696,0.063373,0.0316865);
#101=ELLIPSE('',#4697,0.063373,0.0316865);
#102=ELLIPSE('',#4699,0.063373,0.0316865);
#103=ELLIPSE('',#4700,0.063373,0.0316865);
#104=ELLIPSE('',#4702,0.063373,0.0316865);
#105=ELLIPSE('',#4703,0.063373,0.0316865);
#106=ELLIPSE('',#4705,0.063373,0.0316865);
#107=ELLIPSE('',#4706,0.063373,0.0316865);
#108=ELLIPSE('',#4708,0.063373,0.0316865);
#109=ELLIPSE('',#4709,0.063373,0.0316865);
#110=ELLIPSE('',#4711,0.063373,0.0316865);
#111=ELLIPSE('',#4712,0.063373,0.0316865);
#112=ELLIPSE('',#4714,0.063373,0.0316865);
#113=ELLIPSE('',#4715,0.063373,0.0316865);
#114=ELLIPSE('',#4717,0.063373,0.0316865);
#115=ELLIPSE('',#4721,0.059309,0.0296545);
#116=ELLIPSE('',#4722,0.059309,0.0296545);
#117=ELLIPSE('',#4724,0.059309,0.0296545);
#118=ELLIPSE('',#4725,0.059309,0.0296545);
#119=ELLIPSE('',#4727,0.059309,0.0296545);
#120=ELLIPSE('',#4728,0.059309,0.0296545);
#121=ELLIPSE('',#4730,0.059309,0.0296545);
#122=ELLIPSE('',#4731,0.059309,0.0296545);
#123=ELLIPSE('',#4733,0.059309,0.0296545);
#124=ELLIPSE('',#4734,0.059309,0.0296545);
#125=ELLIPSE('',#4736,0.059309,0.0296545);
#126=ELLIPSE('',#4737,0.059309,0.0296545);
#127=ELLIPSE('',#4739,0.059309,0.0296545);
#128=ELLIPSE('',#4740,0.059309,0.0296545);
#129=ELLIPSE('',#4746,0.059309,0.0296545);
#130=SHAPE_REPRESENTATION_RELATIONSHIP('','',#4520,#135);
#131=SHAPE_REPRESENTATION_RELATIONSHIP('','',#4521,#136);
#132=SHAPE_REPRESENTATION_RELATIONSHIP('','',#4522,#137);
#133=SHAPE_REPRESENTATION_RELATIONSHIP('','',#4523,#138);
#134=SHAPE_REPRESENTATION_RELATIONSHIP('','',#4524,#139);
#135=ADVANCED_BREP_SHAPE_REPRESENTATION('',(#4510),#7512);
#136=ADVANCED_BREP_SHAPE_REPRESENTATION('',(#4511),#7513);
#137=ADVANCED_BREP_SHAPE_REPRESENTATION('',(#4512),#7514);
#138=ADVANCED_BREP_SHAPE_REPRESENTATION('',(#4513),#7515);
#139=ADVANCED_BREP_SHAPE_REPRESENTATION('',(#4514),#7516);
#140=CYLINDRICAL_SURFACE('',#4530,0.0288925);
#141=CYLINDRICAL_SURFACE('',#4536,0.0296545);
#142=CYLINDRICAL_SURFACE('',#4564,0.0296545);
#143=CYLINDRICAL_SURFACE('',#4594,0.0296545);
#144=CYLINDRICAL_SURFACE('',#4622,0.0316865);
#145=CYLINDRICAL_SURFACE('',#4719,0.0296545);
#146=CYLINDRICAL_SURFACE('',#4936,0.0288925);
#147=CYLINDRICAL_SURFACE('',#4944,0.0288925);
#148=CYLINDRICAL_SURFACE('',#4952,0.0288925);
#149=CIRCLE('',#4527,0.0288925);
#150=CIRCLE('',#4529,0.0288925);
#151=CIRCLE('',#4537,0.0296545);
#152=CIRCLE('',#4540,0.0296545);
#153=CIRCLE('',#4543,0.0296545);
#154=CIRCLE('',#4546,0.0296545);
#155=CIRCLE('',#4549,0.0296545);
#156=CIRCLE('',#4552,0.0296545);
#157=CIRCLE('',#4555,0.0296545);
#158=CIRCLE('',#4558,0.0296545);
#159=CIRCLE('',#4559,0.0296545);
#160=CIRCLE('',#4560,0.0296545);
#161=CIRCLE('',#4561,0.0296545);
#162=CIRCLE('',#4562,0.0296545);
#163=CIRCLE('',#4565,0.0296545);
#164=CIRCLE('',#4568,0.0296545);
#165=CIRCLE('',#4571,0.0296545);
#166=CIRCLE('',#4574,0.0296545);
#167=CIRCLE('',#4577,0.0296545);
#168=CIRCLE('',#4580,0.0296545);
#169=CIRCLE('',#4583,0.0296545);
#170=CIRCLE('',#4586,0.0296545);
#171=CIRCLE('',#4588,0.0296545);
#172=CIRCLE('',#4589,0.0296545);
#173=CIRCLE('',#4590,0.0296545);
#174=CIRCLE('',#4591,0.0296545);
#175=CIRCLE('',#4595,0.0296545);
#176=CIRCLE('',#4598,0.0296545);
#177=CIRCLE('',#4601,0.0296545);
#178=CIRCLE('',#4604,0.0296545);
#179=CIRCLE('',#4607,0.0296545);
#180=CIRCLE('',#4610,0.0296545);
#181=CIRCLE('',#4613,0.0296545);
#182=CIRCLE('',#4616,0.0296545);
#183=CIRCLE('',#4618,0.0296545);
#184=CIRCLE('',#4619,0.0296545);
#185=CIRCLE('',#4620,0.0296545);
#186=CIRCLE('',#4621,0.0296545);
#187=CIRCLE('',#4623,0.0316865);
#188=CIRCLE('',#4624,0.0316865);
#189=CIRCLE('',#4625,0.0316865);
#190=CIRCLE('',#4626,0.0316865);
#191=CIRCLE('',#4627,0.0316865);
#192=CIRCLE('',#4629,0.0316865);
#193=CIRCLE('',#4632,0.0316865);
#194=CIRCLE('',#4635,0.0316865);
#195=CIRCLE('',#4638,0.0316865);
#196=CIRCLE('',#4641,0.0316865);
#197=CIRCLE('',#4644,0.0316865);
#198=CIRCLE('',#4647,0.0316865);
#199=CIRCLE('',#4650,0.0316865);
#200=CIRCLE('',#4653,0.0316865);
#201=CIRCLE('',#4656,0.0316865);
#202=CIRCLE('',#4659,0.0316865);
#203=CIRCLE('',#4662,0.0316865);
#204=CIRCLE('',#4665,0.0316865);
#205=CIRCLE('',#4668,0.0316865);
#206=CIRCLE('',#4671,0.0316865);
#207=CIRCLE('',#4674,0.0316865);
#208=CIRCLE('',#4677,0.0316865);
#209=CIRCLE('',#4680,0.0316865);
#210=CIRCLE('',#4683,0.0316865);
#211=CIRCLE('',#4686,0.0316865);
#212=CIRCLE('',#4689,0.0316865);
#213=CIRCLE('',#4692,0.0316865);
#214=CIRCLE('',#4695,0.0316865);
#215=CIRCLE('',#4698,0.0316865);
#216=CIRCLE('',#4701,0.0316865);
#217=CIRCLE('',#4704,0.0316865);
#218=CIRCLE('',#4707,0.0316865);
#219=CIRCLE('',#4710,0.0316865);
#220=CIRCLE('',#4713,0.0316865);
#221=CIRCLE('',#4716,0.0316865);
#222=CIRCLE('',#4718,0.0316865);
#223=CIRCLE('',#4720,0.0296545);
#224=CIRCLE('',#4723,0.0296545);
#225=CIRCLE('',#4726,0.0296545);
#226=CIRCLE('',#4729,0.0296545);
#227=CIRCLE('',#4732,0.0296545);
#228=CIRCLE('',#4735,0.0296545);
#229=CIRCLE('',#4738,0.0296545);
#230=CIRCLE('',#4741,0.0296545);
#231=CIRCLE('',#4742,0.0296545);
#232=CIRCLE('',#4743,0.0296545);
#233=CIRCLE('',#4744,0.0296545);
#234=CIRCLE('',#4745,0.0296545);
#235=CIRCLE('',#4933,0.0288925);
#236=CIRCLE('',#4935,0.0288925);
#237=CIRCLE('',#4941,0.0288925);
#238=CIRCLE('',#4943,0.0288925);
#239=CIRCLE('',#4949,0.0288925);
#240=CIRCLE('',#4951,0.0288925);
#241=ORIENTED_EDGE('',*,*,#1505,.T.);
#242=ORIENTED_EDGE('',*,*,#1506,.T.);
#243=ORIENTED_EDGE('',*,*,#1507,.T.);
#244=ORIENTED_EDGE('',*,*,#1508,.T.);
#245=ORIENTED_EDGE('',*,*,#1509,.T.);
#246=ORIENTED_EDGE('',*,*,#1510,.T.);
#247=ORIENTED_EDGE('',*,*,#1506,.F.);
#248=ORIENTED_EDGE('',*,*,#1511,.T.);
#249=ORIENTED_EDGE('',*,*,#1510,.F.);
#250=ORIENTED_EDGE('',*,*,#1512,.F.);
#251=ORIENTED_EDGE('',*,*,#1507,.F.);
#252=ORIENTED_EDGE('',*,*,#1512,.T.);
#253=ORIENTED_EDGE('',*,*,#1509,.F.);
#254=ORIENTED_EDGE('',*,*,#1513,.F.);
#255=ORIENTED_EDGE('',*,*,#1505,.F.);
#256=ORIENTED_EDGE('',*,*,#1513,.T.);
#257=ORIENTED_EDGE('',*,*,#1508,.F.);
#258=ORIENTED_EDGE('',*,*,#1511,.F.);
#259=ORIENTED_EDGE('',*,*,#1514,.T.);
#260=ORIENTED_EDGE('',*,*,#1515,.T.);
#261=ORIENTED_EDGE('',*,*,#1516,.T.);
#262=ORIENTED_EDGE('',*,*,#1517,.T.);
#263=ORIENTED_EDGE('',*,*,#1518,.T.);
#264=ORIENTED_EDGE('',*,*,#1519,.T.);
#265=ORIENTED_EDGE('',*,*,#1520,.T.);
#266=ORIENTED_EDGE('',*,*,#1521,.T.);
#267=ORIENTED_EDGE('',*,*,#1522,.T.);
#268=ORIENTED_EDGE('',*,*,#1523,.T.);
#269=ORIENTED_EDGE('',*,*,#1524,.T.);
#270=ORIENTED_EDGE('',*,*,#1525,.T.);
#271=ORIENTED_EDGE('',*,*,#1526,.T.);
#272=ORIENTED_EDGE('',*,*,#1527,.T.);
#273=ORIENTED_EDGE('',*,*,#1528,.T.);
#274=ORIENTED_EDGE('',*,*,#1529,.T.);
#275=ORIENTED_EDGE('',*,*,#1530,.T.);
#276=ORIENTED_EDGE('',*,*,#1531,.T.);
#277=ORIENTED_EDGE('',*,*,#1532,.F.);
#278=ORIENTED_EDGE('',*,*,#1533,.T.);
#279=ORIENTED_EDGE('',*,*,#1534,.T.);
#280=ORIENTED_EDGE('',*,*,#1535,.F.);
#281=ORIENTED_EDGE('',*,*,#1536,.T.);
#282=ORIENTED_EDGE('',*,*,#1537,.T.);
#283=ORIENTED_EDGE('',*,*,#1538,.T.);
#284=ORIENTED_EDGE('',*,*,#1539,.F.);
#285=ORIENTED_EDGE('',*,*,#1540,.T.);
#286=ORIENTED_EDGE('',*,*,#1541,.T.);
#287=ORIENTED_EDGE('',*,*,#1542,.T.);
#288=ORIENTED_EDGE('',*,*,#1543,.T.);
#289=ORIENTED_EDGE('',*,*,#1544,.T.);
#290=ORIENTED_EDGE('',*,*,#1545,.T.);
#291=ORIENTED_EDGE('',*,*,#1546,.T.);
#292=ORIENTED_EDGE('',*,*,#1547,.T.);
#293=ORIENTED_EDGE('',*,*,#1548,.T.);
#294=ORIENTED_EDGE('',*,*,#1549,.T.);
#295=ORIENTED_EDGE('',*,*,#1550,.T.);
#296=ORIENTED_EDGE('',*,*,#1551,.T.);
#297=ORIENTED_EDGE('',*,*,#1552,.T.);
#298=ORIENTED_EDGE('',*,*,#1553,.T.);
#299=ORIENTED_EDGE('',*,*,#1554,.T.);
#300=ORIENTED_EDGE('',*,*,#1555,.T.);
#301=ORIENTED_EDGE('',*,*,#1556,.T.);
#302=ORIENTED_EDGE('',*,*,#1557,.T.);
#303=ORIENTED_EDGE('',*,*,#1558,.F.);
#304=ORIENTED_EDGE('',*,*,#1559,.T.);
#305=ORIENTED_EDGE('',*,*,#1560,.T.);
#306=ORIENTED_EDGE('',*,*,#1561,.F.);
#307=ORIENTED_EDGE('',*,*,#1562,.F.);
#308=ORIENTED_EDGE('',*,*,#1563,.F.);
#309=ORIENTED_EDGE('',*,*,#1564,.T.);
#310=ORIENTED_EDGE('',*,*,#1565,.F.);
#311=ORIENTED_EDGE('',*,*,#1566,.T.);
#312=ORIENTED_EDGE('',*,*,#1567,.T.);
#313=ORIENTED_EDGE('',*,*,#1568,.T.);
#314=ORIENTED_EDGE('',*,*,#1569,.T.);
#315=ORIENTED_EDGE('',*,*,#1570,.T.);
#316=ORIENTED_EDGE('',*,*,#1571,.T.);
#317=ORIENTED_EDGE('',*,*,#1572,.T.);
#318=ORIENTED_EDGE('',*,*,#1573,.T.);
#319=ORIENTED_EDGE('',*,*,#1574,.T.);
#320=ORIENTED_EDGE('',*,*,#1575,.T.);
#321=ORIENTED_EDGE('',*,*,#1576,.T.);
#322=ORIENTED_EDGE('',*,*,#1577,.T.);
#323=ORIENTED_EDGE('',*,*,#1578,.T.);
#324=ORIENTED_EDGE('',*,*,#1579,.T.);
#325=ORIENTED_EDGE('',*,*,#1580,.T.);
#326=ORIENTED_EDGE('',*,*,#1581,.T.);
#327=ORIENTED_EDGE('',*,*,#1582,.T.);
#328=ORIENTED_EDGE('',*,*,#1583,.T.);
#329=ORIENTED_EDGE('',*,*,#1584,.T.);
#330=ORIENTED_EDGE('',*,*,#1585,.T.);
#331=ORIENTED_EDGE('',*,*,#1586,.T.);
#332=ORIENTED_EDGE('',*,*,#1587,.T.);
#333=ORIENTED_EDGE('',*,*,#1588,.T.);
#334=ORIENTED_EDGE('',*,*,#1565,.T.);
#335=ORIENTED_EDGE('',*,*,#1589,.F.);
#336=ORIENTED_EDGE('',*,*,#1590,.F.);
#337=ORIENTED_EDGE('',*,*,#1591,.T.);
#338=ORIENTED_EDGE('',*,*,#1561,.T.);
#339=ORIENTED_EDGE('',*,*,#1592,.F.);
#340=ORIENTED_EDGE('',*,*,#1593,.T.);
#341=ORIENTED_EDGE('',*,*,#1594,.T.);
#342=ORIENTED_EDGE('',*,*,#1595,.T.);
#343=ORIENTED_EDGE('',*,*,#1596,.T.);
#344=ORIENTED_EDGE('',*,*,#1597,.T.);
#345=ORIENTED_EDGE('',*,*,#1598,.T.);
#346=ORIENTED_EDGE('',*,*,#1599,.T.);
#347=ORIENTED_EDGE('',*,*,#1600,.T.);
#348=ORIENTED_EDGE('',*,*,#1601,.T.);
#349=ORIENTED_EDGE('',*,*,#1602,.T.);
#350=ORIENTED_EDGE('',*,*,#1603,.T.);
#351=ORIENTED_EDGE('',*,*,#1604,.T.);
#352=ORIENTED_EDGE('',*,*,#1605,.T.);
#353=ORIENTED_EDGE('',*,*,#1606,.T.);
#354=ORIENTED_EDGE('',*,*,#1607,.T.);
#355=ORIENTED_EDGE('',*,*,#1608,.T.);
#356=ORIENTED_EDGE('',*,*,#1609,.T.);
#357=ORIENTED_EDGE('',*,*,#1610,.T.);
#358=ORIENTED_EDGE('',*,*,#1611,.T.);
#359=ORIENTED_EDGE('',*,*,#1612,.T.);
#360=ORIENTED_EDGE('',*,*,#1613,.T.);
#361=ORIENTED_EDGE('',*,*,#1614,.T.);
#362=ORIENTED_EDGE('',*,*,#1615,.T.);
#363=ORIENTED_EDGE('',*,*,#1616,.T.);
#364=ORIENTED_EDGE('',*,*,#1617,.T.);
#365=ORIENTED_EDGE('',*,*,#1618,.T.);
#366=ORIENTED_EDGE('',*,*,#1619,.F.);
#367=ORIENTED_EDGE('',*,*,#1620,.T.);
#368=ORIENTED_EDGE('',*,*,#1621,.T.);
#369=ORIENTED_EDGE('',*,*,#1622,.F.);
#370=ORIENTED_EDGE('',*,*,#1623,.F.);
#371=ORIENTED_EDGE('',*,*,#1624,.T.);
#372=ORIENTED_EDGE('',*,*,#1625,.T.);
#373=ORIENTED_EDGE('',*,*,#1626,.T.);
#374=ORIENTED_EDGE('',*,*,#1627,.F.);
#375=ORIENTED_EDGE('',*,*,#1628,.T.);
#376=ORIENTED_EDGE('',*,*,#1629,.T.);
#377=ORIENTED_EDGE('',*,*,#1630,.T.);
#378=ORIENTED_EDGE('',*,*,#1631,.T.);
#379=ORIENTED_EDGE('',*,*,#1632,.T.);
#380=ORIENTED_EDGE('',*,*,#1633,.T.);
#381=ORIENTED_EDGE('',*,*,#1634,.T.);
#382=ORIENTED_EDGE('',*,*,#1635,.T.);
#383=ORIENTED_EDGE('',*,*,#1636,.T.);
#384=ORIENTED_EDGE('',*,*,#1637,.T.);
#385=ORIENTED_EDGE('',*,*,#1638,.T.);
#386=ORIENTED_EDGE('',*,*,#1639,.T.);
#387=ORIENTED_EDGE('',*,*,#1640,.T.);
#388=ORIENTED_EDGE('',*,*,#1641,.T.);
#389=ORIENTED_EDGE('',*,*,#1642,.T.);
#390=ORIENTED_EDGE('',*,*,#1643,.T.);
#391=ORIENTED_EDGE('',*,*,#1644,.T.);
#392=ORIENTED_EDGE('',*,*,#1645,.T.);
#393=ORIENTED_EDGE('',*,*,#1646,.F.);
#394=ORIENTED_EDGE('',*,*,#1587,.F.);
#395=ORIENTED_EDGE('',*,*,#1647,.F.);
#396=ORIENTED_EDGE('',*,*,#1648,.T.);
#397=ORIENTED_EDGE('',*,*,#1649,.F.);
#398=ORIENTED_EDGE('',*,*,#1593,.F.);
#399=ORIENTED_EDGE('',*,*,#1650,.T.);
#400=ORIENTED_EDGE('',*,*,#1559,.F.);
#401=ORIENTED_EDGE('',*,*,#1651,.F.);
#402=ORIENTED_EDGE('',*,*,#1652,.F.);
#403=ORIENTED_EDGE('',*,*,#1653,.F.);
#404=ORIENTED_EDGE('',*,*,#1654,.F.);
#405=ORIENTED_EDGE('',*,*,#1655,.F.);
#406=ORIENTED_EDGE('',*,*,#1656,.F.);
#407=ORIENTED_EDGE('',*,*,#1657,.F.);
#408=ORIENTED_EDGE('',*,*,#1658,.F.);
#409=ORIENTED_EDGE('',*,*,#1659,.F.);
#410=ORIENTED_EDGE('',*,*,#1660,.F.);
#411=ORIENTED_EDGE('',*,*,#1661,.F.);
#412=ORIENTED_EDGE('',*,*,#1662,.F.);
#413=ORIENTED_EDGE('',*,*,#1663,.F.);
#414=ORIENTED_EDGE('',*,*,#1664,.F.);
#415=ORIENTED_EDGE('',*,*,#1665,.F.);
#416=ORIENTED_EDGE('',*,*,#1666,.F.);
#417=ORIENTED_EDGE('',*,*,#1667,.F.);
#418=ORIENTED_EDGE('',*,*,#1668,.F.);
#419=ORIENTED_EDGE('',*,*,#1619,.T.);
#420=ORIENTED_EDGE('',*,*,#1669,.T.);
#421=ORIENTED_EDGE('',*,*,#1670,.T.);
#422=ORIENTED_EDGE('',*,*,#1671,.F.);
#423=ORIENTED_EDGE('',*,*,#1622,.T.);
#424=ORIENTED_EDGE('',*,*,#1672,.T.);
#425=ORIENTED_EDGE('',*,*,#1673,.F.);
#426=ORIENTED_EDGE('',*,*,#1674,.T.);
#427=ORIENTED_EDGE('',*,*,#1675,.T.);
#428=ORIENTED_EDGE('',*,*,#1676,.T.);
#429=ORIENTED_EDGE('',*,*,#1677,.T.);
#430=ORIENTED_EDGE('',*,*,#1678,.T.);
#431=ORIENTED_EDGE('',*,*,#1679,.T.);
#432=ORIENTED_EDGE('',*,*,#1680,.T.);
#433=ORIENTED_EDGE('',*,*,#1681,.T.);
#434=ORIENTED_EDGE('',*,*,#1682,.T.);
#435=ORIENTED_EDGE('',*,*,#1683,.T.);
#436=ORIENTED_EDGE('',*,*,#1684,.T.);
#437=ORIENTED_EDGE('',*,*,#1685,.T.);
#438=ORIENTED_EDGE('',*,*,#1686,.T.);
#439=ORIENTED_EDGE('',*,*,#1687,.T.);
#440=ORIENTED_EDGE('',*,*,#1688,.T.);
#441=ORIENTED_EDGE('',*,*,#1689,.T.);
#442=ORIENTED_EDGE('',*,*,#1690,.T.);
#443=ORIENTED_EDGE('',*,*,#1691,.T.);
#444=ORIENTED_EDGE('',*,*,#1692,.T.);
#445=ORIENTED_EDGE('',*,*,#1693,.T.);
#446=ORIENTED_EDGE('',*,*,#1694,.T.);
#447=ORIENTED_EDGE('',*,*,#1695,.T.);
#448=ORIENTED_EDGE('',*,*,#1534,.F.);
#449=ORIENTED_EDGE('',*,*,#1696,.T.);
#450=ORIENTED_EDGE('',*,*,#1697,.T.);
#451=ORIENTED_EDGE('',*,*,#1698,.T.);
#452=ORIENTED_EDGE('',*,*,#1699,.T.);
#453=ORIENTED_EDGE('',*,*,#1700,.T.);
#454=ORIENTED_EDGE('',*,*,#1701,.F.);
#455=ORIENTED_EDGE('',*,*,#1538,.F.);
#456=ORIENTED_EDGE('',*,*,#1702,.T.);
#457=ORIENTED_EDGE('',*,*,#1703,.T.);
#458=ORIENTED_EDGE('',*,*,#1704,.F.);
#459=ORIENTED_EDGE('',*,*,#1705,.T.);
#460=ORIENTED_EDGE('',*,*,#1706,.F.);
#461=ORIENTED_EDGE('',*,*,#1707,.T.);
#462=ORIENTED_EDGE('',*,*,#1708,.T.);
#463=ORIENTED_EDGE('',*,*,#1709,.F.);
#464=ORIENTED_EDGE('',*,*,#1710,.F.);
#465=ORIENTED_EDGE('',*,*,#1711,.T.);
#466=ORIENTED_EDGE('',*,*,#1712,.T.);
#467=ORIENTED_EDGE('',*,*,#1713,.F.);
#468=ORIENTED_EDGE('',*,*,#1714,.F.);
#469=ORIENTED_EDGE('',*,*,#1715,.F.);
#470=ORIENTED_EDGE('',*,*,#1716,.F.);
#471=ORIENTED_EDGE('',*,*,#1717,.F.);
#472=ORIENTED_EDGE('',*,*,#1718,.F.);
#473=ORIENTED_EDGE('',*,*,#1719,.F.);
#474=ORIENTED_EDGE('',*,*,#1720,.F.);
#475=ORIENTED_EDGE('',*,*,#1721,.F.);
#476=ORIENTED_EDGE('',*,*,#1722,.F.);
#477=ORIENTED_EDGE('',*,*,#1723,.F.);
#478=ORIENTED_EDGE('',*,*,#1724,.F.);
#479=ORIENTED_EDGE('',*,*,#1725,.F.);
#480=ORIENTED_EDGE('',*,*,#1726,.F.);
#481=ORIENTED_EDGE('',*,*,#1727,.F.);
#482=ORIENTED_EDGE('',*,*,#1728,.F.);
#483=ORIENTED_EDGE('',*,*,#1729,.F.);
#484=ORIENTED_EDGE('',*,*,#1730,.F.);
#485=ORIENTED_EDGE('',*,*,#1731,.F.);
#486=ORIENTED_EDGE('',*,*,#1732,.F.);
#487=ORIENTED_EDGE('',*,*,#1733,.F.);
#488=ORIENTED_EDGE('',*,*,#1734,.F.);
#489=ORIENTED_EDGE('',*,*,#1735,.F.);
#490=ORIENTED_EDGE('',*,*,#1736,.F.);
#491=ORIENTED_EDGE('',*,*,#1737,.F.);
#492=ORIENTED_EDGE('',*,*,#1738,.F.);
#493=ORIENTED_EDGE('',*,*,#1739,.F.);
#494=ORIENTED_EDGE('',*,*,#1740,.F.);
#495=ORIENTED_EDGE('',*,*,#1741,.F.);
#496=ORIENTED_EDGE('',*,*,#1742,.F.);
#497=ORIENTED_EDGE('',*,*,#1743,.F.);
#498=ORIENTED_EDGE('',*,*,#1744,.F.);
#499=ORIENTED_EDGE('',*,*,#1745,.F.);
#500=ORIENTED_EDGE('',*,*,#1746,.F.);
#501=ORIENTED_EDGE('',*,*,#1747,.F.);
#502=ORIENTED_EDGE('',*,*,#1748,.F.);
#503=ORIENTED_EDGE('',*,*,#1749,.F.);
#504=ORIENTED_EDGE('',*,*,#1750,.F.);
#505=ORIENTED_EDGE('',*,*,#1751,.F.);
#506=ORIENTED_EDGE('',*,*,#1752,.F.);
#507=ORIENTED_EDGE('',*,*,#1753,.F.);
#508=ORIENTED_EDGE('',*,*,#1754,.F.);
#509=ORIENTED_EDGE('',*,*,#1755,.F.);
#510=ORIENTED_EDGE('',*,*,#1756,.F.);
#511=ORIENTED_EDGE('',*,*,#1757,.F.);
#512=ORIENTED_EDGE('',*,*,#1758,.F.);
#513=ORIENTED_EDGE('',*,*,#1759,.F.);
#514=ORIENTED_EDGE('',*,*,#1760,.F.);
#515=ORIENTED_EDGE('',*,*,#1761,.F.);
#516=ORIENTED_EDGE('',*,*,#1762,.F.);
#517=ORIENTED_EDGE('',*,*,#1763,.F.);
#518=ORIENTED_EDGE('',*,*,#1764,.F.);
#519=ORIENTED_EDGE('',*,*,#1765,.F.);
#520=ORIENTED_EDGE('',*,*,#1766,.F.);
#521=ORIENTED_EDGE('',*,*,#1767,.F.);
#522=ORIENTED_EDGE('',*,*,#1768,.F.);
#523=ORIENTED_EDGE('',*,*,#1769,.F.);
#524=ORIENTED_EDGE('',*,*,#1770,.F.);
#525=ORIENTED_EDGE('',*,*,#1771,.F.);
#526=ORIENTED_EDGE('',*,*,#1772,.F.);
#527=ORIENTED_EDGE('',*,*,#1773,.F.);
#528=ORIENTED_EDGE('',*,*,#1774,.F.);
#529=ORIENTED_EDGE('',*,*,#1775,.F.);
#530=ORIENTED_EDGE('',*,*,#1776,.F.);
#531=ORIENTED_EDGE('',*,*,#1777,.F.);
#532=ORIENTED_EDGE('',*,*,#1778,.F.);
#533=ORIENTED_EDGE('',*,*,#1779,.F.);
#534=ORIENTED_EDGE('',*,*,#1780,.F.);
#535=ORIENTED_EDGE('',*,*,#1781,.F.);
#536=ORIENTED_EDGE('',*,*,#1782,.F.);
#537=ORIENTED_EDGE('',*,*,#1783,.F.);
#538=ORIENTED_EDGE('',*,*,#1784,.F.);
#539=ORIENTED_EDGE('',*,*,#1785,.F.);
#540=ORIENTED_EDGE('',*,*,#1786,.F.);
#541=ORIENTED_EDGE('',*,*,#1787,.F.);
#542=ORIENTED_EDGE('',*,*,#1788,.F.);
#543=ORIENTED_EDGE('',*,*,#1789,.F.);
#544=ORIENTED_EDGE('',*,*,#1790,.F.);
#545=ORIENTED_EDGE('',*,*,#1791,.F.);
#546=ORIENTED_EDGE('',*,*,#1792,.F.);
#547=ORIENTED_EDGE('',*,*,#1793,.F.);
#548=ORIENTED_EDGE('',*,*,#1794,.F.);
#549=ORIENTED_EDGE('',*,*,#1795,.F.);
#550=ORIENTED_EDGE('',*,*,#1796,.F.);
#551=ORIENTED_EDGE('',*,*,#1797,.F.);
#552=ORIENTED_EDGE('',*,*,#1798,.F.);
#553=ORIENTED_EDGE('',*,*,#1799,.F.);
#554=ORIENTED_EDGE('',*,*,#1800,.F.);
#555=ORIENTED_EDGE('',*,*,#1801,.F.);
#556=ORIENTED_EDGE('',*,*,#1802,.F.);
#557=ORIENTED_EDGE('',*,*,#1803,.F.);
#558=ORIENTED_EDGE('',*,*,#1804,.F.);
#559=ORIENTED_EDGE('',*,*,#1805,.T.);
#560=ORIENTED_EDGE('',*,*,#1806,.T.);
#561=ORIENTED_EDGE('',*,*,#1807,.T.);
#562=ORIENTED_EDGE('',*,*,#1808,.T.);
#563=ORIENTED_EDGE('',*,*,#1809,.T.);
#564=ORIENTED_EDGE('',*,*,#1810,.T.);
#565=ORIENTED_EDGE('',*,*,#1811,.T.);
#566=ORIENTED_EDGE('',*,*,#1812,.T.);
#567=ORIENTED_EDGE('',*,*,#1813,.T.);
#568=ORIENTED_EDGE('',*,*,#1814,.T.);
#569=ORIENTED_EDGE('',*,*,#1815,.T.);
#570=ORIENTED_EDGE('',*,*,#1816,.T.);
#571=ORIENTED_EDGE('',*,*,#1817,.T.);
#572=ORIENTED_EDGE('',*,*,#1818,.T.);
#573=ORIENTED_EDGE('',*,*,#1819,.T.);
#574=ORIENTED_EDGE('',*,*,#1820,.T.);
#575=ORIENTED_EDGE('',*,*,#1821,.T.);
#576=ORIENTED_EDGE('',*,*,#1822,.T.);
#577=ORIENTED_EDGE('',*,*,#1823,.T.);
#578=ORIENTED_EDGE('',*,*,#1824,.T.);
#579=ORIENTED_EDGE('',*,*,#1825,.T.);
#580=ORIENTED_EDGE('',*,*,#1826,.F.);
#581=ORIENTED_EDGE('',*,*,#1827,.T.);
#582=ORIENTED_EDGE('',*,*,#1828,.F.);
#583=ORIENTED_EDGE('',*,*,#1829,.F.);
#584=ORIENTED_EDGE('',*,*,#1830,.F.);
#585=ORIENTED_EDGE('',*,*,#1831,.T.);
#586=ORIENTED_EDGE('',*,*,#1832,.F.);
#587=ORIENTED_EDGE('',*,*,#1833,.F.);
#588=ORIENTED_EDGE('',*,*,#1834,.F.);
#589=ORIENTED_EDGE('',*,*,#1835,.T.);
#590=ORIENTED_EDGE('',*,*,#1836,.T.);
#591=ORIENTED_EDGE('',*,*,#1837,.T.);
#592=ORIENTED_EDGE('',*,*,#1838,.T.);
#593=ORIENTED_EDGE('',*,*,#1839,.T.);
#594=ORIENTED_EDGE('',*,*,#1840,.T.);
#595=ORIENTED_EDGE('',*,*,#1841,.T.);
#596=ORIENTED_EDGE('',*,*,#1842,.T.);
#597=ORIENTED_EDGE('',*,*,#1843,.T.);
#598=ORIENTED_EDGE('',*,*,#1844,.T.);
#599=ORIENTED_EDGE('',*,*,#1845,.T.);
#600=ORIENTED_EDGE('',*,*,#1846,.T.);
#601=ORIENTED_EDGE('',*,*,#1847,.T.);
#602=ORIENTED_EDGE('',*,*,#1848,.T.);
#603=ORIENTED_EDGE('',*,*,#1849,.T.);
#604=ORIENTED_EDGE('',*,*,#1850,.T.);
#605=ORIENTED_EDGE('',*,*,#1851,.T.);
#606=ORIENTED_EDGE('',*,*,#1852,.T.);
#607=ORIENTED_EDGE('',*,*,#1853,.T.);
#608=ORIENTED_EDGE('',*,*,#1854,.T.);
#609=ORIENTED_EDGE('',*,*,#1855,.F.);
#610=ORIENTED_EDGE('',*,*,#1532,.T.);
#611=ORIENTED_EDGE('',*,*,#1856,.T.);
#612=ORIENTED_EDGE('',*,*,#1700,.F.);
#613=ORIENTED_EDGE('',*,*,#1857,.F.);
#614=ORIENTED_EDGE('',*,*,#1858,.F.);
#615=ORIENTED_EDGE('',*,*,#1859,.F.);
#616=ORIENTED_EDGE('',*,*,#1697,.F.);
#617=ORIENTED_EDGE('',*,*,#1860,.F.);
#618=ORIENTED_EDGE('',*,*,#1861,.F.);
#619=ORIENTED_EDGE('',*,*,#1862,.F.);
#620=ORIENTED_EDGE('',*,*,#1863,.F.);
#621=ORIENTED_EDGE('',*,*,#1864,.F.);
#622=ORIENTED_EDGE('',*,*,#1865,.F.);
#623=ORIENTED_EDGE('',*,*,#1866,.F.);
#624=ORIENTED_EDGE('',*,*,#1867,.F.);
#625=ORIENTED_EDGE('',*,*,#1868,.F.);
#626=ORIENTED_EDGE('',*,*,#1869,.F.);
#627=ORIENTED_EDGE('',*,*,#1870,.F.);
#628=ORIENTED_EDGE('',*,*,#1871,.F.);
#629=ORIENTED_EDGE('',*,*,#1872,.F.);
#630=ORIENTED_EDGE('',*,*,#1873,.F.);
#631=ORIENTED_EDGE('',*,*,#1874,.F.);
#632=ORIENTED_EDGE('',*,*,#1875,.F.);
#633=ORIENTED_EDGE('',*,*,#1876,.F.);
#634=ORIENTED_EDGE('',*,*,#1877,.F.);
#635=ORIENTED_EDGE('',*,*,#1878,.F.);
#636=ORIENTED_EDGE('',*,*,#1879,.T.);
#637=ORIENTED_EDGE('',*,*,#1826,.T.);
#638=ORIENTED_EDGE('',*,*,#1880,.T.);
#639=ORIENTED_EDGE('',*,*,#1881,.T.);
#640=ORIENTED_EDGE('',*,*,#1882,.T.);
#641=ORIENTED_EDGE('',*,*,#1834,.T.);
#642=ORIENTED_EDGE('',*,*,#1883,.F.);
#643=ORIENTED_EDGE('',*,*,#1884,.T.);
#644=ORIENTED_EDGE('',*,*,#1885,.T.);
#645=ORIENTED_EDGE('',*,*,#1886,.T.);
#646=ORIENTED_EDGE('',*,*,#1887,.T.);
#647=ORIENTED_EDGE('',*,*,#1888,.T.);
#648=ORIENTED_EDGE('',*,*,#1889,.T.);
#649=ORIENTED_EDGE('',*,*,#1890,.T.);
#650=ORIENTED_EDGE('',*,*,#1891,.T.);
#651=ORIENTED_EDGE('',*,*,#1892,.T.);
#652=ORIENTED_EDGE('',*,*,#1893,.T.);
#653=ORIENTED_EDGE('',*,*,#1894,.T.);
#654=ORIENTED_EDGE('',*,*,#1895,.T.);
#655=ORIENTED_EDGE('',*,*,#1896,.T.);
#656=ORIENTED_EDGE('',*,*,#1897,.T.);
#657=ORIENTED_EDGE('',*,*,#1898,.T.);
#658=ORIENTED_EDGE('',*,*,#1899,.T.);
#659=ORIENTED_EDGE('',*,*,#1900,.T.);
#660=ORIENTED_EDGE('',*,*,#1901,.T.);
#661=ORIENTED_EDGE('',*,*,#1902,.F.);
#662=ORIENTED_EDGE('',*,*,#1617,.F.);
#663=ORIENTED_EDGE('',*,*,#1903,.T.);
#664=ORIENTED_EDGE('',*,*,#1904,.T.);
#665=ORIENTED_EDGE('',*,*,#1905,.F.);
#666=ORIENTED_EDGE('',*,*,#1624,.F.);
#667=ORIENTED_EDGE('',*,*,#1906,.T.);
#668=ORIENTED_EDGE('',*,*,#1670,.F.);
#669=ORIENTED_EDGE('',*,*,#1907,.T.);
#670=ORIENTED_EDGE('',*,*,#1908,.T.);
#671=ORIENTED_EDGE('',*,*,#1909,.T.);
#672=ORIENTED_EDGE('',*,*,#1910,.T.);
#673=ORIENTED_EDGE('',*,*,#1911,.T.);
#674=ORIENTED_EDGE('',*,*,#1912,.T.);
#675=ORIENTED_EDGE('',*,*,#1913,.T.);
#676=ORIENTED_EDGE('',*,*,#1914,.T.);
#677=ORIENTED_EDGE('',*,*,#1915,.T.);
#678=ORIENTED_EDGE('',*,*,#1916,.T.);
#679=ORIENTED_EDGE('',*,*,#1917,.T.);
#680=ORIENTED_EDGE('',*,*,#1918,.T.);
#681=ORIENTED_EDGE('',*,*,#1919,.T.);
#682=ORIENTED_EDGE('',*,*,#1920,.T.);
#683=ORIENTED_EDGE('',*,*,#1921,.T.);
#684=ORIENTED_EDGE('',*,*,#1922,.T.);
#685=ORIENTED_EDGE('',*,*,#1923,.T.);
#686=ORIENTED_EDGE('',*,*,#1924,.T.);
#687=ORIENTED_EDGE('',*,*,#1828,.T.);
#688=ORIENTED_EDGE('',*,*,#1925,.T.);
#689=ORIENTED_EDGE('',*,*,#1878,.T.);
#690=ORIENTED_EDGE('',*,*,#1926,.F.);
#691=ORIENTED_EDGE('',*,*,#1832,.T.);
#692=ORIENTED_EDGE('',*,*,#1927,.T.);
#693=ORIENTED_EDGE('',*,*,#1928,.F.);
#694=ORIENTED_EDGE('',*,*,#1929,.F.);
#695=ORIENTED_EDGE('',*,*,#1930,.T.);
#696=ORIENTED_EDGE('',*,*,#1651,.T.);
#697=ORIENTED_EDGE('',*,*,#1931,.F.);
#698=ORIENTED_EDGE('',*,*,#1644,.F.);
#699=ORIENTED_EDGE('',*,*,#1931,.T.);
#700=ORIENTED_EDGE('',*,*,#1653,.T.);
#701=ORIENTED_EDGE('',*,*,#1932,.F.);
#702=ORIENTED_EDGE('',*,*,#1645,.F.);
#703=ORIENTED_EDGE('',*,*,#1932,.T.);
#704=ORIENTED_EDGE('',*,*,#1652,.T.);
#705=ORIENTED_EDGE('',*,*,#1930,.F.);
#706=ORIENTED_EDGE('',*,*,#1643,.F.);
#707=ORIENTED_EDGE('',*,*,#1933,.T.);
#708=ORIENTED_EDGE('',*,*,#1654,.T.);
#709=ORIENTED_EDGE('',*,*,#1934,.F.);
#710=ORIENTED_EDGE('',*,*,#1641,.F.);
#711=ORIENTED_EDGE('',*,*,#1934,.T.);
#712=ORIENTED_EDGE('',*,*,#1656,.T.);
#713=ORIENTED_EDGE('',*,*,#1935,.F.);
#714=ORIENTED_EDGE('',*,*,#1642,.F.);
#715=ORIENTED_EDGE('',*,*,#1935,.T.);
#716=ORIENTED_EDGE('',*,*,#1655,.T.);
#717=ORIENTED_EDGE('',*,*,#1933,.F.);
#718=ORIENTED_EDGE('',*,*,#1640,.F.);
#719=ORIENTED_EDGE('',*,*,#1936,.T.);
#720=ORIENTED_EDGE('',*,*,#1657,.T.);
#721=ORIENTED_EDGE('',*,*,#1937,.F.);
#722=ORIENTED_EDGE('',*,*,#1638,.F.);
#723=ORIENTED_EDGE('',*,*,#1937,.T.);
#724=ORIENTED_EDGE('',*,*,#1659,.T.);
#725=ORIENTED_EDGE('',*,*,#1938,.F.);
#726=ORIENTED_EDGE('',*,*,#1639,.F.);
#727=ORIENTED_EDGE('',*,*,#1938,.T.);
#728=ORIENTED_EDGE('',*,*,#1658,.T.);
#729=ORIENTED_EDGE('',*,*,#1936,.F.);
#730=ORIENTED_EDGE('',*,*,#1637,.F.);
#731=ORIENTED_EDGE('',*,*,#1939,.T.);
#732=ORIENTED_EDGE('',*,*,#1660,.T.);
#733=ORIENTED_EDGE('',*,*,#1940,.F.);
#734=ORIENTED_EDGE('',*,*,#1635,.F.);
#735=ORIENTED_EDGE('',*,*,#1940,.T.);
#736=ORIENTED_EDGE('',*,*,#1662,.T.);
#737=ORIENTED_EDGE('',*,*,#1941,.F.);
#738=ORIENTED_EDGE('',*,*,#1636,.F.);
#739=ORIENTED_EDGE('',*,*,#1941,.T.);
#740=ORIENTED_EDGE('',*,*,#1661,.T.);
#741=ORIENTED_EDGE('',*,*,#1939,.F.);
#742=ORIENTED_EDGE('',*,*,#1634,.F.);
#743=ORIENTED_EDGE('',*,*,#1942,.T.);
#744=ORIENTED_EDGE('',*,*,#1663,.T.);
#745=ORIENTED_EDGE('',*,*,#1943,.F.);
#746=ORIENTED_EDGE('',*,*,#1632,.F.);
#747=ORIENTED_EDGE('',*,*,#1943,.T.);
#748=ORIENTED_EDGE('',*,*,#1665,.T.);
#749=ORIENTED_EDGE('',*,*,#1944,.F.);
#750=ORIENTED_EDGE('',*,*,#1633,.F.);
#751=ORIENTED_EDGE('',*,*,#1944,.T.);
#752=ORIENTED_EDGE('',*,*,#1664,.T.);
#753=ORIENTED_EDGE('',*,*,#1942,.F.);
#754=ORIENTED_EDGE('',*,*,#1631,.F.);
#755=ORIENTED_EDGE('',*,*,#1945,.T.);
#756=ORIENTED_EDGE('',*,*,#1666,.T.);
#757=ORIENTED_EDGE('',*,*,#1946,.F.);
#758=ORIENTED_EDGE('',*,*,#1629,.F.);
#759=ORIENTED_EDGE('',*,*,#1946,.T.);
#760=ORIENTED_EDGE('',*,*,#1668,.T.);
#761=ORIENTED_EDGE('',*,*,#1947,.F.);
#762=ORIENTED_EDGE('',*,*,#1630,.F.);
#763=ORIENTED_EDGE('',*,*,#1947,.T.);
#764=ORIENTED_EDGE('',*,*,#1667,.T.);
#765=ORIENTED_EDGE('',*,*,#1945,.F.);
#766=ORIENTED_EDGE('',*,*,#1628,.F.);
#767=ORIENTED_EDGE('',*,*,#1948,.T.);
#768=ORIENTED_EDGE('',*,*,#1860,.T.);
#769=ORIENTED_EDGE('',*,*,#1949,.F.);
#770=ORIENTED_EDGE('',*,*,#1853,.F.);
#771=ORIENTED_EDGE('',*,*,#1949,.T.);
#772=ORIENTED_EDGE('',*,*,#1862,.T.);
#773=ORIENTED_EDGE('',*,*,#1950,.F.);
#774=ORIENTED_EDGE('',*,*,#1854,.F.);
#775=ORIENTED_EDGE('',*,*,#1950,.T.);
#776=ORIENTED_EDGE('',*,*,#1861,.T.);
#777=ORIENTED_EDGE('',*,*,#1948,.F.);
#778=ORIENTED_EDGE('',*,*,#1852,.F.);
#779=ORIENTED_EDGE('',*,*,#1951,.T.);
#780=ORIENTED_EDGE('',*,*,#1863,.T.);
#781=ORIENTED_EDGE('',*,*,#1952,.F.);
#782=ORIENTED_EDGE('',*,*,#1850,.F.);
#783=ORIENTED_EDGE('',*,*,#1952,.T.);
#784=ORIENTED_EDGE('',*,*,#1865,.T.);
#785=ORIENTED_EDGE('',*,*,#1953,.F.);
#786=ORIENTED_EDGE('',*,*,#1851,.F.);
#787=ORIENTED_EDGE('',*,*,#1953,.T.);
#788=ORIENTED_EDGE('',*,*,#1864,.T.);
#789=ORIENTED_EDGE('',*,*,#1951,.F.);
#790=ORIENTED_EDGE('',*,*,#1849,.F.);
#791=ORIENTED_EDGE('',*,*,#1954,.T.);
#792=ORIENTED_EDGE('',*,*,#1866,.T.);
#793=ORIENTED_EDGE('',*,*,#1955,.F.);
#794=ORIENTED_EDGE('',*,*,#1847,.F.);
#795=ORIENTED_EDGE('',*,*,#1955,.T.);
#796=ORIENTED_EDGE('',*,*,#1868,.T.);
#797=ORIENTED_EDGE('',*,*,#1956,.F.);
#798=ORIENTED_EDGE('',*,*,#1848,.F.);
#799=ORIENTED_EDGE('',*,*,#1956,.T.);
#800=ORIENTED_EDGE('',*,*,#1867,.T.);
#801=ORIENTED_EDGE('',*,*,#1954,.F.);
#802=ORIENTED_EDGE('',*,*,#1846,.F.);
#803=ORIENTED_EDGE('',*,*,#1957,.T.);
#804=ORIENTED_EDGE('',*,*,#1869,.T.);
#805=ORIENTED_EDGE('',*,*,#1958,.F.);
#806=ORIENTED_EDGE('',*,*,#1844,.F.);
#807=ORIENTED_EDGE('',*,*,#1958,.T.);
#808=ORIENTED_EDGE('',*,*,#1871,.T.);
#809=ORIENTED_EDGE('',*,*,#1959,.F.);
#810=ORIENTED_EDGE('',*,*,#1845,.F.);
#811=ORIENTED_EDGE('',*,*,#1959,.T.);
#812=ORIENTED_EDGE('',*,*,#1870,.T.);
#813=ORIENTED_EDGE('',*,*,#1957,.F.);
#814=ORIENTED_EDGE('',*,*,#1843,.F.);
#815=ORIENTED_EDGE('',*,*,#1960,.T.);
#816=ORIENTED_EDGE('',*,*,#1872,.T.);
#817=ORIENTED_EDGE('',*,*,#1961,.F.);
#818=ORIENTED_EDGE('',*,*,#1841,.F.);
#819=ORIENTED_EDGE('',*,*,#1961,.T.);
#820=ORIENTED_EDGE('',*,*,#1874,.T.);
#821=ORIENTED_EDGE('',*,*,#1962,.F.);
#822=ORIENTED_EDGE('',*,*,#1842,.F.);
#823=ORIENTED_EDGE('',*,*,#1962,.T.);
#824=ORIENTED_EDGE('',*,*,#1873,.T.);
#825=ORIENTED_EDGE('',*,*,#1960,.F.);
#826=ORIENTED_EDGE('',*,*,#1840,.F.);
#827=ORIENTED_EDGE('',*,*,#1963,.T.);
#828=ORIENTED_EDGE('',*,*,#1899,.F.);
#829=ORIENTED_EDGE('',*,*,#1964,.F.);
#830=ORIENTED_EDGE('',*,*,#1908,.F.);
#831=ORIENTED_EDGE('',*,*,#1964,.T.);
#832=ORIENTED_EDGE('',*,*,#1901,.F.);
#833=ORIENTED_EDGE('',*,*,#1965,.F.);
#834=ORIENTED_EDGE('',*,*,#1909,.F.);
#835=ORIENTED_EDGE('',*,*,#1965,.T.);
#836=ORIENTED_EDGE('',*,*,#1900,.F.);
#837=ORIENTED_EDGE('',*,*,#1963,.F.);
#838=ORIENTED_EDGE('',*,*,#1907,.F.);
#839=ORIENTED_EDGE('',*,*,#1966,.T.);
#840=ORIENTED_EDGE('',*,*,#1896,.F.);
#841=ORIENTED_EDGE('',*,*,#1967,.F.);
#842=ORIENTED_EDGE('',*,*,#1911,.F.);
#843=ORIENTED_EDGE('',*,*,#1967,.T.);
#844=ORIENTED_EDGE('',*,*,#1898,.F.);
#845=ORIENTED_EDGE('',*,*,#1968,.F.);
#846=ORIENTED_EDGE('',*,*,#1912,.F.);
#847=ORIENTED_EDGE('',*,*,#1968,.T.);
#848=ORIENTED_EDGE('',*,*,#1897,.F.);
#849=ORIENTED_EDGE('',*,*,#1966,.F.);
#850=ORIENTED_EDGE('',*,*,#1910,.F.);
#851=ORIENTED_EDGE('',*,*,#1969,.T.);
#852=ORIENTED_EDGE('',*,*,#1893,.F.);
#853=ORIENTED_EDGE('',*,*,#1970,.F.);
#854=ORIENTED_EDGE('',*,*,#1914,.F.);
#855=ORIENTED_EDGE('',*,*,#1970,.T.);
#856=ORIENTED_EDGE('',*,*,#1895,.F.);
#857=ORIENTED_EDGE('',*,*,#1971,.F.);
#858=ORIENTED_EDGE('',*,*,#1915,.F.);
#859=ORIENTED_EDGE('',*,*,#1971,.T.);
#860=ORIENTED_EDGE('',*,*,#1894,.F.);
#861=ORIENTED_EDGE('',*,*,#1969,.F.);
#862=ORIENTED_EDGE('',*,*,#1913,.F.);
#863=ORIENTED_EDGE('',*,*,#1972,.T.);
#864=ORIENTED_EDGE('',*,*,#1890,.F.);
#865=ORIENTED_EDGE('',*,*,#1973,.F.);
#866=ORIENTED_EDGE('',*,*,#1917,.F.);
#867=ORIENTED_EDGE('',*,*,#1973,.T.);
#868=ORIENTED_EDGE('',*,*,#1892,.F.);
#869=ORIENTED_EDGE('',*,*,#1974,.F.);
#870=ORIENTED_EDGE('',*,*,#1918,.F.);
#871=ORIENTED_EDGE('',*,*,#1974,.T.);
#872=ORIENTED_EDGE('',*,*,#1891,.F.);
#873=ORIENTED_EDGE('',*,*,#1972,.F.);
#874=ORIENTED_EDGE('',*,*,#1916,.F.);
#875=ORIENTED_EDGE('',*,*,#1975,.T.);
#876=ORIENTED_EDGE('',*,*,#1887,.F.);
#877=ORIENTED_EDGE('',*,*,#1976,.F.);
#878=ORIENTED_EDGE('',*,*,#1920,.F.);
#879=ORIENTED_EDGE('',*,*,#1976,.T.);
#880=ORIENTED_EDGE('',*,*,#1889,.F.);
#881=ORIENTED_EDGE('',*,*,#1977,.F.);
#882=ORIENTED_EDGE('',*,*,#1921,.F.);
#883=ORIENTED_EDGE('',*,*,#1977,.T.);
#884=ORIENTED_EDGE('',*,*,#1888,.F.);
#885=ORIENTED_EDGE('',*,*,#1975,.F.);
#886=ORIENTED_EDGE('',*,*,#1919,.F.);
#887=ORIENTED_EDGE('',*,*,#1978,.T.);
#888=ORIENTED_EDGE('',*,*,#1884,.F.);
#889=ORIENTED_EDGE('',*,*,#1979,.F.);
#890=ORIENTED_EDGE('',*,*,#1923,.F.);
#891=ORIENTED_EDGE('',*,*,#1979,.T.);
#892=ORIENTED_EDGE('',*,*,#1886,.F.);
#893=ORIENTED_EDGE('',*,*,#1980,.F.);
#894=ORIENTED_EDGE('',*,*,#1924,.F.);
#895=ORIENTED_EDGE('',*,*,#1980,.T.);
#896=ORIENTED_EDGE('',*,*,#1885,.F.);
#897=ORIENTED_EDGE('',*,*,#1978,.F.);
#898=ORIENTED_EDGE('',*,*,#1922,.F.);
#899=ORIENTED_EDGE('',*,*,#1981,.T.);
#900=ORIENTED_EDGE('',*,*,#1555,.F.);
#901=ORIENTED_EDGE('',*,*,#1982,.F.);
#902=ORIENTED_EDGE('',*,*,#1515,.F.);
#903=ORIENTED_EDGE('',*,*,#1982,.T.);
#904=ORIENTED_EDGE('',*,*,#1557,.F.);
#905=ORIENTED_EDGE('',*,*,#1983,.F.);
#906=ORIENTED_EDGE('',*,*,#1516,.F.);
#907=ORIENTED_EDGE('',*,*,#1983,.T.);
#908=ORIENTED_EDGE('',*,*,#1556,.F.);
#909=ORIENTED_EDGE('',*,*,#1981,.F.);
#910=ORIENTED_EDGE('',*,*,#1514,.F.);
#911=ORIENTED_EDGE('',*,*,#1984,.T.);
#912=ORIENTED_EDGE('',*,*,#1552,.F.);
#913=ORIENTED_EDGE('',*,*,#1985,.F.);
#914=ORIENTED_EDGE('',*,*,#1518,.F.);
#915=ORIENTED_EDGE('',*,*,#1985,.T.);
#916=ORIENTED_EDGE('',*,*,#1554,.F.);
#917=ORIENTED_EDGE('',*,*,#1986,.F.);
#918=ORIENTED_EDGE('',*,*,#1519,.F.);
#919=ORIENTED_EDGE('',*,*,#1986,.T.);
#920=ORIENTED_EDGE('',*,*,#1553,.F.);
#921=ORIENTED_EDGE('',*,*,#1984,.F.);
#922=ORIENTED_EDGE('',*,*,#1517,.F.);
#923=ORIENTED_EDGE('',*,*,#1987,.T.);
#924=ORIENTED_EDGE('',*,*,#1549,.F.);
#925=ORIENTED_EDGE('',*,*,#1988,.F.);
#926=ORIENTED_EDGE('',*,*,#1521,.F.);
#927=ORIENTED_EDGE('',*,*,#1988,.T.);
#928=ORIENTED_EDGE('',*,*,#1551,.F.);
#929=ORIENTED_EDGE('',*,*,#1989,.F.);
#930=ORIENTED_EDGE('',*,*,#1522,.F.);
#931=ORIENTED_EDGE('',*,*,#1989,.T.);
#932=ORIENTED_EDGE('',*,*,#1550,.F.);
#933=ORIENTED_EDGE('',*,*,#1987,.F.);
#934=ORIENTED_EDGE('',*,*,#1520,.F.);
#935=ORIENTED_EDGE('',*,*,#1990,.T.);
#936=ORIENTED_EDGE('',*,*,#1546,.F.);
#937=ORIENTED_EDGE('',*,*,#1991,.F.);
#938=ORIENTED_EDGE('',*,*,#1524,.F.);
#939=ORIENTED_EDGE('',*,*,#1991,.T.);
#940=ORIENTED_EDGE('',*,*,#1548,.F.);
#941=ORIENTED_EDGE('',*,*,#1992,.F.);
#942=ORIENTED_EDGE('',*,*,#1525,.F.);
#943=ORIENTED_EDGE('',*,*,#1992,.T.);
#944=ORIENTED_EDGE('',*,*,#1547,.F.);
#945=ORIENTED_EDGE('',*,*,#1990,.F.);
#946=ORIENTED_EDGE('',*,*,#1523,.F.);
#947=ORIENTED_EDGE('',*,*,#1993,.T.);
#948=ORIENTED_EDGE('',*,*,#1543,.F.);
#949=ORIENTED_EDGE('',*,*,#1994,.F.);
#950=ORIENTED_EDGE('',*,*,#1527,.F.);
#951=ORIENTED_EDGE('',*,*,#1994,.T.);
#952=ORIENTED_EDGE('',*,*,#1545,.F.);
#953=ORIENTED_EDGE('',*,*,#1995,.F.);
#954=ORIENTED_EDGE('',*,*,#1528,.F.);
#955=ORIENTED_EDGE('',*,*,#1995,.T.);
#956=ORIENTED_EDGE('',*,*,#1544,.F.);
#957=ORIENTED_EDGE('',*,*,#1993,.F.);
#958=ORIENTED_EDGE('',*,*,#1526,.F.);
#959=ORIENTED_EDGE('',*,*,#1625,.F.);
#960=ORIENTED_EDGE('',*,*,#1905,.T.);
#961=ORIENTED_EDGE('',*,*,#1996,.F.);
#962=ORIENTED_EDGE('',*,*,#1927,.F.);
#963=ORIENTED_EDGE('',*,*,#1831,.F.);
#964=ORIENTED_EDGE('',*,*,#1997,.F.);
#965=ORIENTED_EDGE('',*,*,#1706,.T.);
#966=ORIENTED_EDGE('',*,*,#1998,.T.);
#967=ORIENTED_EDGE('',*,*,#1903,.F.);
#968=ORIENTED_EDGE('',*,*,#1627,.T.);
#969=ORIENTED_EDGE('',*,*,#1999,.F.);
#970=ORIENTED_EDGE('',*,*,#1708,.F.);
#971=ORIENTED_EDGE('',*,*,#2000,.T.);
#972=ORIENTED_EDGE('',*,*,#1829,.T.);
#973=ORIENTED_EDGE('',*,*,#1929,.T.);
#974=ORIENTED_EDGE('',*,*,#2001,.T.);
#975=ORIENTED_EDGE('',*,*,#1833,.T.);
#976=ORIENTED_EDGE('',*,*,#1926,.T.);
#977=ORIENTED_EDGE('',*,*,#1883,.T.);
#978=ORIENTED_EDGE('',*,*,#1856,.F.);
#979=ORIENTED_EDGE('',*,*,#1539,.T.);
#980=ORIENTED_EDGE('',*,*,#1701,.T.);
#981=ORIENTED_EDGE('',*,*,#2002,.T.);
#982=ORIENTED_EDGE('',*,*,#1562,.T.);
#983=ORIENTED_EDGE('',*,*,#1591,.F.);
#984=ORIENTED_EDGE('',*,*,#2003,.F.);
#985=ORIENTED_EDGE('',*,*,#1710,.T.);
#986=ORIENTED_EDGE('',*,*,#2004,.T.);
#987=ORIENTED_EDGE('',*,*,#1702,.F.);
#988=ORIENTED_EDGE('',*,*,#1537,.F.);
#989=ORIENTED_EDGE('',*,*,#1564,.F.);
#990=ORIENTED_EDGE('',*,*,#2005,.F.);
#991=ORIENTED_EDGE('',*,*,#1535,.T.);
#992=ORIENTED_EDGE('',*,*,#1704,.T.);
#993=ORIENTED_EDGE('',*,*,#2006,.F.);
#994=ORIENTED_EDGE('',*,*,#1712,.F.);
#995=ORIENTED_EDGE('',*,*,#2007,.T.);
#996=ORIENTED_EDGE('',*,*,#1589,.T.);
#997=ORIENTED_EDGE('',*,*,#1830,.T.);
#998=ORIENTED_EDGE('',*,*,#2000,.F.);
#999=ORIENTED_EDGE('',*,*,#1707,.F.);
#1000=ORIENTED_EDGE('',*,*,#1997,.T.);
#1001=ORIENTED_EDGE('',*,*,#1998,.F.);
#1002=ORIENTED_EDGE('',*,*,#1709,.T.);
#1003=ORIENTED_EDGE('',*,*,#1999,.T.);
#1004=ORIENTED_EDGE('',*,*,#1626,.F.);
#1005=ORIENTED_EDGE('',*,*,#2008,.T.);
#1006=ORIENTED_EDGE('',*,*,#2009,.T.);
#1007=ORIENTED_EDGE('',*,*,#1647,.T.);
#1008=ORIENTED_EDGE('',*,*,#1595,.F.);
#1009=ORIENTED_EDGE('',*,*,#2010,.F.);
#1010=ORIENTED_EDGE('',*,*,#1756,.T.);
#1011=ORIENTED_EDGE('',*,*,#1674,.F.);
#1012=ORIENTED_EDGE('',*,*,#2011,.T.);
#1013=ORIENTED_EDGE('',*,*,#2008,.F.);
#1014=ORIENTED_EDGE('',*,*,#1758,.T.);
#1015=ORIENTED_EDGE('',*,*,#2012,.T.);
#1016=ORIENTED_EDGE('',*,*,#1620,.F.);
#1017=ORIENTED_EDGE('',*,*,#1594,.F.);
#1018=ORIENTED_EDGE('',*,*,#1649,.T.);
#1019=ORIENTED_EDGE('',*,*,#2013,.T.);
#1020=ORIENTED_EDGE('',*,*,#1672,.F.);
#1021=ORIENTED_EDGE('',*,*,#1621,.F.);
#1022=ORIENTED_EDGE('',*,*,#2012,.F.);
#1023=ORIENTED_EDGE('',*,*,#1757,.T.);
#1024=ORIENTED_EDGE('',*,*,#2010,.T.);
#1025=ORIENTED_EDGE('',*,*,#1906,.F.);
#1026=ORIENTED_EDGE('',*,*,#1623,.T.);
#1027=ORIENTED_EDGE('',*,*,#1671,.T.);
#1028=ORIENTED_EDGE('',*,*,#1698,.F.);
#1029=ORIENTED_EDGE('',*,*,#1859,.T.);
#1030=ORIENTED_EDGE('',*,*,#2014,.F.);
#1031=ORIENTED_EDGE('',*,*,#2015,.F.);
#1032=ORIENTED_EDGE('',*,*,#1803,.T.);
#1033=ORIENTED_EDGE('',*,*,#2016,.T.);
#1034=ORIENTED_EDGE('',*,*,#2017,.F.);
#1035=ORIENTED_EDGE('',*,*,#1857,.T.);
#1036=ORIENTED_EDGE('',*,*,#1699,.F.);
#1037=ORIENTED_EDGE('',*,*,#2016,.F.);
#1038=ORIENTED_EDGE('',*,*,#1802,.T.);
#1039=ORIENTED_EDGE('',*,*,#2018,.T.);
#1040=ORIENTED_EDGE('',*,*,#1835,.F.);
#1041=ORIENTED_EDGE('',*,*,#1882,.F.);
#1042=ORIENTED_EDGE('',*,*,#1714,.T.);
#1043=ORIENTED_EDGE('',*,*,#2019,.T.);
#1044=ORIENTED_EDGE('',*,*,#1694,.F.);
#1045=ORIENTED_EDGE('',*,*,#2020,.F.);
#1046=ORIENTED_EDGE('',*,*,#1716,.T.);
#1047=ORIENTED_EDGE('',*,*,#2021,.T.);
#1048=ORIENTED_EDGE('',*,*,#1695,.F.);
#1049=ORIENTED_EDGE('',*,*,#2019,.F.);
#1050=ORIENTED_EDGE('',*,*,#1715,.T.);
#1051=ORIENTED_EDGE('',*,*,#2020,.T.);
#1052=ORIENTED_EDGE('',*,*,#1693,.F.);
#1053=ORIENTED_EDGE('',*,*,#2021,.F.);
#1054=ORIENTED_EDGE('',*,*,#1717,.T.);
#1055=ORIENTED_EDGE('',*,*,#2022,.T.);
#1056=ORIENTED_EDGE('',*,*,#1691,.F.);
#1057=ORIENTED_EDGE('',*,*,#2023,.F.);
#1058=ORIENTED_EDGE('',*,*,#1719,.T.);
#1059=ORIENTED_EDGE('',*,*,#2024,.T.);
#1060=ORIENTED_EDGE('',*,*,#1692,.F.);
#1061=ORIENTED_EDGE('',*,*,#2022,.F.);
#1062=ORIENTED_EDGE('',*,*,#1718,.T.);
#1063=ORIENTED_EDGE('',*,*,#2023,.T.);
#1064=ORIENTED_EDGE('',*,*,#1690,.F.);
#1065=ORIENTED_EDGE('',*,*,#2024,.F.);
#1066=ORIENTED_EDGE('',*,*,#1720,.T.);
#1067=ORIENTED_EDGE('',*,*,#2025,.T.);
#1068=ORIENTED_EDGE('',*,*,#1688,.F.);
#1069=ORIENTED_EDGE('',*,*,#2026,.F.);
#1070=ORIENTED_EDGE('',*,*,#1722,.T.);
#1071=ORIENTED_EDGE('',*,*,#2027,.T.);
#1072=ORIENTED_EDGE('',*,*,#1689,.F.);
#1073=ORIENTED_EDGE('',*,*,#2025,.F.);
#1074=ORIENTED_EDGE('',*,*,#1721,.T.);
#1075=ORIENTED_EDGE('',*,*,#2026,.T.);
#1076=ORIENTED_EDGE('',*,*,#1687,.F.);
#1077=ORIENTED_EDGE('',*,*,#2027,.F.);
#1078=ORIENTED_EDGE('',*,*,#1723,.T.);
#1079=ORIENTED_EDGE('',*,*,#2028,.T.);
#1080=ORIENTED_EDGE('',*,*,#1685,.F.);
#1081=ORIENTED_EDGE('',*,*,#2029,.F.);
#1082=ORIENTED_EDGE('',*,*,#1725,.T.);
#1083=ORIENTED_EDGE('',*,*,#2030,.T.);
#1084=ORIENTED_EDGE('',*,*,#1686,.F.);
#1085=ORIENTED_EDGE('',*,*,#2028,.F.);
#1086=ORIENTED_EDGE('',*,*,#1724,.T.);
#1087=ORIENTED_EDGE('',*,*,#2029,.T.);
#1088=ORIENTED_EDGE('',*,*,#1684,.F.);
#1089=ORIENTED_EDGE('',*,*,#2030,.F.);
#1090=ORIENTED_EDGE('',*,*,#1726,.T.);
#1091=ORIENTED_EDGE('',*,*,#2031,.T.);
#1092=ORIENTED_EDGE('',*,*,#1682,.F.);
#1093=ORIENTED_EDGE('',*,*,#2032,.F.);
#1094=ORIENTED_EDGE('',*,*,#1728,.T.);
#1095=ORIENTED_EDGE('',*,*,#2033,.T.);
#1096=ORIENTED_EDGE('',*,*,#1683,.F.);
#1097=ORIENTED_EDGE('',*,*,#2031,.F.);
#1098=ORIENTED_EDGE('',*,*,#1727,.T.);
#1099=ORIENTED_EDGE('',*,*,#2032,.T.);
#1100=ORIENTED_EDGE('',*,*,#1681,.F.);
#1101=ORIENTED_EDGE('',*,*,#2033,.F.);
#1102=ORIENTED_EDGE('',*,*,#1729,.T.);
#1103=ORIENTED_EDGE('',*,*,#2034,.T.);
#1104=ORIENTED_EDGE('',*,*,#1679,.F.);
#1105=ORIENTED_EDGE('',*,*,#2035,.F.);
#1106=ORIENTED_EDGE('',*,*,#1731,.T.);
#1107=ORIENTED_EDGE('',*,*,#2036,.T.);
#1108=ORIENTED_EDGE('',*,*,#1680,.F.);
#1109=ORIENTED_EDGE('',*,*,#2034,.F.);
#1110=ORIENTED_EDGE('',*,*,#1730,.T.);
#1111=ORIENTED_EDGE('',*,*,#2035,.T.);
#1112=ORIENTED_EDGE('',*,*,#1678,.F.);
#1113=ORIENTED_EDGE('',*,*,#2036,.F.);
#1114=ORIENTED_EDGE('',*,*,#1732,.T.);
#1115=ORIENTED_EDGE('',*,*,#2037,.T.);
#1116=ORIENTED_EDGE('',*,*,#1676,.F.);
#1117=ORIENTED_EDGE('',*,*,#2038,.F.);
#1118=ORIENTED_EDGE('',*,*,#1734,.T.);
#1119=ORIENTED_EDGE('',*,*,#2039,.T.);
#1120=ORIENTED_EDGE('',*,*,#1677,.F.);
#1121=ORIENTED_EDGE('',*,*,#2037,.F.);
#1122=ORIENTED_EDGE('',*,*,#1733,.T.);
#1123=ORIENTED_EDGE('',*,*,#2038,.T.);
#1124=ORIENTED_EDGE('',*,*,#1675,.F.);
#1125=ORIENTED_EDGE('',*,*,#2039,.F.);
#1126=ORIENTED_EDGE('',*,*,#1735,.T.);
#1127=ORIENTED_EDGE('',*,*,#2040,.T.);
#1128=ORIENTED_EDGE('',*,*,#1567,.F.);
#1129=ORIENTED_EDGE('',*,*,#2041,.F.);
#1130=ORIENTED_EDGE('',*,*,#1737,.T.);
#1131=ORIENTED_EDGE('',*,*,#2042,.T.);
#1132=ORIENTED_EDGE('',*,*,#1568,.F.);
#1133=ORIENTED_EDGE('',*,*,#2040,.F.);
#1134=ORIENTED_EDGE('',*,*,#1736,.T.);
#1135=ORIENTED_EDGE('',*,*,#2041,.T.);
#1136=ORIENTED_EDGE('',*,*,#1566,.F.);
#1137=ORIENTED_EDGE('',*,*,#2042,.F.);
#1138=ORIENTED_EDGE('',*,*,#1738,.T.);
#1139=ORIENTED_EDGE('',*,*,#2043,.T.);
#1140=ORIENTED_EDGE('',*,*,#1570,.F.);
#1141=ORIENTED_EDGE('',*,*,#2044,.F.);
#1142=ORIENTED_EDGE('',*,*,#1740,.T.);
#1143=ORIENTED_EDGE('',*,*,#2045,.T.);
#1144=ORIENTED_EDGE('',*,*,#1571,.F.);
#1145=ORIENTED_EDGE('',*,*,#2043,.F.);
#1146=ORIENTED_EDGE('',*,*,#1739,.T.);
#1147=ORIENTED_EDGE('',*,*,#2044,.T.);
#1148=ORIENTED_EDGE('',*,*,#1569,.F.);
#1149=ORIENTED_EDGE('',*,*,#2045,.F.);
#1150=ORIENTED_EDGE('',*,*,#1741,.T.);
#1151=ORIENTED_EDGE('',*,*,#2046,.T.);
#1152=ORIENTED_EDGE('',*,*,#1573,.F.);
#1153=ORIENTED_EDGE('',*,*,#2047,.F.);
#1154=ORIENTED_EDGE('',*,*,#1743,.T.);
#1155=ORIENTED_EDGE('',*,*,#2048,.T.);
#1156=ORIENTED_EDGE('',*,*,#1574,.F.);
#1157=ORIENTED_EDGE('',*,*,#2046,.F.);
#1158=ORIENTED_EDGE('',*,*,#1742,.T.);
#1159=ORIENTED_EDGE('',*,*,#2047,.T.);
#1160=ORIENTED_EDGE('',*,*,#1572,.F.);
#1161=ORIENTED_EDGE('',*,*,#2048,.F.);
#1162=ORIENTED_EDGE('',*,*,#1744,.T.);
#1163=ORIENTED_EDGE('',*,*,#2049,.T.);
#1164=ORIENTED_EDGE('',*,*,#1576,.F.);
#1165=ORIENTED_EDGE('',*,*,#2050,.F.);
#1166=ORIENTED_EDGE('',*,*,#1746,.T.);
#1167=ORIENTED_EDGE('',*,*,#2051,.T.);
#1168=ORIENTED_EDGE('',*,*,#1577,.F.);
#1169=ORIENTED_EDGE('',*,*,#2049,.F.);
#1170=ORIENTED_EDGE('',*,*,#1745,.T.);
#1171=ORIENTED_EDGE('',*,*,#2050,.T.);
#1172=ORIENTED_EDGE('',*,*,#1575,.F.);
#1173=ORIENTED_EDGE('',*,*,#2051,.F.);
#1174=ORIENTED_EDGE('',*,*,#1747,.T.);
#1175=ORIENTED_EDGE('',*,*,#2052,.T.);
#1176=ORIENTED_EDGE('',*,*,#1579,.F.);
#1177=ORIENTED_EDGE('',*,*,#2053,.F.);
#1178=ORIENTED_EDGE('',*,*,#1749,.T.);
#1179=ORIENTED_EDGE('',*,*,#2054,.T.);
#1180=ORIENTED_EDGE('',*,*,#1580,.F.);
#1181=ORIENTED_EDGE('',*,*,#2052,.F.);
#1182=ORIENTED_EDGE('',*,*,#1748,.T.);
#1183=ORIENTED_EDGE('',*,*,#2053,.T.);
#1184=ORIENTED_EDGE('',*,*,#1578,.F.);
#1185=ORIENTED_EDGE('',*,*,#2054,.F.);
#1186=ORIENTED_EDGE('',*,*,#1750,.T.);
#1187=ORIENTED_EDGE('',*,*,#2055,.T.);
#1188=ORIENTED_EDGE('',*,*,#1582,.F.);
#1189=ORIENTED_EDGE('',*,*,#2056,.F.);
#1190=ORIENTED_EDGE('',*,*,#1752,.T.);
#1191=ORIENTED_EDGE('',*,*,#2057,.T.);
#1192=ORIENTED_EDGE('',*,*,#1583,.F.);
#1193=ORIENTED_EDGE('',*,*,#2055,.F.);
#1194=ORIENTED_EDGE('',*,*,#1751,.T.);
#1195=ORIENTED_EDGE('',*,*,#2056,.T.);
#1196=ORIENTED_EDGE('',*,*,#1581,.F.);
#1197=ORIENTED_EDGE('',*,*,#2057,.F.);
#1198=ORIENTED_EDGE('',*,*,#1753,.T.);
#1199=ORIENTED_EDGE('',*,*,#2058,.T.);
#1200=ORIENTED_EDGE('',*,*,#1585,.F.);
#1201=ORIENTED_EDGE('',*,*,#2059,.F.);
#1202=ORIENTED_EDGE('',*,*,#1755,.T.);
#1203=ORIENTED_EDGE('',*,*,#2060,.T.);
#1204=ORIENTED_EDGE('',*,*,#1586,.F.);
#1205=ORIENTED_EDGE('',*,*,#2058,.F.);
#1206=ORIENTED_EDGE('',*,*,#1754,.T.);
#1207=ORIENTED_EDGE('',*,*,#2059,.T.);
#1208=ORIENTED_EDGE('',*,*,#1584,.F.);
#1209=ORIENTED_EDGE('',*,*,#2060,.F.);
#1210=ORIENTED_EDGE('',*,*,#1759,.T.);
#1211=ORIENTED_EDGE('',*,*,#2061,.T.);
#1212=ORIENTED_EDGE('',*,*,#1615,.F.);
#1213=ORIENTED_EDGE('',*,*,#2062,.F.);
#1214=ORIENTED_EDGE('',*,*,#1761,.T.);
#1215=ORIENTED_EDGE('',*,*,#2063,.T.);
#1216=ORIENTED_EDGE('',*,*,#1616,.F.);
#1217=ORIENTED_EDGE('',*,*,#2061,.F.);
#1218=ORIENTED_EDGE('',*,*,#1760,.T.);
#1219=ORIENTED_EDGE('',*,*,#2062,.T.);
#1220=ORIENTED_EDGE('',*,*,#1614,.F.);
#1221=ORIENTED_EDGE('',*,*,#2063,.F.);
#1222=ORIENTED_EDGE('',*,*,#1762,.T.);
#1223=ORIENTED_EDGE('',*,*,#2064,.T.);
#1224=ORIENTED_EDGE('',*,*,#1612,.F.);
#1225=ORIENTED_EDGE('',*,*,#2065,.F.);
#1226=ORIENTED_EDGE('',*,*,#1764,.T.);
#1227=ORIENTED_EDGE('',*,*,#2066,.T.);
#1228=ORIENTED_EDGE('',*,*,#1613,.F.);
#1229=ORIENTED_EDGE('',*,*,#2064,.F.);
#1230=ORIENTED_EDGE('',*,*,#1763,.T.);
#1231=ORIENTED_EDGE('',*,*,#2065,.T.);
#1232=ORIENTED_EDGE('',*,*,#1611,.F.);
#1233=ORIENTED_EDGE('',*,*,#2066,.F.);
#1234=ORIENTED_EDGE('',*,*,#1765,.T.);
#1235=ORIENTED_EDGE('',*,*,#2067,.T.);
#1236=ORIENTED_EDGE('',*,*,#1609,.F.);
#1237=ORIENTED_EDGE('',*,*,#2068,.F.);
#1238=ORIENTED_EDGE('',*,*,#1767,.T.);
#1239=ORIENTED_EDGE('',*,*,#2069,.T.);
#1240=ORIENTED_EDGE('',*,*,#1610,.F.);
#1241=ORIENTED_EDGE('',*,*,#2067,.F.);
#1242=ORIENTED_EDGE('',*,*,#1766,.T.);
#1243=ORIENTED_EDGE('',*,*,#2068,.T.);
#1244=ORIENTED_EDGE('',*,*,#1608,.F.);
#1245=ORIENTED_EDGE('',*,*,#2069,.F.);
#1246=ORIENTED_EDGE('',*,*,#1768,.T.);
#1247=ORIENTED_EDGE('',*,*,#2070,.T.);
#1248=ORIENTED_EDGE('',*,*,#1606,.F.);
#1249=ORIENTED_EDGE('',*,*,#2071,.F.);
#1250=ORIENTED_EDGE('',*,*,#1770,.T.);
#1251=ORIENTED_EDGE('',*,*,#2072,.T.);
#1252=ORIENTED_EDGE('',*,*,#1607,.F.);
#1253=ORIENTED_EDGE('',*,*,#2070,.F.);
#1254=ORIENTED_EDGE('',*,*,#1769,.T.);
#1255=ORIENTED_EDGE('',*,*,#2071,.T.);
#1256=ORIENTED_EDGE('',*,*,#1605,.F.);
#1257=ORIENTED_EDGE('',*,*,#2072,.F.);
#1258=ORIENTED_EDGE('',*,*,#1771,.T.);
#1259=ORIENTED_EDGE('',*,*,#2073,.T.);
#1260=ORIENTED_EDGE('',*,*,#1603,.F.);
#1261=ORIENTED_EDGE('',*,*,#2074,.F.);
#1262=ORIENTED_EDGE('',*,*,#1773,.T.);
#1263=ORIENTED_EDGE('',*,*,#2075,.T.);
#1264=ORIENTED_EDGE('',*,*,#1604,.F.);
#1265=ORIENTED_EDGE('',*,*,#2073,.F.);
#1266=ORIENTED_EDGE('',*,*,#1772,.T.);
#1267=ORIENTED_EDGE('',*,*,#2074,.T.);
#1268=ORIENTED_EDGE('',*,*,#1602,.F.);
#1269=ORIENTED_EDGE('',*,*,#2075,.F.);
#1270=ORIENTED_EDGE('',*,*,#1774,.T.);
#1271=ORIENTED_EDGE('',*,*,#2076,.T.);
#1272=ORIENTED_EDGE('',*,*,#1600,.F.);
#1273=ORIENTED_EDGE('',*,*,#2077,.F.);
#1274=ORIENTED_EDGE('',*,*,#1776,.T.);
#1275=ORIENTED_EDGE('',*,*,#2078,.T.);
#1276=ORIENTED_EDGE('',*,*,#1601,.F.);
#1277=ORIENTED_EDGE('',*,*,#2076,.F.);
#1278=ORIENTED_EDGE('',*,*,#1775,.T.);
#1279=ORIENTED_EDGE('',*,*,#2077,.T.);
#1280=ORIENTED_EDGE('',*,*,#1599,.F.);
#1281=ORIENTED_EDGE('',*,*,#2078,.F.);
#1282=ORIENTED_EDGE('',*,*,#1777,.T.);
#1283=ORIENTED_EDGE('',*,*,#2079,.T.);
#1284=ORIENTED_EDGE('',*,*,#1597,.F.);
#1285=ORIENTED_EDGE('',*,*,#2080,.F.);
#1286=ORIENTED_EDGE('',*,*,#1779,.T.);
#1287=ORIENTED_EDGE('',*,*,#2081,.T.);
#1288=ORIENTED_EDGE('',*,*,#1598,.F.);
#1289=ORIENTED_EDGE('',*,*,#2079,.F.);
#1290=ORIENTED_EDGE('',*,*,#1778,.T.);
#1291=ORIENTED_EDGE('',*,*,#2080,.T.);
#1292=ORIENTED_EDGE('',*,*,#1596,.F.);
#1293=ORIENTED_EDGE('',*,*,#2081,.F.);
#1294=ORIENTED_EDGE('',*,*,#1780,.T.);
#1295=ORIENTED_EDGE('',*,*,#2082,.T.);
#1296=ORIENTED_EDGE('',*,*,#1806,.F.);
#1297=ORIENTED_EDGE('',*,*,#2083,.F.);
#1298=ORIENTED_EDGE('',*,*,#1782,.T.);
#1299=ORIENTED_EDGE('',*,*,#2084,.T.);
#1300=ORIENTED_EDGE('',*,*,#1807,.F.);
#1301=ORIENTED_EDGE('',*,*,#2082,.F.);
#1302=ORIENTED_EDGE('',*,*,#1781,.T.);
#1303=ORIENTED_EDGE('',*,*,#2083,.T.);
#1304=ORIENTED_EDGE('',*,*,#1805,.F.);
#1305=ORIENTED_EDGE('',*,*,#2084,.F.);
#1306=ORIENTED_EDGE('',*,*,#1783,.T.);
#1307=ORIENTED_EDGE('',*,*,#2085,.T.);
#1308=ORIENTED_EDGE('',*,*,#1809,.F.);
#1309=ORIENTED_EDGE('',*,*,#2086,.F.);
#1310=ORIENTED_EDGE('',*,*,#1785,.T.);
#1311=ORIENTED_EDGE('',*,*,#2087,.T.);
#1312=ORIENTED_EDGE('',*,*,#1810,.F.);
#1313=ORIENTED_EDGE('',*,*,#2085,.F.);
#1314=ORIENTED_EDGE('',*,*,#1784,.T.);
#1315=ORIENTED_EDGE('',*,*,#2086,.T.);
#1316=ORIENTED_EDGE('',*,*,#1808,.F.);
#1317=ORIENTED_EDGE('',*,*,#2087,.F.);
#1318=ORIENTED_EDGE('',*,*,#1786,.T.);
#1319=ORIENTED_EDGE('',*,*,#2088,.T.);
#1320=ORIENTED_EDGE('',*,*,#1812,.F.);
#1321=ORIENTED_EDGE('',*,*,#2089,.F.);
#1322=ORIENTED_EDGE('',*,*,#1788,.T.);
#1323=ORIENTED_EDGE('',*,*,#2090,.T.);
#1324=ORIENTED_EDGE('',*,*,#1813,.F.);
#1325=ORIENTED_EDGE('',*,*,#2088,.F.);
#1326=ORIENTED_EDGE('',*,*,#1787,.T.);
#1327=ORIENTED_EDGE('',*,*,#2089,.T.);
#1328=ORIENTED_EDGE('',*,*,#1811,.F.);
#1329=ORIENTED_EDGE('',*,*,#2090,.F.);
#1330=ORIENTED_EDGE('',*,*,#1789,.T.);
#1331=ORIENTED_EDGE('',*,*,#2091,.T.);
#1332=ORIENTED_EDGE('',*,*,#1815,.F.);
#1333=ORIENTED_EDGE('',*,*,#2092,.F.);
#1334=ORIENTED_EDGE('',*,*,#1791,.T.);
#1335=ORIENTED_EDGE('',*,*,#2093,.T.);
#1336=ORIENTED_EDGE('',*,*,#1816,.F.);
#1337=ORIENTED_EDGE('',*,*,#2091,.F.);
#1338=ORIENTED_EDGE('',*,*,#1790,.T.);
#1339=ORIENTED_EDGE('',*,*,#2092,.T.);
#1340=ORIENTED_EDGE('',*,*,#1814,.F.);
#1341=ORIENTED_EDGE('',*,*,#2093,.F.);
#1342=ORIENTED_EDGE('',*,*,#1792,.T.);
#1343=ORIENTED_EDGE('',*,*,#2094,.T.);
#1344=ORIENTED_EDGE('',*,*,#1818,.F.);
#1345=ORIENTED_EDGE('',*,*,#2095,.F.);
#1346=ORIENTED_EDGE('',*,*,#1794,.T.);
#1347=ORIENTED_EDGE('',*,*,#2096,.T.);
#1348=ORIENTED_EDGE('',*,*,#1819,.F.);
#1349=ORIENTED_EDGE('',*,*,#2094,.F.);
#1350=ORIENTED_EDGE('',*,*,#1793,.T.);
#1351=ORIENTED_EDGE('',*,*,#2095,.T.);
#1352=ORIENTED_EDGE('',*,*,#1817,.F.);
#1353=ORIENTED_EDGE('',*,*,#2096,.F.);
#1354=ORIENTED_EDGE('',*,*,#1795,.T.);
#1355=ORIENTED_EDGE('',*,*,#2097,.T.);
#1356=ORIENTED_EDGE('',*,*,#1821,.F.);
#1357=ORIENTED_EDGE('',*,*,#2098,.F.);
#1358=ORIENTED_EDGE('',*,*,#1797,.T.);
#1359=ORIENTED_EDGE('',*,*,#2099,.T.);
#1360=ORIENTED_EDGE('',*,*,#1822,.F.);
#1361=ORIENTED_EDGE('',*,*,#2097,.F.);
#1362=ORIENTED_EDGE('',*,*,#1796,.T.);
#1363=ORIENTED_EDGE('',*,*,#2098,.T.);
#1364=ORIENTED_EDGE('',*,*,#1820,.F.);
#1365=ORIENTED_EDGE('',*,*,#2099,.F.);
#1366=ORIENTED_EDGE('',*,*,#1798,.T.);
#1367=ORIENTED_EDGE('',*,*,#2100,.T.);
#1368=ORIENTED_EDGE('',*,*,#1824,.F.);
#1369=ORIENTED_EDGE('',*,*,#2101,.F.);
#1370=ORIENTED_EDGE('',*,*,#1800,.T.);
#1371=ORIENTED_EDGE('',*,*,#2102,.T.);
#1372=ORIENTED_EDGE('',*,*,#1825,.F.);
#1373=ORIENTED_EDGE('',*,*,#2100,.F.);
#1374=ORIENTED_EDGE('',*,*,#1799,.T.);
#1375=ORIENTED_EDGE('',*,*,#2101,.T.);
#1376=ORIENTED_EDGE('',*,*,#1823,.F.);
#1377=ORIENTED_EDGE('',*,*,#2102,.F.);
#1378=ORIENTED_EDGE('',*,*,#1560,.F.);
#1379=ORIENTED_EDGE('',*,*,#1650,.F.);
#1380=ORIENTED_EDGE('',*,*,#1592,.T.);
#1381=ORIENTED_EDGE('',*,*,#1880,.F.);
#1382=ORIENTED_EDGE('',*,*,#1836,.F.);
#1383=ORIENTED_EDGE('',*,*,#2018,.F.);
#1384=ORIENTED_EDGE('',*,*,#1801,.T.);
#1385=ORIENTED_EDGE('',*,*,#2015,.T.);
#1386=ORIENTED_EDGE('',*,*,#2103,.F.);
#1387=ORIENTED_EDGE('',*,*,#2009,.F.);
#1388=ORIENTED_EDGE('',*,*,#2011,.F.);
#1389=ORIENTED_EDGE('',*,*,#1673,.T.);
#1390=ORIENTED_EDGE('',*,*,#2013,.F.);
#1391=ORIENTED_EDGE('',*,*,#1648,.F.);
#1392=ORIENTED_EDGE('',*,*,#1881,.F.);
#1393=ORIENTED_EDGE('',*,*,#2103,.T.);
#1394=ORIENTED_EDGE('',*,*,#2014,.T.);
#1395=ORIENTED_EDGE('',*,*,#1858,.T.);
#1396=ORIENTED_EDGE('',*,*,#2017,.T.);
#1397=ORIENTED_EDGE('',*,*,#1590,.T.);
#1398=ORIENTED_EDGE('',*,*,#2007,.F.);
#1399=ORIENTED_EDGE('',*,*,#1711,.F.);
#1400=ORIENTED_EDGE('',*,*,#2003,.T.);
#1401=ORIENTED_EDGE('',*,*,#2004,.F.);
#1402=ORIENTED_EDGE('',*,*,#1713,.T.);
#1403=ORIENTED_EDGE('',*,*,#2006,.T.);
#1404=ORIENTED_EDGE('',*,*,#1703,.F.);
#1405=ORIENTED_EDGE('',*,*,#2002,.F.);
#1406=ORIENTED_EDGE('',*,*,#1536,.F.);
#1407=ORIENTED_EDGE('',*,*,#2005,.T.);
#1408=ORIENTED_EDGE('',*,*,#1563,.T.);
#1409=ORIENTED_EDGE('',*,*,#1928,.T.);
#1410=ORIENTED_EDGE('',*,*,#1996,.T.);
#1411=ORIENTED_EDGE('',*,*,#1904,.F.);
#1412=ORIENTED_EDGE('',*,*,#2001,.F.);
#1413=ORIENTED_EDGE('',*,*,#1705,.F.);
#1414=ORIENTED_EDGE('',*,*,#2104,.T.);
#1415=ORIENTED_EDGE('',*,*,#1540,.F.);
#1416=ORIENTED_EDGE('',*,*,#2105,.F.);
#1417=ORIENTED_EDGE('',*,*,#1530,.F.);
#1418=ORIENTED_EDGE('',*,*,#2105,.T.);
#1419=ORIENTED_EDGE('',*,*,#1542,.F.);
#1420=ORIENTED_EDGE('',*,*,#2106,.F.);
#1421=ORIENTED_EDGE('',*,*,#1531,.F.);
#1422=ORIENTED_EDGE('',*,*,#2106,.T.);
#1423=ORIENTED_EDGE('',*,*,#1541,.F.);
#1424=ORIENTED_EDGE('',*,*,#2104,.F.);
#1425=ORIENTED_EDGE('',*,*,#1529,.F.);
#1426=ORIENTED_EDGE('',*,*,#2107,.T.);
#1427=ORIENTED_EDGE('',*,*,#1875,.T.);
#1428=ORIENTED_EDGE('',*,*,#2108,.F.);
#1429=ORIENTED_EDGE('',*,*,#1838,.F.);
#1430=ORIENTED_EDGE('',*,*,#2108,.T.);
#1431=ORIENTED_EDGE('',*,*,#1877,.T.);
#1432=ORIENTED_EDGE('',*,*,#2109,.F.);
#1433=ORIENTED_EDGE('',*,*,#1839,.F.);
#1434=ORIENTED_EDGE('',*,*,#2109,.T.);
#1435=ORIENTED_EDGE('',*,*,#1876,.T.);
#1436=ORIENTED_EDGE('',*,*,#2107,.F.);
#1437=ORIENTED_EDGE('',*,*,#1837,.F.);
#1438=ORIENTED_EDGE('',*,*,#1696,.F.);
#1439=ORIENTED_EDGE('',*,*,#1533,.F.);
#1440=ORIENTED_EDGE('',*,*,#1855,.T.);
#1441=ORIENTED_EDGE('',*,*,#1879,.F.);
#1442=ORIENTED_EDGE('',*,*,#1925,.F.);
#1443=ORIENTED_EDGE('',*,*,#1827,.F.);
#1444=ORIENTED_EDGE('',*,*,#1618,.F.);
#1445=ORIENTED_EDGE('',*,*,#1902,.T.);
#1446=ORIENTED_EDGE('',*,*,#1669,.F.);
#1447=ORIENTED_EDGE('',*,*,#1646,.T.);
#1448=ORIENTED_EDGE('',*,*,#1558,.T.);
#1449=ORIENTED_EDGE('',*,*,#1588,.F.);
#1450=ORIENTED_EDGE('',*,*,#1804,.T.);
#1451=ORIENTED_EDGE('',*,*,#2110,.T.);
#1452=ORIENTED_EDGE('',*,*,#2111,.T.);
#1453=ORIENTED_EDGE('',*,*,#2112,.T.);
#1454=ORIENTED_EDGE('',*,*,#2113,.T.);
#1455=ORIENTED_EDGE('',*,*,#2114,.T.);
#1456=ORIENTED_EDGE('',*,*,#2115,.T.);
#1457=ORIENTED_EDGE('',*,*,#2111,.F.);
#1458=ORIENTED_EDGE('',*,*,#2116,.T.);
#1459=ORIENTED_EDGE('',*,*,#2115,.F.);
#1460=ORIENTED_EDGE('',*,*,#2117,.F.);
#1461=ORIENTED_EDGE('',*,*,#2112,.F.);
#1462=ORIENTED_EDGE('',*,*,#2117,.T.);
#1463=ORIENTED_EDGE('',*,*,#2114,.F.);
#1464=ORIENTED_EDGE('',*,*,#2118,.F.);
#1465=ORIENTED_EDGE('',*,*,#2110,.F.);
#1466=ORIENTED_EDGE('',*,*,#2118,.T.);
#1467=ORIENTED_EDGE('',*,*,#2113,.F.);
#1468=ORIENTED_EDGE('',*,*,#2116,.F.);
#1469=ORIENTED_EDGE('',*,*,#2119,.T.);
#1470=ORIENTED_EDGE('',*,*,#2120,.T.);
#1471=ORIENTED_EDGE('',*,*,#2121,.T.);
#1472=ORIENTED_EDGE('',*,*,#2122,.T.);
#1473=ORIENTED_EDGE('',*,*,#2123,.T.);
#1474=ORIENTED_EDGE('',*,*,#2124,.T.);
#1475=ORIENTED_EDGE('',*,*,#2120,.F.);
#1476=ORIENTED_EDGE('',*,*,#2125,.T.);
#1477=ORIENTED_EDGE('',*,*,#2124,.F.);
#1478=ORIENTED_EDGE('',*,*,#2126,.F.);
#1479=ORIENTED_EDGE('',*,*,#2121,.F.);
#1480=ORIENTED_EDGE('',*,*,#2126,.T.);
#1481=ORIENTED_EDGE('',*,*,#2123,.F.);
#1482=ORIENTED_EDGE('',*,*,#2127,.F.);
#1483=ORIENTED_EDGE('',*,*,#2119,.F.);
#1484=ORIENTED_EDGE('',*,*,#2127,.T.);
#1485=ORIENTED_EDGE('',*,*,#2122,.F.);
#1486=ORIENTED_EDGE('',*,*,#2125,.F.);
#1487=ORIENTED_EDGE('',*,*,#2128,.T.);
#1488=ORIENTED_EDGE('',*,*,#2129,.T.);
#1489=ORIENTED_EDGE('',*,*,#2130,.T.);
#1490=ORIENTED_EDGE('',*,*,#2131,.T.);
#1491=ORIENTED_EDGE('',*,*,#2132,.T.);
#1492=ORIENTED_EDGE('',*,*,#2133,.T.);
#1493=ORIENTED_EDGE('',*,*,#2129,.F.);
#1494=ORIENTED_EDGE('',*,*,#2134,.T.);
#1495=ORIENTED_EDGE('',*,*,#2133,.F.);
#1496=ORIENTED_EDGE('',*,*,#2135,.F.);
#1497=ORIENTED_EDGE('',*,*,#2130,.F.);
#1498=ORIENTED_EDGE('',*,*,#2135,.T.);
#1499=ORIENTED_EDGE('',*,*,#2132,.F.);
#1500=ORIENTED_EDGE('',*,*,#2136,.F.);
#1501=ORIENTED_EDGE('',*,*,#2128,.F.);
#1502=ORIENTED_EDGE('',*,*,#2136,.T.);
#1503=ORIENTED_EDGE('',*,*,#2131,.F.);
#1504=ORIENTED_EDGE('',*,*,#2134,.F.);
#1505=EDGE_CURVE('',#2137,#2138,#2559,.T.);
#1506=EDGE_CURVE('',#2138,#2139,#149,.F.);
#1507=EDGE_CURVE('',#2139,#2137,#2560,.T.);
#1508=EDGE_CURVE('',#2140,#2141,#2561,.T.);
#1509=EDGE_CURVE('',#2141,#2142,#2562,.T.);
#1510=EDGE_CURVE('',#2142,#2140,#150,.T.);
#1511=EDGE_CURVE('',#2138,#2140,#2563,.T.);
#1512=EDGE_CURVE('',#2139,#2142,#2564,.T.);
#1513=EDGE_CURVE('',#2137,#2141,#2565,.T.);
#1514=EDGE_CURVE('',#2143,#2144,#2566,.T.);
#1515=EDGE_CURVE('',#2144,#2145,#2567,.T.);
#1516=EDGE_CURVE('',#2145,#2143,#2568,.T.);
#1517=EDGE_CURVE('',#2146,#2147,#2569,.T.);
#1518=EDGE_CURVE('',#2147,#2148,#2570,.T.);
#1519=EDGE_CURVE('',#2148,#2146,#2571,.T.);
#1520=EDGE_CURVE('',#2149,#2150,#2572,.T.);
#1521=EDGE_CURVE('',#2150,#2151,#2573,.T.);
#1522=EDGE_CURVE('',#2151,#2149,#2574,.T.);
#1523=EDGE_CURVE('',#2152,#2153,#2575,.T.);
#1524=EDGE_CURVE('',#2153,#2154,#2576,.T.);
#1525=EDGE_CURVE('',#2154,#2152,#2577,.T.);
#1526=EDGE_CURVE('',#2155,#2156,#2578,.T.);
#1527=EDGE_CURVE('',#2156,#2157,#2579,.T.);
#1528=EDGE_CURVE('',#2157,#2155,#2580,.T.);
#1529=EDGE_CURVE('',#2158,#2159,#2581,.T.);
#1530=EDGE_CURVE('',#2159,#2160,#2582,.T.);
#1531=EDGE_CURVE('',#2160,#2158,#2583,.T.);
#1532=EDGE_CURVE('',#2161,#2162,#2584,.T.);
#1533=EDGE_CURVE('',#2161,#2163,#2585,.T.);
#1534=EDGE_CURVE('',#2163,#2164,#2586,.T.);
#1535=EDGE_CURVE('',#2165,#2164,#2587,.T.);
#1536=EDGE_CURVE('',#2165,#2166,#2588,.T.);
#1537=EDGE_CURVE('',#2166,#2167,#2589,.T.);
#1538=EDGE_CURVE('',#2167,#2168,#2590,.T.);
#1539=EDGE_CURVE('',#2162,#2168,#2591,.T.);
#1540=EDGE_CURVE('',#2169,#2170,#2592,.T.);
#1541=EDGE_CURVE('',#2170,#2171,#2593,.T.);
#1542=EDGE_CURVE('',#2171,#2169,#2594,.T.);
#1543=EDGE_CURVE('',#2172,#2173,#2595,.T.);
#1544=EDGE_CURVE('',#2173,#2174,#2596,.T.);
#1545=EDGE_CURVE('',#2174,#2172,#2597,.T.);
#1546=EDGE_CURVE('',#2175,#2176,#2598,.T.);
#1547=EDGE_CURVE('',#2176,#2177,#2599,.T.);
#1548=EDGE_CURVE('',#2177,#2175,#2600,.T.);
#1549=EDGE_CURVE('',#2178,#2179,#2601,.T.);
#1550=EDGE_CURVE('',#2179,#2180,#2602,.T.);
#1551=EDGE_CURVE('',#2180,#2178,#2603,.T.);
#1552=EDGE_CURVE('',#2181,#2182,#2604,.T.);
#1553=EDGE_CURVE('',#2182,#2183,#2605,.T.);
#1554=EDGE_CURVE('',#2183,#2181,#2606,.T.);
#1555=EDGE_CURVE('',#2184,#2185,#2607,.T.);
#1556=EDGE_CURVE('',#2185,#2186,#2608,.T.);
#1557=EDGE_CURVE('',#2186,#2184,#2609,.T.);
#1558=EDGE_CURVE('',#2187,#2188,#2610,.T.);
#1559=EDGE_CURVE('',#2187,#2189,#2611,.T.);
#1560=EDGE_CURVE('',#2189,#2190,#2612,.T.);
#1561=EDGE_CURVE('',#2191,#2190,#2613,.T.);
#1562=EDGE_CURVE('',#2192,#2191,#2614,.T.);
#1563=EDGE_CURVE('',#2193,#2192,#2615,.T.);
#1564=EDGE_CURVE('',#2193,#2194,#2616,.T.);
#1565=EDGE_CURVE('',#2188,#2194,#2617,.T.);
#1566=EDGE_CURVE('',#2195,#2196,#151,.T.);
#1567=EDGE_CURVE('',#2196,#2197,#10,.T.);
#1568=EDGE_CURVE('',#2197,#2195,#11,.T.);
#1569=EDGE_CURVE('',#2198,#2199,#152,.T.);
#1570=EDGE_CURVE('',#2199,#2200,#12,.T.);
#1571=EDGE_CURVE('',#2200,#2198,#13,.T.);
#1572=EDGE_CURVE('',#2201,#2202,#153,.T.);
#1573=EDGE_CURVE('',#2202,#2203,#14,.T.);
#1574=EDGE_CURVE('',#2203,#2201,#15,.T.);
#1575=EDGE_CURVE('',#2204,#2205,#154,.T.);
#1576=EDGE_CURVE('',#2205,#2206,#16,.T.);
#1577=EDGE_CURVE('',#2206,#2204,#17,.T.);
#1578=EDGE_CURVE('',#2207,#2208,#155,.T.);
#1579=EDGE_CURVE('',#2208,#2209,#18,.T.);
#1580=EDGE_CURVE('',#2209,#2207,#19,.T.);
#1581=EDGE_CURVE('',#2210,#2211,#156,.T.);
#1582=EDGE_CURVE('',#2211,#2212,#20,.T.);
#1583=EDGE_CURVE('',#2212,#2210,#21,.T.);
#1584=EDGE_CURVE('',#2213,#2214,#157,.T.);
#1585=EDGE_CURVE('',#2214,#2215,#22,.T.);
#1586=EDGE_CURVE('',#2215,#2213,#23,.T.);
#1587=EDGE_CURVE('',#2216,#2217,#2618,.F.);
#1588=EDGE_CURVE('',#2217,#2188,#158,.T.);
#1589=EDGE_CURVE('',#2218,#2194,#159,.T.);
#1590=EDGE_CURVE('',#2219,#2218,#2619,.F.);
#1591=EDGE_CURVE('',#2219,#2191,#160,.T.);
#1592=EDGE_CURVE('',#2220,#2190,#161,.T.);
#1593=EDGE_CURVE('',#2220,#2221,#2620,.F.);
#1594=EDGE_CURVE('',#2221,#2222,#162,.T.);
#1595=EDGE_CURVE('',#2222,#2216,#24,.T.);
#1596=EDGE_CURVE('',#2223,#2224,#163,.T.);
#1597=EDGE_CURVE('',#2224,#2225,#25,.T.);
#1598=EDGE_CURVE('',#2225,#2223,#26,.T.);
#1599=EDGE_CURVE('',#2226,#2227,#164,.T.);
#1600=EDGE_CURVE('',#2227,#2228,#27,.T.);
#1601=EDGE_CURVE('',#2228,#2226,#28,.T.);
#1602=EDGE_CURVE('',#2229,#2230,#165,.T.);
#1603=EDGE_CURVE('',#2230,#2231,#29,.T.);
#1604=EDGE_CURVE('',#2231,#2229,#30,.T.);
#1605=EDGE_CURVE('',#2232,#2233,#166,.T.);
#1606=EDGE_CURVE('',#2233,#2234,#31,.T.);
#1607=EDGE_CURVE('',#2234,#2232,#32,.T.);
#1608=EDGE_CURVE('',#2235,#2236,#167,.T.);
#1609=EDGE_CURVE('',#2236,#2237,#33,.T.);
#1610=EDGE_CURVE('',#2237,#2235,#34,.T.);
#1611=EDGE_CURVE('',#2238,#2239,#168,.T.);
#1612=EDGE_CURVE('',#2239,#2240,#35,.T.);
#1613=EDGE_CURVE('',#2240,#2238,#36,.T.);
#1614=EDGE_CURVE('',#2241,#2242,#169,.T.);
#1615=EDGE_CURVE('',#2242,#2243,#37,.T.);
#1616=EDGE_CURVE('',#2243,#2241,#38,.T.);
#1617=EDGE_CURVE('',#2244,#2245,#2621,.F.);
#1618=EDGE_CURVE('',#2245,#2246,#170,.T.);
#1619=EDGE_CURVE('',#2247,#2246,#2622,.F.);
#1620=EDGE_CURVE('',#2247,#2248,#39,.T.);
#1621=EDGE_CURVE('',#2248,#2249,#171,.T.);
#1622=EDGE_CURVE('',#2250,#2249,#2623,.F.);
#1623=EDGE_CURVE('',#2251,#2250,#172,.T.);
#1624=EDGE_CURVE('',#2251,#2252,#2624,.F.);
#1625=EDGE_CURVE('',#2252,#2253,#173,.T.);
#1626=EDGE_CURVE('',#2253,#2254,#2625,.F.);
#1627=EDGE_CURVE('',#2244,#2254,#174,.T.);
#1628=EDGE_CURVE('',#2255,#2256,#2626,.T.);
#1629=EDGE_CURVE('',#2256,#2257,#2627,.T.);
#1630=EDGE_CURVE('',#2257,#2255,#2628,.T.);
#1631=EDGE_CURVE('',#2258,#2259,#2629,.T.);
#1632=EDGE_CURVE('',#2259,#2260,#2630,.T.);
#1633=EDGE_CURVE('',#2260,#2258,#2631,.T.);
#1634=EDGE_CURVE('',#2261,#2262,#2632,.T.);
#1635=EDGE_CURVE('',#2262,#2263,#2633,.T.);
#1636=EDGE_CURVE('',#2263,#2261,#2634,.T.);
#1637=EDGE_CURVE('',#2264,#2265,#2635,.T.);
#1638=EDGE_CURVE('',#2265,#2266,#2636,.T.);
#1639=EDGE_CURVE('',#2266,#2264,#2637,.T.);
#1640=EDGE_CURVE('',#2267,#2268,#2638,.T.);
#1641=EDGE_CURVE('',#2268,#2269,#2639,.T.);
#1642=EDGE_CURVE('',#2269,#2267,#2640,.T.);
#1643=EDGE_CURVE('',#2270,#2271,#2641,.T.);
#1644=EDGE_CURVE('',#2271,#2272,#2642,.T.);
#1645=EDGE_CURVE('',#2272,#2270,#2643,.T.);
#1646=EDGE_CURVE('',#2217,#2187,#2644,.T.);
#1647=EDGE_CURVE('',#2273,#2216,#2645,.T.);
#1648=EDGE_CURVE('',#2273,#2274,#2646,.T.);
#1649=EDGE_CURVE('',#2221,#2274,#2647,.T.);
#1650=EDGE_CURVE('',#2220,#2189,#2648,.T.);
#1651=EDGE_CURVE('',#2275,#2276,#2649,.T.);
#1652=EDGE_CURVE('',#2277,#2275,#2650,.T.);
#1653=EDGE_CURVE('',#2276,#2277,#2651,.T.);
#1654=EDGE_CURVE('',#2278,#2279,#2652,.T.);
#1655=EDGE_CURVE('',#2280,#2278,#2653,.T.);
#1656=EDGE_CURVE('',#2279,#2280,#2654,.T.);
#1657=EDGE_CURVE('',#2281,#2282,#2655,.T.);
#1658=EDGE_CURVE('',#2283,#2281,#2656,.T.);
#1659=EDGE_CURVE('',#2282,#2283,#2657,.T.);
#1660=EDGE_CURVE('',#2284,#2285,#2658,.T.);
#1661=EDGE_CURVE('',#2286,#2284,#2659,.T.);
#1662=EDGE_CURVE('',#2285,#2286,#2660,.T.);
#1663=EDGE_CURVE('',#2287,#2288,#2661,.T.);
#1664=EDGE_CURVE('',#2289,#2287,#2662,.T.);
#1665=EDGE_CURVE('',#2288,#2289,#2663,.T.);
#1666=EDGE_CURVE('',#2290,#2291,#2664,.T.);
#1667=EDGE_CURVE('',#2292,#2290,#2665,.T.);
#1668=EDGE_CURVE('',#2291,#2292,#2666,.T.);
#1669=EDGE_CURVE('',#2246,#2293,#2667,.T.);
#1670=EDGE_CURVE('',#2293,#2294,#2668,.T.);
#1671=EDGE_CURVE('',#2250,#2294,#2669,.T.);
#1672=EDGE_CURVE('',#2249,#2295,#2670,.T.);
#1673=EDGE_CURVE('',#2296,#2295,#2671,.T.);
#1674=EDGE_CURVE('',#2296,#2247,#2672,.T.);
#1675=EDGE_CURVE('',#2297,#2298,#175,.T.);
#1676=EDGE_CURVE('',#2298,#2299,#40,.T.);
#1677=EDGE_CURVE('',#2299,#2297,#41,.T.);
#1678=EDGE_CURVE('',#2300,#2301,#176,.T.);
#1679=EDGE_CURVE('',#2301,#2302,#42,.T.);
#1680=EDGE_CURVE('',#2302,#2300,#43,.T.);
#1681=EDGE_CURVE('',#2303,#2304,#177,.T.);
#1682=EDGE_CURVE('',#2304,#2305,#44,.T.);
#1683=EDGE_CURVE('',#2305,#2303,#45,.T.);
#1684=EDGE_CURVE('',#2306,#2307,#178,.T.);
#1685=EDGE_CURVE('',#2307,#2308,#46,.T.);
#1686=EDGE_CURVE('',#2308,#2306,#47,.T.);
#1687=EDGE_CURVE('',#2309,#2310,#179,.T.);
#1688=EDGE_CURVE('',#2310,#2311,#48,.T.);
#1689=EDGE_CURVE('',#2311,#2309,#49,.T.);
#1690=EDGE_CURVE('',#2312,#2313,#180,.T.);
#1691=EDGE_CURVE('',#2313,#2314,#50,.T.);
#1692=EDGE_CURVE('',#2314,#2312,#51,.T.);
#1693=EDGE_CURVE('',#2315,#2316,#181,.T.);
#1694=EDGE_CURVE('',#2316,#2317,#52,.T.);
#1695=EDGE_CURVE('',#2317,#2315,#53,.T.);
#1696=EDGE_CURVE('',#2163,#2318,#182,.T.);
#1697=EDGE_CURVE('',#2318,#2319,#2673,.T.);
#1698=EDGE_CURVE('',#2319,#2320,#54,.T.);
#1699=EDGE_CURVE('',#2320,#2321,#183,.T.);
#1700=EDGE_CURVE('',#2321,#2322,#2674,.T.);
#1701=EDGE_CURVE('',#2168,#2322,#184,.T.);
#1702=EDGE_CURVE('',#2167,#2323,#185,.T.);
#1703=EDGE_CURVE('',#2323,#2324,#2675,.F.);
#1704=EDGE_CURVE('',#2164,#2324,#186,.T.);
#1705=EDGE_CURVE('',#2325,#2325,#187,.T.);
#1706=EDGE_CURVE('',#2326,#2327,#188,.T.);
#1707=EDGE_CURVE('',#2326,#2328,#2676,.F.);
#1708=EDGE_CURVE('',#2328,#2329,#189,.T.);
#1709=EDGE_CURVE('',#2327,#2329,#2677,.F.);
#1710=EDGE_CURVE('',#2330,#2331,#190,.T.);
#1711=EDGE_CURVE('',#2330,#2332,#2678,.F.);
#1712=EDGE_CURVE('',#2332,#2333,#191,.T.);
#1713=EDGE_CURVE('',#2331,#2333,#2679,.F.);
#1714=EDGE_CURVE('',#2334,#2335,#55,.T.);
#1715=EDGE_CURVE('',#2336,#2334,#192,.T.);
#1716=EDGE_CURVE('',#2335,#2336,#56,.T.);
#1717=EDGE_CURVE('',#2337,#2338,#57,.T.);
#1718=EDGE_CURVE('',#2339,#2337,#193,.T.);
#1719=EDGE_CURVE('',#2338,#2339,#58,.T.);
#1720=EDGE_CURVE('',#2340,#2341,#59,.T.);
#1721=EDGE_CURVE('',#2342,#2340,#194,.T.);
#1722=EDGE_CURVE('',#2341,#2342,#60,.T.);
#1723=EDGE_CURVE('',#2343,#2344,#61,.T.);
#1724=EDGE_CURVE('',#2345,#2343,#195,.T.);
#1725=EDGE_CURVE('',#2344,#2345,#62,.T.);
#1726=EDGE_CURVE('',#2346,#2347,#63,.T.);
#1727=EDGE_CURVE('',#2348,#2346,#196,.T.);
#1728=EDGE_CURVE('',#2347,#2348,#64,.T.);
#1729=EDGE_CURVE('',#2349,#2350,#65,.T.);
#1730=EDGE_CURVE('',#2351,#2349,#197,.T.);
#1731=EDGE_CURVE('',#2350,#2351,#66,.T.);
#1732=EDGE_CURVE('',#2352,#2353,#67,.T.);
#1733=EDGE_CURVE('',#2354,#2352,#198,.T.);
#1734=EDGE_CURVE('',#2353,#2354,#68,.T.);
#1735=EDGE_CURVE('',#2355,#2356,#69,.T.);
#1736=EDGE_CURVE('',#2357,#2355,#199,.T.);
#1737=EDGE_CURVE('',#2356,#2357,#70,.T.);
#1738=EDGE_CURVE('',#2358,#2359,#71,.T.);
#1739=EDGE_CURVE('',#2360,#2358,#200,.T.);
#1740=EDGE_CURVE('',#2359,#2360,#72,.T.);
#1741=EDGE_CURVE('',#2361,#2362,#73,.T.);
#1742=EDGE_CURVE('',#2363,#2361,#201,.T.);
#1743=EDGE_CURVE('',#2362,#2363,#74,.T.);
#1744=EDGE_CURVE('',#2364,#2365,#75,.T.);
#1745=EDGE_CURVE('',#2366,#2364,#202,.T.);
#1746=EDGE_CURVE('',#2365,#2366,#76,.T.);
#1747=EDGE_CURVE('',#2367,#2368,#77,.T.);
#1748=EDGE_CURVE('',#2369,#2367,#203,.T.);
#1749=EDGE_CURVE('',#2368,#2369,#78,.T.);
#1750=EDGE_CURVE('',#2370,#2371,#79,.T.);
#1751=EDGE_CURVE('',#2372,#2370,#204,.T.);
#1752=EDGE_CURVE('',#2371,#2372,#80,.T.);
#1753=EDGE_CURVE('',#2373,#2374,#81,.T.);
#1754=EDGE_CURVE('',#2375,#2373,#205,.T.);
#1755=EDGE_CURVE('',#2374,#2375,#82,.T.);
#1756=EDGE_CURVE('',#2376,#2377,#83,.T.);
#1757=EDGE_CURVE('',#2378,#2376,#206,.T.);
#1758=EDGE_CURVE('',#2377,#2378,#84,.T.);
#1759=EDGE_CURVE('',#2379,#2380,#85,.T.);
#1760=EDGE_CURVE('',#2381,#2379,#207,.T.);
#1761=EDGE_CURVE('',#2380,#2381,#86,.T.);
#1762=EDGE_CURVE('',#2382,#2383,#87,.T.);
#1763=EDGE_CURVE('',#2384,#2382,#208,.T.);
#1764=EDGE_CURVE('',#2383,#2384,#88,.T.);
#1765=EDGE_CURVE('',#2385,#2386,#89,.T.);
#1766=EDGE_CURVE('',#2387,#2385,#209,.T.);
#1767=EDGE_CURVE('',#2386,#2387,#90,.T.);
#1768=EDGE_CURVE('',#2388,#2389,#91,.T.);
#1769=EDGE_CURVE('',#2390,#2388,#210,.T.);
#1770=EDGE_CURVE('',#2389,#2390,#92,.T.);
#1771=EDGE_CURVE('',#2391,#2392,#93,.T.);
#1772=EDGE_CURVE('',#2393,#2391,#211,.T.);
#1773=EDGE_CURVE('',#2392,#2393,#94,.T.);
#1774=EDGE_CURVE('',#2394,#2395,#95,.T.);
#1775=EDGE_CURVE('',#2396,#2394,#212,.T.);
#1776=EDGE_CURVE('',#2395,#2396,#96,.T.);
#1777=EDGE_CURVE('',#2397,#2398,#97,.T.);
#1778=EDGE_CURVE('',#2399,#2397,#213,.T.);
#1779=EDGE_CURVE('',#2398,#2399,#98,.T.);
#1780=EDGE_CURVE('',#2400,#2401,#99,.T.);
#1781=EDGE_CURVE('',#2402,#2400,#214,.T.);
#1782=EDGE_CURVE('',#2401,#2402,#100,.T.);
#1783=EDGE_CURVE('',#2403,#2404,#101,.T.);
#1784=EDGE_CURVE('',#2405,#2403,#215,.T.);
#1785=EDGE_CURVE('',#2404,#2405,#102,.T.);
#1786=EDGE_CURVE('',#2406,#2407,#103,.T.);
#1787=EDGE_CURVE('',#2408,#2406,#216,.T.);
#1788=EDGE_CURVE('',#2407,#2408,#104,.T.);
#1789=EDGE_CURVE('',#2409,#2410,#105,.T.);
#1790=EDGE_CURVE('',#2411,#2409,#217,.T.);
#1791=EDGE_CURVE('',#2410,#2411,#106,.T.);
#1792=EDGE_CURVE('',#2412,#2413,#107,.T.);
#1793=EDGE_CURVE('',#2414,#2412,#218,.T.);
#1794=EDGE_CURVE('',#2413,#2414,#108,.T.);
#1795=EDGE_CURVE('',#2415,#2416,#109,.T.);
#1796=EDGE_CURVE('',#2417,#2415,#219,.T.);
#1797=EDGE_CURVE('',#2416,#2417,#110,.T.);
#1798=EDGE_CURVE('',#2418,#2419,#111,.T.);
#1799=EDGE_CURVE('',#2420,#2418,#220,.T.);
#1800=EDGE_CURVE('',#2419,#2420,#112,.T.);
#1801=EDGE_CURVE('',#2421,#2422,#113,.T.);
#1802=EDGE_CURVE('',#2423,#2421,#221,.T.);
#1803=EDGE_CURVE('',#2422,#2423,#114,.T.);
#1804=EDGE_CURVE('',#2424,#2424,#222,.T.);
#1805=EDGE_CURVE('',#2425,#2426,#223,.T.);
#1806=EDGE_CURVE('',#2426,#2427,#115,.T.);
#1807=EDGE_CURVE('',#2427,#2425,#116,.T.);
#1808=EDGE_CURVE('',#2428,#2429,#224,.T.);
#1809=EDGE_CURVE('',#2429,#2430,#117,.T.);
#1810=EDGE_CURVE('',#2430,#2428,#118,.T.);
#1811=EDGE_CURVE('',#2431,#2432,#225,.T.);
#1812=EDGE_CURVE('',#2432,#2433,#119,.T.);
#1813=EDGE_CURVE('',#2433,#2431,#120,.T.);
#1814=EDGE_CURVE('',#2434,#2435,#226,.T.);
#1815=EDGE_CURVE('',#2435,#2436,#121,.T.);
#1816=EDGE_CURVE('',#2436,#2434,#122,.T.);
#1817=EDGE_CURVE('',#2437,#2438,#227,.T.);
#1818=EDGE_CURVE('',#2438,#2439,#123,.T.);
#1819=EDGE_CURVE('',#2439,#2437,#124,.T.);
#1820=EDGE_CURVE('',#2440,#2441,#228,.T.);
#1821=EDGE_CURVE('',#2441,#2442,#125,.T.);
#1822=EDGE_CURVE('',#2442,#2440,#126,.T.);
#1823=EDGE_CURVE('',#2443,#2444,#229,.T.);
#1824=EDGE_CURVE('',#2444,#2445,#127,.T.);
#1825=EDGE_CURVE('',#2445,#2443,#128,.T.);
#1826=EDGE_CURVE('',#2446,#2447,#2680,.T.);
#1827=EDGE_CURVE('',#2446,#2448,#230,.T.);
#1828=EDGE_CURVE('',#2449,#2448,#2681,.F.);
#1829=EDGE_CURVE('',#2450,#2449,#231,.T.);
#1830=EDGE_CURVE('',#2451,#2450,#2682,.F.);
#1831=EDGE_CURVE('',#2451,#2452,#232,.T.);
#1832=EDGE_CURVE('',#2453,#2452,#2683,.F.);
#1833=EDGE_CURVE('',#2454,#2453,#233,.T.);
#1834=EDGE_CURVE('',#2455,#2454,#2684,.T.);
#1835=EDGE_CURVE('',#2455,#2456,#234,.T.);
#1836=EDGE_CURVE('',#2456,#2447,#129,.T.);
#1837=EDGE_CURVE('',#2457,#2458,#2685,.T.);
#1838=EDGE_CURVE('',#2458,#2459,#2686,.T.);
#1839=EDGE_CURVE('',#2459,#2457,#2687,.T.);
#1840=EDGE_CURVE('',#2460,#2461,#2688,.T.);
#1841=EDGE_CURVE('',#2461,#2462,#2689,.T.);
#1842=EDGE_CURVE('',#2462,#2460,#2690,.T.);
#1843=EDGE_CURVE('',#2463,#2464,#2691,.T.);
#1844=EDGE_CURVE('',#2464,#2465,#2692,.T.);
#1845=EDGE_CURVE('',#2465,#2463,#2693,.T.);
#1846=EDGE_CURVE('',#2466,#2467,#2694,.T.);
#1847=EDGE_CURVE('',#2467,#2468,#2695,.T.);
#1848=EDGE_CURVE('',#2468,#2466,#2696,.T.);
#1849=EDGE_CURVE('',#2469,#2470,#2697,.T.);
#1850=EDGE_CURVE('',#2470,#2471,#2698,.T.);
#1851=EDGE_CURVE('',#2471,#2469,#2699,.T.);
#1852=EDGE_CURVE('',#2472,#2473,#2700,.T.);
#1853=EDGE_CURVE('',#2473,#2474,#2701,.T.);
#1854=EDGE_CURVE('',#2474,#2472,#2702,.T.);
#1855=EDGE_CURVE('',#2161,#2318,#2703,.T.);
#1856=EDGE_CURVE('',#2162,#2322,#2704,.T.);
#1857=EDGE_CURVE('',#2475,#2321,#2705,.T.);
#1858=EDGE_CURVE('',#2476,#2475,#2706,.T.);
#1859=EDGE_CURVE('',#2319,#2476,#2707,.T.);
#1860=EDGE_CURVE('',#2477,#2478,#2708,.T.);
#1861=EDGE_CURVE('',#2479,#2477,#2709,.T.);
#1862=EDGE_CURVE('',#2478,#2479,#2710,.T.);
#1863=EDGE_CURVE('',#2480,#2481,#2711,.T.);
#1864=EDGE_CURVE('',#2482,#2480,#2712,.T.);
#1865=EDGE_CURVE('',#2481,#2482,#2713,.T.);
#1866=EDGE_CURVE('',#2483,#2484,#2714,.T.);
#1867=EDGE_CURVE('',#2485,#2483,#2715,.T.);
#1868=EDGE_CURVE('',#2484,#2485,#2716,.T.);
#1869=EDGE_CURVE('',#2486,#2487,#2717,.T.);
#1870=EDGE_CURVE('',#2488,#2486,#2718,.T.);
#1871=EDGE_CURVE('',#2487,#2488,#2719,.T.);
#1872=EDGE_CURVE('',#2489,#2490,#2720,.T.);
#1873=EDGE_CURVE('',#2491,#2489,#2721,.T.);
#1874=EDGE_CURVE('',#2490,#2491,#2722,.T.);
#1875=EDGE_CURVE('',#2492,#2493,#2723,.T.);
#1876=EDGE_CURVE('',#2494,#2492,#2724,.T.);
#1877=EDGE_CURVE('',#2493,#2494,#2725,.T.);
#1878=EDGE_CURVE('',#2495,#2496,#2726,.T.);
#1879=EDGE_CURVE('',#2495,#2446,#2727,.T.);
#1880=EDGE_CURVE('',#2447,#2497,#2728,.T.);
#1881=EDGE_CURVE('',#2497,#2498,#2729,.T.);
#1882=EDGE_CURVE('',#2498,#2455,#2730,.T.);
#1883=EDGE_CURVE('',#2496,#2454,#2731,.T.);
#1884=EDGE_CURVE('',#2499,#2500,#2732,.T.);
#1885=EDGE_CURVE('',#2500,#2501,#2733,.T.);
#1886=EDGE_CURVE('',#2501,#2499,#2734,.T.);
#1887=EDGE_CURVE('',#2502,#2503,#2735,.T.);
#1888=EDGE_CURVE('',#2503,#2504,#2736,.T.);
#1889=EDGE_CURVE('',#2504,#2502,#2737,.T.);
#1890=EDGE_CURVE('',#2505,#2506,#2738,.T.);
#1891=EDGE_CURVE('',#2506,#2507,#2739,.T.);
#1892=EDGE_CURVE('',#2507,#2505,#2740,.T.);
#1893=EDGE_CURVE('',#2508,#2509,#2741,.T.);
#1894=EDGE_CURVE('',#2509,#2510,#2742,.T.);
#1895=EDGE_CURVE('',#2510,#2508,#2743,.T.);
#1896=EDGE_CURVE('',#2511,#2512,#2744,.T.);
#1897=EDGE_CURVE('',#2512,#2513,#2745,.T.);
#1898=EDGE_CURVE('',#2513,#2511,#2746,.T.);
#1899=EDGE_CURVE('',#2514,#2515,#2747,.T.);
#1900=EDGE_CURVE('',#2515,#2516,#2748,.T.);
#1901=EDGE_CURVE('',#2516,#2514,#2749,.T.);
#1902=EDGE_CURVE('',#2245,#2293,#2750,.T.);
#1903=EDGE_CURVE('',#2244,#2517,#2751,.T.);
#1904=EDGE_CURVE('',#2517,#2518,#2752,.T.);
#1905=EDGE_CURVE('',#2252,#2518,#2753,.T.);
#1906=EDGE_CURVE('',#2251,#2294,#2754,.T.);
#1907=EDGE_CURVE('',#2519,#2520,#2755,.T.);
#1908=EDGE_CURVE('',#2520,#2521,#2756,.T.);
#1909=EDGE_CURVE('',#2521,#2519,#2757,.T.);
#1910=EDGE_CURVE('',#2522,#2523,#2758,.T.);
#1911=EDGE_CURVE('',#2523,#2524,#2759,.T.);
#1912=EDGE_CURVE('',#2524,#2522,#2760,.T.);
#1913=EDGE_CURVE('',#2525,#2526,#2761,.T.);
#1914=EDGE_CURVE('',#2526,#2527,#2762,.T.);
#1915=EDGE_CURVE('',#2527,#2525,#2763,.T.);
#1916=EDGE_CURVE('',#2528,#2529,#2764,.T.);
#1917=EDGE_CURVE('',#2529,#2530,#2765,.T.);
#1918=EDGE_CURVE('',#2530,#2528,#2766,.T.);
#1919=EDGE_CURVE('',#2531,#2532,#2767,.T.);
#1920=EDGE_CURVE('',#2532,#2533,#2768,.T.);
#1921=EDGE_CURVE('',#2533,#2531,#2769,.T.);
#1922=EDGE_CURVE('',#2534,#2535,#2770,.T.);
#1923=EDGE_CURVE('',#2535,#2536,#2771,.T.);
#1924=EDGE_CURVE('',#2536,#2534,#2772,.T.);
#1925=EDGE_CURVE('',#2448,#2495,#2773,.T.);
#1926=EDGE_CURVE('',#2453,#2496,#2774,.T.);
#1927=EDGE_CURVE('',#2452,#2537,#2775,.T.);
#1928=EDGE_CURVE('',#2538,#2537,#2776,.T.);
#1929=EDGE_CURVE('',#2449,#2538,#2777,.T.);
#1930=EDGE_CURVE('',#2271,#2275,#2778,.T.);
#1931=EDGE_CURVE('',#2272,#2276,#2779,.T.);
#1932=EDGE_CURVE('',#2270,#2277,#2780,.T.);
#1933=EDGE_CURVE('',#2268,#2278,#2781,.T.);
#1934=EDGE_CURVE('',#2269,#2279,#2782,.T.);
#1935=EDGE_CURVE('',#2267,#2280,#2783,.T.);
#1936=EDGE_CURVE('',#2265,#2281,#2784,.T.);
#1937=EDGE_CURVE('',#2266,#2282,#2785,.T.);
#1938=EDGE_CURVE('',#2264,#2283,#2786,.T.);
#1939=EDGE_CURVE('',#2262,#2284,#2787,.T.);
#1940=EDGE_CURVE('',#2263,#2285,#2788,.T.);
#1941=EDGE_CURVE('',#2261,#2286,#2789,.T.);
#1942=EDGE_CURVE('',#2259,#2287,#2790,.T.);
#1943=EDGE_CURVE('',#2260,#2288,#2791,.T.);
#1944=EDGE_CURVE('',#2258,#2289,#2792,.T.);
#1945=EDGE_CURVE('',#2256,#2290,#2793,.T.);
#1946=EDGE_CURVE('',#2257,#2291,#2794,.T.);
#1947=EDGE_CURVE('',#2255,#2292,#2795,.T.);
#1948=EDGE_CURVE('',#2473,#2477,#2796,.T.);
#1949=EDGE_CURVE('',#2474,#2478,#2797,.T.);
#1950=EDGE_CURVE('',#2472,#2479,#2798,.T.);
#1951=EDGE_CURVE('',#2470,#2480,#2799,.T.);
#1952=EDGE_CURVE('',#2471,#2481,#2800,.T.);
#1953=EDGE_CURVE('',#2469,#2482,#2801,.T.);
#1954=EDGE_CURVE('',#2467,#2483,#2802,.T.);
#1955=EDGE_CURVE('',#2468,#2484,#2803,.T.);
#1956=EDGE_CURVE('',#2466,#2485,#2804,.T.);
#1957=EDGE_CURVE('',#2464,#2486,#2805,.T.);
#1958=EDGE_CURVE('',#2465,#2487,#2806,.T.);
#1959=EDGE_CURVE('',#2463,#2488,#2807,.T.);
#1960=EDGE_CURVE('',#2461,#2489,#2808,.T.);
#1961=EDGE_CURVE('',#2462,#2490,#2809,.T.);
#1962=EDGE_CURVE('',#2460,#2491,#2810,.T.);
#1963=EDGE_CURVE('',#2520,#2515,#2811,.T.);
#1964=EDGE_CURVE('',#2521,#2514,#2812,.T.);
#1965=EDGE_CURVE('',#2519,#2516,#2813,.T.);
#1966=EDGE_CURVE('',#2523,#2512,#2814,.T.);
#1967=EDGE_CURVE('',#2524,#2511,#2815,.T.);
#1968=EDGE_CURVE('',#2522,#2513,#2816,.T.);
#1969=EDGE_CURVE('',#2526,#2509,#2817,.T.);
#1970=EDGE_CURVE('',#2527,#2508,#2818,.T.);
#1971=EDGE_CURVE('',#2525,#2510,#2819,.T.);
#1972=EDGE_CURVE('',#2529,#2506,#2820,.T.);
#1973=EDGE_CURVE('',#2530,#2505,#2821,.T.);
#1974=EDGE_CURVE('',#2528,#2507,#2822,.T.);
#1975=EDGE_CURVE('',#2532,#2503,#2823,.T.);
#1976=EDGE_CURVE('',#2533,#2502,#2824,.T.);
#1977=EDGE_CURVE('',#2531,#2504,#2825,.T.);
#1978=EDGE_CURVE('',#2535,#2500,#2826,.T.);
#1979=EDGE_CURVE('',#2536,#2499,#2827,.T.);
#1980=EDGE_CURVE('',#2534,#2501,#2828,.T.);
#1981=EDGE_CURVE('',#2144,#2185,#2829,.T.);
#1982=EDGE_CURVE('',#2145,#2184,#2830,.T.);
#1983=EDGE_CURVE('',#2143,#2186,#2831,.T.);
#1984=EDGE_CURVE('',#2147,#2182,#2832,.T.);
#1985=EDGE_CURVE('',#2148,#2181,#2833,.T.);
#1986=EDGE_CURVE('',#2146,#2183,#2834,.T.);
#1987=EDGE_CURVE('',#2150,#2179,#2835,.T.);
#1988=EDGE_CURVE('',#2151,#2178,#2836,.T.);
#1989=EDGE_CURVE('',#2149,#2180,#2837,.T.);
#1990=EDGE_CURVE('',#2153,#2176,#2838,.T.);
#1991=EDGE_CURVE('',#2154,#2175,#2839,.T.);
#1992=EDGE_CURVE('',#2152,#2177,#2840,.T.);
#1993=EDGE_CURVE('',#2156,#2173,#2841,.T.);
#1994=EDGE_CURVE('',#2157,#2172,#2842,.T.);
#1995=EDGE_CURVE('',#2155,#2174,#2843,.T.);
#1996=EDGE_CURVE('',#2537,#2518,#2844,.T.);
#1997=EDGE_CURVE('',#2326,#2451,#2845,.T.);
#1998=EDGE_CURVE('',#2327,#2253,#2846,.T.);
#1999=EDGE_CURVE('',#2329,#2254,#2847,.T.);
#2000=EDGE_CURVE('',#2328,#2450,#2848,.T.);
#2001=EDGE_CURVE('',#2538,#2517,#2849,.T.);
#2002=EDGE_CURVE('',#2166,#2192,#2850,.T.);
#2003=EDGE_CURVE('',#2330,#2219,#2851,.T.);
#2004=EDGE_CURVE('',#2331,#2323,#2852,.T.);
#2005=EDGE_CURVE('',#2165,#2193,#2853,.T.);
#2006=EDGE_CURVE('',#2333,#2324,#2854,.T.);
#2007=EDGE_CURVE('',#2332,#2218,#2855,.T.);
#2008=EDGE_CURVE('',#2377,#2539,#2856,.T.);
#2009=EDGE_CURVE('',#2539,#2273,#2857,.T.);
#2010=EDGE_CURVE('',#2376,#2222,#2858,.T.);
#2011=EDGE_CURVE('',#2296,#2539,#2859,.T.);
#2012=EDGE_CURVE('',#2378,#2248,#2860,.T.);
#2013=EDGE_CURVE('',#2274,#2295,#2861,.T.);
#2014=EDGE_CURVE('',#2540,#2476,#2862,.T.);
#2015=EDGE_CURVE('',#2422,#2540,#2863,.T.);
#2016=EDGE_CURVE('',#2423,#2320,#2864,.T.);
#2017=EDGE_CURVE('',#2475,#2498,#2865,.T.);
#2018=EDGE_CURVE('',#2421,#2456,#2866,.T.);
#2019=EDGE_CURVE('',#2335,#2317,#2867,.T.);
#2020=EDGE_CURVE('',#2334,#2316,#2868,.T.);
#2021=EDGE_CURVE('',#2336,#2315,#2869,.T.);
#2022=EDGE_CURVE('',#2338,#2314,#2870,.T.);
#2023=EDGE_CURVE('',#2337,#2313,#2871,.T.);
#2024=EDGE_CURVE('',#2339,#2312,#2872,.T.);
#2025=EDGE_CURVE('',#2341,#2311,#2873,.T.);
#2026=EDGE_CURVE('',#2340,#2310,#2874,.T.);
#2027=EDGE_CURVE('',#2342,#2309,#2875,.T.);
#2028=EDGE_CURVE('',#2344,#2308,#2876,.T.);
#2029=EDGE_CURVE('',#2343,#2307,#2877,.T.);
#2030=EDGE_CURVE('',#2345,#2306,#2878,.T.);
#2031=EDGE_CURVE('',#2347,#2305,#2879,.T.);
#2032=EDGE_CURVE('',#2346,#2304,#2880,.T.);
#2033=EDGE_CURVE('',#2348,#2303,#2881,.T.);
#2034=EDGE_CURVE('',#2350,#2302,#2882,.T.);
#2035=EDGE_CURVE('',#2349,#2301,#2883,.T.);
#2036=EDGE_CURVE('',#2351,#2300,#2884,.T.);
#2037=EDGE_CURVE('',#2353,#2299,#2885,.T.);
#2038=EDGE_CURVE('',#2352,#2298,#2886,.T.);
#2039=EDGE_CURVE('',#2354,#2297,#2887,.T.);
#2040=EDGE_CURVE('',#2356,#2197,#2888,.T.);
#2041=EDGE_CURVE('',#2355,#2196,#2889,.T.);
#2042=EDGE_CURVE('',#2357,#2195,#2890,.T.);
#2043=EDGE_CURVE('',#2359,#2200,#2891,.T.);
#2044=EDGE_CURVE('',#2358,#2199,#2892,.T.);
#2045=EDGE_CURVE('',#2360,#2198,#2893,.T.);
#2046=EDGE_CURVE('',#2362,#2203,#2894,.T.);
#2047=EDGE_CURVE('',#2361,#2202,#2895,.T.);
#2048=EDGE_CURVE('',#2363,#2201,#2896,.T.);
#2049=EDGE_CURVE('',#2365,#2206,#2897,.T.);
#2050=EDGE_CURVE('',#2364,#2205,#2898,.T.);
#2051=EDGE_CURVE('',#2366,#2204,#2899,.T.);
#2052=EDGE_CURVE('',#2368,#2209,#2900,.T.);
#2053=EDGE_CURVE('',#2367,#2208,#2901,.T.);
#2054=EDGE_CURVE('',#2369,#2207,#2902,.T.);
#2055=EDGE_CURVE('',#2371,#2212,#2903,.T.);
#2056=EDGE_CURVE('',#2370,#2211,#2904,.T.);
#2057=EDGE_CURVE('',#2372,#2210,#2905,.T.);
#2058=EDGE_CURVE('',#2374,#2215,#2906,.T.);
#2059=EDGE_CURVE('',#2373,#2214,#2907,.T.);
#2060=EDGE_CURVE('',#2375,#2213,#2908,.T.);
#2061=EDGE_CURVE('',#2380,#2243,#2909,.T.);
#2062=EDGE_CURVE('',#2379,#2242,#2910,.T.);
#2063=EDGE_CURVE('',#2381,#2241,#2911,.T.);
#2064=EDGE_CURVE('',#2383,#2240,#2912,.T.);
#2065=EDGE_CURVE('',#2382,#2239,#2913,.T.);
#2066=EDGE_CURVE('',#2384,#2238,#2914,.T.);
#2067=EDGE_CURVE('',#2386,#2237,#2915,.T.);
#2068=EDGE_CURVE('',#2385,#2236,#2916,.T.);
#2069=EDGE_CURVE('',#2387,#2235,#2917,.T.);
#2070=EDGE_CURVE('',#2389,#2234,#2918,.T.);
#2071=EDGE_CURVE('',#2388,#2233,#2919,.T.);
#2072=EDGE_CURVE('',#2390,#2232,#2920,.T.);
#2073=EDGE_CURVE('',#2392,#2231,#2921,.T.);
#2074=EDGE_CURVE('',#2391,#2230,#2922,.T.);
#2075=EDGE_CURVE('',#2393,#2229,#2923,.T.);
#2076=EDGE_CURVE('',#2395,#2228,#2924,.T.);
#2077=EDGE_CURVE('',#2394,#2227,#2925,.T.);
#2078=EDGE_CURVE('',#2396,#2226,#2926,.T.);
#2079=EDGE_CURVE('',#2398,#2225,#2927,.T.);
#2080=EDGE_CURVE('',#2397,#2224,#2928,.T.);
#2081=EDGE_CURVE('',#2399,#2223,#2929,.T.);
#2082=EDGE_CURVE('',#2401,#2427,#2930,.T.);
#2083=EDGE_CURVE('',#2400,#2426,#2931,.T.);
#2084=EDGE_CURVE('',#2402,#2425,#2932,.T.);
#2085=EDGE_CURVE('',#2404,#2430,#2933,.T.);
#2086=EDGE_CURVE('',#2403,#2429,#2934,.T.);
#2087=EDGE_CURVE('',#2405,#2428,#2935,.T.);
#2088=EDGE_CURVE('',#2407,#2433,#2936,.T.);
#2089=EDGE_CURVE('',#2406,#2432,#2937,.T.);
#2090=EDGE_CURVE('',#2408,#2431,#2938,.T.);
#2091=EDGE_CURVE('',#2410,#2436,#2939,.T.);
#2092=EDGE_CURVE('',#2409,#2435,#2940,.T.);
#2093=EDGE_CURVE('',#2411,#2434,#2941,.T.);
#2094=EDGE_CURVE('',#2413,#2439,#2942,.T.);
#2095=EDGE_CURVE('',#2412,#2438,#2943,.T.);
#2096=EDGE_CURVE('',#2414,#2437,#2944,.T.);
#2097=EDGE_CURVE('',#2416,#2442,#2945,.T.);
#2098=EDGE_CURVE('',#2415,#2441,#2946,.T.);
#2099=EDGE_CURVE('',#2417,#2440,#2947,.T.);
#2100=EDGE_CURVE('',#2419,#2445,#2948,.T.);
#2101=EDGE_CURVE('',#2418,#2444,#2949,.T.);
#2102=EDGE_CURVE('',#2420,#2443,#2950,.T.);
#2103=EDGE_CURVE('',#2497,#2540,#2951,.T.);
#2104=EDGE_CURVE('',#2159,#2170,#2952,.T.);
#2105=EDGE_CURVE('',#2160,#2169,#2953,.T.);
#2106=EDGE_CURVE('',#2158,#2171,#2954,.T.);
#2107=EDGE_CURVE('',#2458,#2492,#2955,.T.);
#2108=EDGE_CURVE('',#2459,#2493,#2956,.T.);
#2109=EDGE_CURVE('',#2457,#2494,#2957,.T.);
#2110=EDGE_CURVE('',#2541,#2542,#2958,.T.);
#2111=EDGE_CURVE('',#2542,#2543,#235,.F.);
#2112=EDGE_CURVE('',#2543,#2541,#2959,.T.);
#2113=EDGE_CURVE('',#2544,#2545,#2960,.T.);
#2114=EDGE_CURVE('',#2545,#2546,#2961,.T.);
#2115=EDGE_CURVE('',#2546,#2544,#236,.T.);
#2116=EDGE_CURVE('',#2542,#2544,#2962,.T.);
#2117=EDGE_CURVE('',#2543,#2546,#2963,.T.);
#2118=EDGE_CURVE('',#2541,#2545,#2964,.T.);
#2119=EDGE_CURVE('',#2547,#2548,#2965,.T.);
#2120=EDGE_CURVE('',#2548,#2549,#237,.F.);
#2121=EDGE_CURVE('',#2549,#2547,#2966,.T.);
#2122=EDGE_CURVE('',#2550,#2551,#2967,.T.);
#2123=EDGE_CURVE('',#2551,#2552,#2968,.T.);
#2124=EDGE_CURVE('',#2552,#2550,#238,.T.);
#2125=EDGE_CURVE('',#2548,#2550,#2969,.T.);
#2126=EDGE_CURVE('',#2549,#2552,#2970,.T.);
#2127=EDGE_CURVE('',#2547,#2551,#2971,.T.);
#2128=EDGE_CURVE('',#2553,#2554,#2972,.T.);
#2129=EDGE_CURVE('',#2554,#2555,#239,.F.);
#2130=EDGE_CURVE('',#2555,#2553,#2973,.T.);
#2131=EDGE_CURVE('',#2556,#2557,#2974,.T.);
#2132=EDGE_CURVE('',#2557,#2558,#2975,.T.);
#2133=EDGE_CURVE('',#2558,#2556,#240,.T.);
#2134=EDGE_CURVE('',#2554,#2556,#2976,.T.);
#2135=EDGE_CURVE('',#2555,#2558,#2977,.T.);
#2136=EDGE_CURVE('',#2553,#2557,#2978,.T.);
#2137=VERTEX_POINT('',#6238);
#2138=VERTEX_POINT('',#6239);
#2139=VERTEX_POINT('',#6241);
#2140=VERTEX_POINT('',#6245);
#2141=VERTEX_POINT('',#6246);
#2142=VERTEX_POINT('',#6248);
#2143=VERTEX_POINT('',#6259);
#2144=VERTEX_POINT('',#6260);
#2145=VERTEX_POINT('',#6262);
#2146=VERTEX_POINT('',#6265);
#2147=VERTEX_POINT('',#6266);
#2148=VERTEX_POINT('',#6268);
#2149=VERTEX_POINT('',#6271);
#2150=VERTEX_POINT('',#6272);
#2151=VERTEX_POINT('',#6274);
#2152=VERTEX_POINT('',#6277);
#2153=VERTEX_POINT('',#6278);
#2154=VERTEX_POINT('',#6280);
#2155=VERTEX_POINT('',#6283);
#2156=VERTEX_POINT('',#6284);
#2157=VERTEX_POINT('',#6286);
#2158=VERTEX_POINT('',#6289);
#2159=VERTEX_POINT('',#6290);
#2160=VERTEX_POINT('',#6292);
#2161=VERTEX_POINT('',#6295);
#2162=VERTEX_POINT('',#6296);
#2163=VERTEX_POINT('',#6298);
#2164=VERTEX_POINT('',#6300);
#2165=VERTEX_POINT('',#6302);
#2166=VERTEX_POINT('',#6304);
#2167=VERTEX_POINT('',#6306);
#2168=VERTEX_POINT('',#6308);
#2169=VERTEX_POINT('',#6312);
#2170=VERTEX_POINT('',#6313);
#2171=VERTEX_POINT('',#6315);
#2172=VERTEX_POINT('',#6318);
#2173=VERTEX_POINT('',#6319);
#2174=VERTEX_POINT('',#6321);
#2175=VERTEX_POINT('',#6324);
#2176=VERTEX_POINT('',#6325);
#2177=VERTEX_POINT('',#6327);
#2178=VERTEX_POINT('',#6330);
#2179=VERTEX_POINT('',#6331);
#2180=VERTEX_POINT('',#6333);
#2181=VERTEX_POINT('',#6336);
#2182=VERTEX_POINT('',#6337);
#2183=VERTEX_POINT('',#6339);
#2184=VERTEX_POINT('',#6342);
#2185=VERTEX_POINT('',#6343);
#2186=VERTEX_POINT('',#6345);
#2187=VERTEX_POINT('',#6348);
#2188=VERTEX_POINT('',#6349);
#2189=VERTEX_POINT('',#6351);
#2190=VERTEX_POINT('',#6353);
#2191=VERTEX_POINT('',#6355);
#2192=VERTEX_POINT('',#6357);
#2193=VERTEX_POINT('',#6359);
#2194=VERTEX_POINT('',#6361);
#2195=VERTEX_POINT('',#6365);
#2196=VERTEX_POINT('',#6366);
#2197=VERTEX_POINT('',#6368);
#2198=VERTEX_POINT('',#6371);
#2199=VERTEX_POINT('',#6372);
#2200=VERTEX_POINT('',#6374);
#2201=VERTEX_POINT('',#6377);
#2202=VERTEX_POINT('',#6378);
#2203=VERTEX_POINT('',#6380);
#2204=VERTEX_POINT('',#6383);
#2205=VERTEX_POINT('',#6384);
#2206=VERTEX_POINT('',#6386);
#2207=VERTEX_POINT('',#6389);
#2208=VERTEX_POINT('',#6390);
#2209=VERTEX_POINT('',#6392);
#2210=VERTEX_POINT('',#6395);
#2211=VERTEX_POINT('',#6396);
#2212=VERTEX_POINT('',#6398);
#2213=VERTEX_POINT('',#6401);
#2214=VERTEX_POINT('',#6402);
#2215=VERTEX_POINT('',#6404);
#2216=VERTEX_POINT('',#6407);
#2217=VERTEX_POINT('',#6408);
#2218=VERTEX_POINT('',#6411);
#2219=VERTEX_POINT('',#6413);
#2220=VERTEX_POINT('',#6416);
#2221=VERTEX_POINT('',#6418);
#2222=VERTEX_POINT('',#6420);
#2223=VERTEX_POINT('',#6424);
#2224=VERTEX_POINT('',#6425);
#2225=VERTEX_POINT('',#6427);
#2226=VERTEX_POINT('',#6430);
#2227=VERTEX_POINT('',#6431);
#2228=VERTEX_POINT('',#6433);
#2229=VERTEX_POINT('',#6436);
#2230=VERTEX_POINT('',#6437);
#2231=VERTEX_POINT('',#6439);
#2232=VERTEX_POINT('',#6442);
#2233=VERTEX_POINT('',#6443);
#2234=VERTEX_POINT('',#6445);
#2235=VERTEX_POINT('',#6448);
#2236=VERTEX_POINT('',#6449);
#2237=VERTEX_POINT('',#6451);
#2238=VERTEX_POINT('',#6454);
#2239=VERTEX_POINT('',#6455);
#2240=VERTEX_POINT('',#6457);
#2241=VERTEX_POINT('',#6460);
#2242=VERTEX_POINT('',#6461);
#2243=VERTEX_POINT('',#6463);
#2244=VERTEX_POINT('',#6466);
#2245=VERTEX_POINT('',#6467);
#2246=VERTEX_POINT('',#6469);
#2247=VERTEX_POINT('',#6471);
#2248=VERTEX_POINT('',#6473);
#2249=VERTEX_POINT('',#6475);
#2250=VERTEX_POINT('',#6477);
#2251=VERTEX_POINT('',#6479);
#2252=VERTEX_POINT('',#6481);
#2253=VERTEX_POINT('',#6483);
#2254=VERTEX_POINT('',#6485);
#2255=VERTEX_POINT('',#6489);
#2256=VERTEX_POINT('',#6490);
#2257=VERTEX_POINT('',#6492);
#2258=VERTEX_POINT('',#6495);
#2259=VERTEX_POINT('',#6496);
#2260=VERTEX_POINT('',#6498);
#2261=VERTEX_POINT('',#6501);
#2262=VERTEX_POINT('',#6502);
#2263=VERTEX_POINT('',#6504);
#2264=VERTEX_POINT('',#6507);
#2265=VERTEX_POINT('',#6508);
#2266=VERTEX_POINT('',#6510);
#2267=VERTEX_POINT('',#6513);
#2268=VERTEX_POINT('',#6514);
#2269=VERTEX_POINT('',#6516);
#2270=VERTEX_POINT('',#6519);
#2271=VERTEX_POINT('',#6520);
#2272=VERTEX_POINT('',#6522);
#2273=VERTEX_POINT('',#6526);
#2274=VERTEX_POINT('',#6528);
#2275=VERTEX_POINT('',#6533);
#2276=VERTEX_POINT('',#6534);
#2277=VERTEX_POINT('',#6536);
#2278=VERTEX_POINT('',#6539);
#2279=VERTEX_POINT('',#6540);
#2280=VERTEX_POINT('',#6542);
#2281=VERTEX_POINT('',#6545);
#2282=VERTEX_POINT('',#6546);
#2283=VERTEX_POINT('',#6548);
#2284=VERTEX_POINT('',#6551);
#2285=VERTEX_POINT('',#6552);
#2286=VERTEX_POINT('',#6554);
#2287=VERTEX_POINT('',#6557);
#2288=VERTEX_POINT('',#6558);
#2289=VERTEX_POINT('',#6560);
#2290=VERTEX_POINT('',#6563);
#2291=VERTEX_POINT('',#6564);
#2292=VERTEX_POINT('',#6566);
#2293=VERTEX_POINT('',#6569);
#2294=VERTEX_POINT('',#6571);
#2295=VERTEX_POINT('',#6574);
#2296=VERTEX_POINT('',#6576);
#2297=VERTEX_POINT('',#6580);
#2298=VERTEX_POINT('',#6581);
#2299=VERTEX_POINT('',#6583);
#2300=VERTEX_POINT('',#6586);
#2301=VERTEX_POINT('',#6587);
#2302=VERTEX_POINT('',#6589);
#2303=VERTEX_POINT('',#6592);
#2304=VERTEX_POINT('',#6593);
#2305=VERTEX_POINT('',#6595);
#2306=VERTEX_POINT('',#6598);
#2307=VERTEX_POINT('',#6599);
#2308=VERTEX_POINT('',#6601);
#2309=VERTEX_POINT('',#6604);
#2310=VERTEX_POINT('',#6605);
#2311=VERTEX_POINT('',#6607);
#2312=VERTEX_POINT('',#6610);
#2313=VERTEX_POINT('',#6611);
#2314=VERTEX_POINT('',#6613);
#2315=VERTEX_POINT('',#6616);
#2316=VERTEX_POINT('',#6617);
#2317=VERTEX_POINT('',#6619);
#2318=VERTEX_POINT('',#6622);
#2319=VERTEX_POINT('',#6624);
#2320=VERTEX_POINT('',#6626);
#2321=VERTEX_POINT('',#6628);
#2322=VERTEX_POINT('',#6630);
#2323=VERTEX_POINT('',#6633);
#2324=VERTEX_POINT('',#6635);
#2325=VERTEX_POINT('',#6639);
#2326=VERTEX_POINT('',#6641);
#2327=VERTEX_POINT('',#6642);
#2328=VERTEX_POINT('',#6644);
#2329=VERTEX_POINT('',#6646);
#2330=VERTEX_POINT('',#6649);
#2331=VERTEX_POINT('',#6650);
#2332=VERTEX_POINT('',#6652);
#2333=VERTEX_POINT('',#6654);
#2334=VERTEX_POINT('',#6657);
#2335=VERTEX_POINT('',#6658);
#2336=VERTEX_POINT('',#6660);
#2337=VERTEX_POINT('',#6663);
#2338=VERTEX_POINT('',#6664);
#2339=VERTEX_POINT('',#6666);
#2340=VERTEX_POINT('',#6669);
#2341=VERTEX_POINT('',#6670);
#2342=VERTEX_POINT('',#6672);
#2343=VERTEX_POINT('',#6675);
#2344=VERTEX_POINT('',#6676);
#2345=VERTEX_POINT('',#6678);
#2346=VERTEX_POINT('',#6681);
#2347=VERTEX_POINT('',#6682);
#2348=VERTEX_POINT('',#6684);
#2349=VERTEX_POINT('',#6687);
#2350=VERTEX_POINT('',#6688);
#2351=VERTEX_POINT('',#6690);
#2352=VERTEX_POINT('',#6693);
#2353=VERTEX_POINT('',#6694);
#2354=VERTEX_POINT('',#6696);
#2355=VERTEX_POINT('',#6699);
#2356=VERTEX_POINT('',#6700);
#2357=VERTEX_POINT('',#6702);
#2358=VERTEX_POINT('',#6705);
#2359=VERTEX_POINT('',#6706);
#2360=VERTEX_POINT('',#6708);
#2361=VERTEX_POINT('',#6711);
#2362=VERTEX_POINT('',#6712);
#2363=VERTEX_POINT('',#6714);
#2364=VERTEX_POINT('',#6717);
#2365=VERTEX_POINT('',#6718);
#2366=VERTEX_POINT('',#6720);
#2367=VERTEX_POINT('',#6723);
#2368=VERTEX_POINT('',#6724);
#2369=VERTEX_POINT('',#6726);
#2370=VERTEX_POINT('',#6729);
#2371=VERTEX_POINT('',#6730);
#2372=VERTEX_POINT('',#6732);
#2373=VERTEX_POINT('',#6735);
#2374=VERTEX_POINT('',#6736);
#2375=VERTEX_POINT('',#6738);
#2376=VERTEX_POINT('',#6741);
#2377=VERTEX_POINT('',#6742);
#2378=VERTEX_POINT('',#6744);
#2379=VERTEX_POINT('',#6747);
#2380=VERTEX_POINT('',#6748);
#2381=VERTEX_POINT('',#6750);
#2382=VERTEX_POINT('',#6753);
#2383=VERTEX_POINT('',#6754);
#2384=VERTEX_POINT('',#6756);
#2385=VERTEX_POINT('',#6759);
#2386=VERTEX_POINT('',#6760);
#2387=VERTEX_POINT('',#6762);
#2388=VERTEX_POINT('',#6765);
#2389=VERTEX_POINT('',#6766);
#2390=VERTEX_POINT('',#6768);
#2391=VERTEX_POINT('',#6771);
#2392=VERTEX_POINT('',#6772);
#2393=VERTEX_POINT('',#6774);
#2394=VERTEX_POINT('',#6777);
#2395=VERTEX_POINT('',#6778);
#2396=VERTEX_POINT('',#6780);
#2397=VERTEX_POINT('',#6783);
#2398=VERTEX_POINT('',#6784);
#2399=VERTEX_POINT('',#6786);
#2400=VERTEX_POINT('',#6789);
#2401=VERTEX_POINT('',#6790);
#2402=VERTEX_POINT('',#6792);
#2403=VERTEX_POINT('',#6795);
#2404=VERTEX_POINT('',#6796);
#2405=VERTEX_POINT('',#6798);
#2406=VERTEX_POINT('',#6801);
#2407=VERTEX_POINT('',#6802);
#2408=VERTEX_POINT('',#6804);
#2409=VERTEX_POINT('',#6807);
#2410=VERTEX_POINT('',#6808);
#2411=VERTEX_POINT('',#6810);
#2412=VERTEX_POINT('',#6813);
#2413=VERTEX_POINT('',#6814);
#2414=VERTEX_POINT('',#6816);
#2415=VERTEX_POINT('',#6819);
#2416=VERTEX_POINT('',#6820);
#2417=VERTEX_POINT('',#6822);
#2418=VERTEX_POINT('',#6825);
#2419=VERTEX_POINT('',#6826);
#2420=VERTEX_POINT('',#6828);
#2421=VERTEX_POINT('',#6831);
#2422=VERTEX_POINT('',#6832);
#2423=VERTEX_POINT('',#6834);
#2424=VERTEX_POINT('',#6837);
#2425=VERTEX_POINT('',#6840);
#2426=VERTEX_POINT('',#6841);
#2427=VERTEX_POINT('',#6843);
#2428=VERTEX_POINT('',#6846);
#2429=VERTEX_POINT('',#6847);
#2430=VERTEX_POINT('',#6849);
#2431=VERTEX_POINT('',#6852);
#2432=VERTEX_POINT('',#6853);
#2433=VERTEX_POINT('',#6855);
#2434=VERTEX_POINT('',#6858);
#2435=VERTEX_POINT('',#6859);
#2436=VERTEX_POINT('',#6861);
#2437=VERTEX_POINT('',#6864);
#2438=VERTEX_POINT('',#6865);
#2439=VERTEX_POINT('',#6867);
#2440=VERTEX_POINT('',#6870);
#2441=VERTEX_POINT('',#6871);
#2442=VERTEX_POINT('',#6873);
#2443=VERTEX_POINT('',#6876);
#2444=VERTEX_POINT('',#6877);
#2445=VERTEX_POINT('',#6879);
#2446=VERTEX_POINT('',#6882);
#2447=VERTEX_POINT('',#6883);
#2448=VERTEX_POINT('',#6885);
#2449=VERTEX_POINT('',#6887);
#2450=VERTEX_POINT('',#6889);
#2451=VERTEX_POINT('',#6891);
#2452=VERTEX_POINT('',#6893);
#2453=VERTEX_POINT('',#6895);
#2454=VERTEX_POINT('',#6897);
#2455=VERTEX_POINT('',#6899);
#2456=VERTEX_POINT('',#6901);
#2457=VERTEX_POINT('',#6905);
#2458=VERTEX_POINT('',#6906);
#2459=VERTEX_POINT('',#6908);
#2460=VERTEX_POINT('',#6911);
#2461=VERTEX_POINT('',#6912);
#2462=VERTEX_POINT('',#6914);
#2463=VERTEX_POINT('',#6917);
#2464=VERTEX_POINT('',#6918);
#2465=VERTEX_POINT('',#6920);
#2466=VERTEX_POINT('',#6923);
#2467=VERTEX_POINT('',#6924);
#2468=VERTEX_POINT('',#6926);
#2469=VERTEX_POINT('',#6929);
#2470=VERTEX_POINT('',#6930);
#2471=VERTEX_POINT('',#6932);
#2472=VERTEX_POINT('',#6935);
#2473=VERTEX_POINT('',#6936);
#2474=VERTEX_POINT('',#6938);
#2475=VERTEX_POINT('',#6943);
#2476=VERTEX_POINT('',#6945);
#2477=VERTEX_POINT('',#6949);
#2478=VERTEX_POINT('',#6950);
#2479=VERTEX_POINT('',#6952);
#2480=VERTEX_POINT('',#6955);
#2481=VERTEX_POINT('',#6956);
#2482=VERTEX_POINT('',#6958);
#2483=VERTEX_POINT('',#6961);
#2484=VERTEX_POINT('',#6962);
#2485=VERTEX_POINT('',#6964);
#2486=VERTEX_POINT('',#6967);
#2487=VERTEX_POINT('',#6968);
#2488=VERTEX_POINT('',#6970);
#2489=VERTEX_POINT('',#6973);
#2490=VERTEX_POINT('',#6974);
#2491=VERTEX_POINT('',#6976);
#2492=VERTEX_POINT('',#6979);
#2493=VERTEX_POINT('',#6980);
#2494=VERTEX_POINT('',#6982);
#2495=VERTEX_POINT('',#6985);
#2496=VERTEX_POINT('',#6986);
#2497=VERTEX_POINT('',#6989);
#2498=VERTEX_POINT('',#6991);
#2499=VERTEX_POINT('',#6996);
#2500=VERTEX_POINT('',#6997);
#2501=VERTEX_POINT('',#6999);
#2502=VERTEX_POINT('',#7002);
#2503=VERTEX_POINT('',#7003);
#2504=VERTEX_POINT('',#7005);
#2505=VERTEX_POINT('',#7008);
#2506=VERTEX_POINT('',#7009);
#2507=VERTEX_POINT('',#7011);
#2508=VERTEX_POINT('',#7014);
#2509=VERTEX_POINT('',#7015);
#2510=VERTEX_POINT('',#7017);
#2511=VERTEX_POINT('',#7020);
#2512=VERTEX_POINT('',#7021);
#2513=VERTEX_POINT('',#7023);
#2514=VERTEX_POINT('',#7026);
#2515=VERTEX_POINT('',#7027);
#2516=VERTEX_POINT('',#7029);
#2517=VERTEX_POINT('',#7033);
#2518=VERTEX_POINT('',#7035);
#2519=VERTEX_POINT('',#7040);
#2520=VERTEX_POINT('',#7041);
#2521=VERTEX_POINT('',#7043);
#2522=VERTEX_POINT('',#7046);
#2523=VERTEX_POINT('',#7047);
#2524=VERTEX_POINT('',#7049);
#2525=VERTEX_POINT('',#7052);
#2526=VERTEX_POINT('',#7053);
#2527=VERTEX_POINT('',#7055);
#2528=VERTEX_POINT('',#7058);
#2529=VERTEX_POINT('',#7059);
#2530=VERTEX_POINT('',#7061);
#2531=VERTEX_POINT('',#7064);
#2532=VERTEX_POINT('',#7065);
#2533=VERTEX_POINT('',#7067);
#2534=VERTEX_POINT('',#7070);
#2535=VERTEX_POINT('',#7071);
#2536=VERTEX_POINT('',#7073);
#2537=VERTEX_POINT('',#7078);
#2538=VERTEX_POINT('',#7080);
#2539=VERTEX_POINT('',#7236);
#2540=VERTEX_POINT('',#7247);
#2541=VERTEX_POINT('',#7447);
#2542=VERTEX_POINT('',#7448);
#2543=VERTEX_POINT('',#7450);
#2544=VERTEX_POINT('',#7454);
#2545=VERTEX_POINT('',#7455);
#2546=VERTEX_POINT('',#7457);
#2547=VERTEX_POINT('',#7468);
#2548=VERTEX_POINT('',#7469);
#2549=VERTEX_POINT('',#7471);
#2550=VERTEX_POINT('',#7475);
#2551=VERTEX_POINT('',#7476);
#2552=VERTEX_POINT('',#7478);
#2553=VERTEX_POINT('',#7489);
#2554=VERTEX_POINT('',#7490);
#2555=VERTEX_POINT('',#7492);
#2556=VERTEX_POINT('',#7496);
#2557=VERTEX_POINT('',#7497);
#2558=VERTEX_POINT('',#7499);
#2559=LINE('',#6237,#2979);
#2560=LINE('',#6242,#2980);
#2561=LINE('',#6244,#2981);
#2562=LINE('',#6247,#2982);
#2563=LINE('',#6251,#2983);
#2564=LINE('',#6252,#2984);
#2565=LINE('',#6254,#2985);
#2566=LINE('',#6258,#2986);
#2567=LINE('',#6261,#2987);
#2568=LINE('',#6263,#2988);
#2569=LINE('',#6264,#2989);
#2570=LINE('',#6267,#2990);
#2571=LINE('',#6269,#2991);
#2572=LINE('',#6270,#2992);
#2573=LINE('',#6273,#2993);
#2574=LINE('',#6275,#2994);
#2575=LINE('',#6276,#2995);
#2576=LINE('',#6279,#2996);
#2577=LINE('',#6281,#2997);
#2578=LINE('',#6282,#2998);
#2579=LINE('',#6285,#2999);
#2580=LINE('',#6287,#3000);
#2581=LINE('',#6288,#3001);
#2582=LINE('',#6291,#3002);
#2583=LINE('',#6293,#3003);
#2584=LINE('',#6294,#3004);
#2585=LINE('',#6297,#3005);
#2586=LINE('',#6299,#3006);
#2587=LINE('',#6301,#3007);
#2588=LINE('',#6303,#3008);
#2589=LINE('',#6305,#3009);
#2590=LINE('',#6307,#3010);
#2591=LINE('',#6309,#3011);
#2592=LINE('',#6311,#3012);
#2593=LINE('',#6314,#3013);
#2594=LINE('',#6316,#3014);
#2595=LINE('',#6317,#3015);
#2596=LINE('',#6320,#3016);
#2597=LINE('',#6322,#3017);
#2598=LINE('',#6323,#3018);
#2599=LINE('',#6326,#3019);
#2600=LINE('',#6328,#3020);
#2601=LINE('',#6329,#3021);
#2602=LINE('',#6332,#3022);
#2603=LINE('',#6334,#3023);
#2604=LINE('',#6335,#3024);
#2605=LINE('',#6338,#3025);
#2606=LINE('',#6340,#3026);
#2607=LINE('',#6341,#3027);
#2608=LINE('',#6344,#3028);
#2609=LINE('',#6346,#3029);
#2610=LINE('',#6347,#3030);
#2611=LINE('',#6350,#3031);
#2612=LINE('',#6352,#3032);
#2613=LINE('',#6354,#3033);
#2614=LINE('',#6356,#3034);
#2615=LINE('',#6358,#3035);
#2616=LINE('',#6360,#3036);
#2617=LINE('',#6362,#3037);
#2618=LINE('',#6406,#3038);
#2619=LINE('',#6412,#3039);
#2620=LINE('',#6417,#3040);
#2621=LINE('',#6465,#3041);
#2622=LINE('',#6470,#3042);
#2623=LINE('',#6476,#3043);
#2624=LINE('',#6480,#3044);
#2625=LINE('',#6484,#3045);
#2626=LINE('',#6488,#3046);
#2627=LINE('',#6491,#3047);
#2628=LINE('',#6493,#3048);
#2629=LINE('',#6494,#3049);
#2630=LINE('',#6497,#3050);
#2631=LINE('',#6499,#3051);
#2632=LINE('',#6500,#3052);
#2633=LINE('',#6503,#3053);
#2634=LINE('',#6505,#3054);
#2635=LINE('',#6506,#3055);
#2636=LINE('',#6509,#3056);
#2637=LINE('',#6511,#3057);
#2638=LINE('',#6512,#3058);
#2639=LINE('',#6515,#3059);
#2640=LINE('',#6517,#3060);
#2641=LINE('',#6518,#3061);
#2642=LINE('',#6521,#3062);
#2643=LINE('',#6523,#3063);
#2644=LINE('',#6524,#3064);
#2645=LINE('',#6525,#3065);
#2646=LINE('',#6527,#3066);
#2647=LINE('',#6529,#3067);
#2648=LINE('',#6530,#3068);
#2649=LINE('',#6532,#3069);
#2650=LINE('',#6535,#3070);
#2651=LINE('',#6537,#3071);
#2652=LINE('',#6538,#3072);
#2653=LINE('',#6541,#3073);
#2654=LINE('',#6543,#3074);
#2655=LINE('',#6544,#3075);
#2656=LINE('',#6547,#3076);
#2657=LINE('',#6549,#3077);
#2658=LINE('',#6550,#3078);
#2659=LINE('',#6553,#3079);
#2660=LINE('',#6555,#3080);
#2661=LINE('',#6556,#3081);
#2662=LINE('',#6559,#3082);
#2663=LINE('',#6561,#3083);
#2664=LINE('',#6562,#3084);
#2665=LINE('',#6565,#3085);
#2666=LINE('',#6567,#3086);
#2667=LINE('',#6568,#3087);
#2668=LINE('',#6570,#3088);
#2669=LINE('',#6572,#3089);
#2670=LINE('',#6573,#3090);
#2671=LINE('',#6575,#3091);
#2672=LINE('',#6577,#3092);
#2673=LINE('',#6623,#3093);
#2674=LINE('',#6629,#3094);
#2675=LINE('',#6634,#3095);
#2676=LINE('',#6643,#3096);
#2677=LINE('',#6647,#3097);
#2678=LINE('',#6651,#3098);
#2679=LINE('',#6655,#3099);
#2680=LINE('',#6881,#3100);
#2681=LINE('',#6886,#3101);
#2682=LINE('',#6890,#3102);
#2683=LINE('',#6894,#3103);
#2684=LINE('',#6898,#3104);
#2685=LINE('',#6904,#3105);
#2686=LINE('',#6907,#3106);
#2687=LINE('',#6909,#3107);
#2688=LINE('',#6910,#3108);
#2689=LINE('',#6913,#3109);
#2690=LINE('',#6915,#3110);
#2691=LINE('',#6916,#3111);
#2692=LINE('',#6919,#3112);
#2693=LINE('',#6921,#3113);
#2694=LINE('',#6922,#3114);
#2695=LINE('',#6925,#3115);
#2696=LINE('',#6927,#3116);
#2697=LINE('',#6928,#3117);
#2698=LINE('',#6931,#3118);
#2699=LINE('',#6933,#3119);
#2700=LINE('',#6934,#3120);
#2701=LINE('',#6937,#3121);
#2702=LINE('',#6939,#3122);
#2703=LINE('',#6940,#3123);
#2704=LINE('',#6941,#3124);
#2705=LINE('',#6942,#3125);
#2706=LINE('',#6944,#3126);
#2707=LINE('',#6946,#3127);
#2708=LINE('',#6948,#3128);
#2709=LINE('',#6951,#3129);
#2710=LINE('',#6953,#3130);
#2711=LINE('',#6954,#3131);
#2712=LINE('',#6957,#3132);
#2713=LINE('',#6959,#3133);
#2714=LINE('',#6960,#3134);
#2715=LINE('',#6963,#3135);
#2716=LINE('',#6965,#3136);
#2717=LINE('',#6966,#3137);
#2718=LINE('',#6969,#3138);
#2719=LINE('',#6971,#3139);
#2720=LINE('',#6972,#3140);
#2721=LINE('',#6975,#3141);
#2722=LINE('',#6977,#3142);
#2723=LINE('',#6978,#3143);
#2724=LINE('',#6981,#3144);
#2725=LINE('',#6983,#3145);
#2726=LINE('',#6984,#3146);
#2727=LINE('',#6987,#3147);
#2728=LINE('',#6988,#3148);
#2729=LINE('',#6990,#3149);
#2730=LINE('',#6992,#3150);
#2731=LINE('',#6993,#3151);
#2732=LINE('',#6995,#3152);
#2733=LINE('',#6998,#3153);
#2734=LINE('',#7000,#3154);
#2735=LINE('',#7001,#3155);
#2736=LINE('',#7004,#3156);
#2737=LINE('',#7006,#3157);
#2738=LINE('',#7007,#3158);
#2739=LINE('',#7010,#3159);
#2740=LINE('',#7012,#3160);
#2741=LINE('',#7013,#3161);
#2742=LINE('',#7016,#3162);
#2743=LINE('',#7018,#3163);
#2744=LINE('',#7019,#3164);
#2745=LINE('',#7022,#3165);
#2746=LINE('',#7024,#3166);
#2747=LINE('',#7025,#3167);
#2748=LINE('',#7028,#3168);
#2749=LINE('',#7030,#3169);
#2750=LINE('',#7031,#3170);
#2751=LINE('',#7032,#3171);
#2752=LINE('',#7034,#3172);
#2753=LINE('',#7036,#3173);
#2754=LINE('',#7037,#3174);
#2755=LINE('',#7039,#3175);
#2756=LINE('',#7042,#3176);
#2757=LINE('',#7044,#3177);
#2758=LINE('',#7045,#3178);
#2759=LINE('',#7048,#3179);
#2760=LINE('',#7050,#3180);
#2761=LINE('',#7051,#3181);
#2762=LINE('',#7054,#3182);
#2763=LINE('',#7056,#3183);
#2764=LINE('',#7057,#3184);
#2765=LINE('',#7060,#3185);
#2766=LINE('',#7062,#3186);
#2767=LINE('',#7063,#3187);
#2768=LINE('',#7066,#3188);
#2769=LINE('',#7068,#3189);
#2770=LINE('',#7069,#3190);
#2771=LINE('',#7072,#3191);
#2772=LINE('',#7074,#3192);
#2773=LINE('',#7075,#3193);
#2774=LINE('',#7076,#3194);
#2775=LINE('',#7077,#3195);
#2776=LINE('',#7079,#3196);
#2777=LINE('',#7081,#3197);
#2778=LINE('',#7083,#3198);
#2779=LINE('',#7084,#3199);
#2780=LINE('',#7086,#3200);
#2781=LINE('',#7089,#3201);
#2782=LINE('',#7090,#3202);
#2783=LINE('',#7092,#3203);
#2784=LINE('',#7095,#3204);
#2785=LINE('',#7096,#3205);
#2786=LINE('',#7098,#3206);
#2787=LINE('',#7101,#3207);
#2788=LINE('',#7102,#3208);
#2789=LINE('',#7104,#3209);
#2790=LINE('',#7107,#3210);
#2791=LINE('',#7108,#3211);
#2792=LINE('',#7110,#3212);
#2793=LINE('',#7113,#3213);
#2794=LINE('',#7114,#3214);
#2795=LINE('',#7116,#3215);
#2796=LINE('',#7119,#3216);
#2797=LINE('',#7120,#3217);
#2798=LINE('',#7122,#3218);
#2799=LINE('',#7125,#3219);
#2800=LINE('',#7126,#3220);
#2801=LINE('',#7128,#3221);
#2802=LINE('',#7131,#3222);
#2803=LINE('',#7132,#3223);
#2804=LINE('',#7134,#3224);
#2805=LINE('',#7137,#3225);
#2806=LINE('',#7138,#3226);
#2807=LINE('',#7140,#3227);
#2808=LINE('',#7143,#3228);
#2809=LINE('',#7144,#3229);
#2810=LINE('',#7146,#3230);
#2811=LINE('',#7149,#3231);
#2812=LINE('',#7150,#3232);
#2813=LINE('',#7152,#3233);
#2814=LINE('',#7155,#3234);
#2815=LINE('',#7156,#3235);
#2816=LINE('',#7158,#3236);
#2817=LINE('',#7161,#3237);
#2818=LINE('',#7162,#3238);
#2819=LINE('',#7164,#3239);
#2820=LINE('',#7167,#3240);
#2821=LINE('',#7168,#3241);
#2822=LINE('',#7170,#3242);
#2823=LINE('',#7173,#3243);
#2824=LINE('',#7174,#3244);
#2825=LINE('',#7176,#3245);
#2826=LINE('',#7179,#3246);
#2827=LINE('',#7180,#3247);
#2828=LINE('',#7182,#3248);
#2829=LINE('',#7185,#3249);
#2830=LINE('',#7186,#3250);
#2831=LINE('',#7188,#3251);
#2832=LINE('',#7191,#3252);
#2833=LINE('',#7192,#3253);
#2834=LINE('',#7194,#3254);
#2835=LINE('',#7197,#3255);
#2836=LINE('',#7198,#3256);
#2837=LINE('',#7200,#3257);
#2838=LINE('',#7203,#3258);
#2839=LINE('',#7204,#3259);
#2840=LINE('',#7206,#3260);
#2841=LINE('',#7209,#3261);
#2842=LINE('',#7210,#3262);
#2843=LINE('',#7212,#3263);
#2844=LINE('',#7215,#3264);
#2845=LINE('',#7216,#3265);
#2846=LINE('',#7217,#3266);
#2847=LINE('',#7219,#3267);
#2848=LINE('',#7220,#3268);
#2849=LINE('',#7221,#3269);
#2850=LINE('',#7225,#3270);
#2851=LINE('',#7226,#3271);
#2852=LINE('',#7227,#3272);
#2853=LINE('',#7229,#3273);
#2854=LINE('',#7230,#3274);
#2855=LINE('',#7231,#3275);
#2856=LINE('',#7235,#3276);
#2857=LINE('',#7237,#3277);
#2858=LINE('',#7238,#3278);
#2859=LINE('',#7240,#3279);
#2860=LINE('',#7241,#3280);
#2861=LINE('',#7243,#3281);
#2862=LINE('',#7246,#3282);
#2863=LINE('',#7248,#3283);
#2864=LINE('',#7249,#3284);
#2865=LINE('',#7251,#3285);
#2866=LINE('',#7252,#3286);
#2867=LINE('',#7254,#3287);
#2868=LINE('',#7255,#3288);
#2869=LINE('',#7257,#3289);
#2870=LINE('',#7260,#3290);
#2871=LINE('',#7261,#3291);
#2872=LINE('',#7263,#3292);
#2873=LINE('',#7266,#3293);
#2874=LINE('',#7267,#3294);
#2875=LINE('',#7269,#3295);
#2876=LINE('',#7272,#3296);
#2877=LINE('',#7273,#3297);
#2878=LINE('',#7275,#3298);
#2879=LINE('',#7278,#3299);
#2880=LINE('',#7279,#3300);
#2881=LINE('',#7281,#3301);
#2882=LINE('',#7284,#3302);
#2883=LINE('',#7285,#3303);
#2884=LINE('',#7287,#3304);
#2885=LINE('',#7290,#3305);
#2886=LINE('',#7291,#3306);
#2887=LINE('',#7293,#3307);
#2888=LINE('',#7296,#3308);
#2889=LINE('',#7297,#3309);
#2890=LINE('',#7299,#3310);
#2891=LINE('',#7302,#3311);
#2892=LINE('',#7303,#3312);
#2893=LINE('',#7305,#3313);
#2894=LINE('',#7308,#3314);
#2895=LINE('',#7309,#3315);
#2896=LINE('',#7311,#3316);
#2897=LINE('',#7314,#3317);
#2898=LINE('',#7315,#3318);
#2899=LINE('',#7317,#3319);
#2900=LINE('',#7320,#3320);
#2901=LINE('',#7321,#3321);
#2902=LINE('',#7323,#3322);
#2903=LINE('',#7326,#3323);
#2904=LINE('',#7327,#3324);
#2905=LINE('',#7329,#3325);
#2906=LINE('',#7332,#3326);
#2907=LINE('',#7333,#3327);
#2908=LINE('',#7335,#3328);
#2909=LINE('',#7338,#3329);
#2910=LINE('',#7339,#3330);
#2911=LINE('',#7341,#3331);
#2912=LINE('',#7344,#3332);
#2913=LINE('',#7345,#3333);
#2914=LINE('',#7347,#3334);
#2915=LINE('',#7350,#3335);
#2916=LINE('',#7351,#3336);
#2917=LINE('',#7353,#3337);
#2918=LINE('',#7356,#3338);
#2919=LINE('',#7357,#3339);
#2920=LINE('',#7359,#3340);
#2921=LINE('',#7362,#3341);
#2922=LINE('',#7363,#3342);
#2923=LINE('',#7365,#3343);
#2924=LINE('',#7368,#3344);
#2925=LINE('',#7369,#3345);
#2926=LINE('',#7371,#3346);
#2927=LINE('',#7374,#3347);
#2928=LINE('',#7375,#3348);
#2929=LINE('',#7377,#3349);
#2930=LINE('',#7380,#3350);
#2931=LINE('',#7381,#3351);
#2932=LINE('',#7383,#3352);
#2933=LINE('',#7386,#3353);
#2934=LINE('',#7387,#3354);
#2935=LINE('',#7389,#3355);
#2936=LINE('',#7392,#3356);
#2937=LINE('',#7393,#3357);
#2938=LINE('',#7395,#3358);
#2939=LINE('',#7398,#3359);
#2940=LINE('',#7399,#3360);
#2941=LINE('',#7401,#3361);
#2942=LINE('',#7404,#3362);
#2943=LINE('',#7405,#3363);
#2944=LINE('',#7407,#3364);
#2945=LINE('',#7410,#3365);
#2946=LINE('',#7411,#3366);
#2947=LINE('',#7413,#3367);
#2948=LINE('',#7416,#3368);
#2949=LINE('',#7417,#3369);
#2950=LINE('',#7419,#3370);
#2951=LINE('',#7423,#3371);
#2952=LINE('',#7432,#3372);
#2953=LINE('',#7433,#3373);
#2954=LINE('',#7435,#3374);
#2955=LINE('',#7438,#3375);
#2956=LINE('',#7439,#3376);
#2957=LINE('',#7441,#3377);
#2958=LINE('',#7446,#3378);
#2959=LINE('',#7451,#3379);
#2960=LINE('',#7453,#3380);
#2961=LINE('',#7456,#3381);
#2962=LINE('',#7460,#3382);
#2963=LINE('',#7461,#3383);
#2964=LINE('',#7463,#3384);
#2965=LINE('',#7467,#3385);
#2966=LINE('',#7472,#3386);
#2967=LINE('',#7474,#3387);
#2968=LINE('',#7477,#3388);
#2969=LINE('',#7481,#3389);
#2970=LINE('',#7482,#3390);
#2971=LINE('',#7484,#3391);
#2972=LINE('',#7488,#3392);
#2973=LINE('',#7493,#3393);
#2974=LINE('',#7495,#3394);
#2975=LINE('',#7498,#3395);
#2976=LINE('',#7502,#3396);
#2977=LINE('',#7503,#3397);
#2978=LINE('',#7505,#3398);
#2979=VECTOR('',#4959,1.);
#2980=VECTOR('',#4962,1.);
#2981=VECTOR('',#4965,1.);
#2982=VECTOR('',#4966,1.);
#2983=VECTOR('',#4971,1.);
#2984=VECTOR('',#4972,1.);
#2985=VECTOR('',#4975,1.);
#2986=VECTOR('',#4982,1.);
#2987=VECTOR('',#4983,1.);
#2988=VECTOR('',#4984,1.);
#2989=VECTOR('',#4985,1.);
#2990=VECTOR('',#4986,1.);
#2991=VECTOR('',#4987,1.);
#2992=VECTOR('',#4988,1.);
#2993=VECTOR('',#4989,1.);
#2994=VECTOR('',#4990,1.);
#2995=VECTOR('',#4991,1.);
#2996=VECTOR('',#4992,1.);
#2997=VECTOR('',#4993,1.);
#2998=VECTOR('',#4994,1.);
#2999=VECTOR('',#4995,1.);
#3000=VECTOR('',#4996,1.);
#3001=VECTOR('',#4997,1.);
#3002=VECTOR('',#4998,1.);
#3003=VECTOR('',#4999,1.);
#3004=VECTOR('',#5000,1.);
#3005=VECTOR('',#5001,1.);
#3006=VECTOR('',#5002,1.);
#3007=VECTOR('',#5003,1.);
#3008=VECTOR('',#5004,1.);
#3009=VECTOR('',#5005,1.);
#3010=VECTOR('',#5006,1.);
#3011=VECTOR('',#5007,1.);
#3012=VECTOR('',#5010,1.);
#3013=VECTOR('',#5011,1.);
#3014=VECTOR('',#5012,1.);
#3015=VECTOR('',#5013,1.);
#3016=VECTOR('',#5014,1.);
#3017=VECTOR('',#5015,1.);
#3018=VECTOR('',#5016,1.);
#3019=VECTOR('',#5017,1.);
#3020=VECTOR('',#5018,1.);
#3021=VECTOR('',#5019,1.);
#3022=VECTOR('',#5020,1.);
#3023=VECTOR('',#5021,1.);
#3024=VECTOR('',#5022,1.);
#3025=VECTOR('',#5023,1.);
#3026=VECTOR('',#5024,1.);
#3027=VECTOR('',#5025,1.);
#3028=VECTOR('',#5026,1.);
#3029=VECTOR('',#5027,1.);
#3030=VECTOR('',#5028,1.);
#3031=VECTOR('',#5029,1.);
#3032=VECTOR('',#5030,1.);
#3033=VECTOR('',#5031,1.);
#3034=VECTOR('',#5032,1.);
#3035=VECTOR('',#5033,1.);
#3036=VECTOR('',#5034,1.);
#3037=VECTOR('',#5035,1.);
#3038=VECTOR('',#5080,1.);
#3039=VECTOR('',#5085,1.);
#3040=VECTOR('',#5090,1.);
#3041=VECTOR('',#5139,1.);
#3042=VECTOR('',#5142,1.);
#3043=VECTOR('',#5147,1.);
#3044=VECTOR('',#5150,1.);
#3045=VECTOR('',#5153,1.);
#3046=VECTOR('',#5158,1.);
#3047=VECTOR('',#5159,1.);
#3048=VECTOR('',#5160,1.);
#3049=VECTOR('',#5161,1.);
#3050=VECTOR('',#5162,1.);
#3051=VECTOR('',#5163,1.);
#3052=VECTOR('',#5164,1.);
#3053=VECTOR('',#5165,1.);
#3054=VECTOR('',#5166,1.);
#3055=VECTOR('',#5167,1.);
#3056=VECTOR('',#5168,1.);
#3057=VECTOR('',#5169,1.);
#3058=VECTOR('',#5170,1.);
#3059=VECTOR('',#5171,1.);
#3060=VECTOR('',#5172,1.);
#3061=VECTOR('',#5173,1.);
#3062=VECTOR('',#5174,1.);
#3063=VECTOR('',#5175,1.);
#3064=VECTOR('',#5176,1.);
#3065=VECTOR('',#5177,1.);
#3066=VECTOR('',#5178,1.);
#3067=VECTOR('',#5179,1.);
#3068=VECTOR('',#5180,1.);
#3069=VECTOR('',#5183,1.);
#3070=VECTOR('',#5184,1.);
#3071=VECTOR('',#5185,1.);
#3072=VECTOR('',#5186,1.);
#3073=VECTOR('',#5187,1.);
#3074=VECTOR('',#5188,1.);
#3075=VECTOR('',#5189,1.);
#3076=VECTOR('',#5190,1.);
#3077=VECTOR('',#5191,1.);
#3078=VECTOR('',#5192,1.);
#3079=VECTOR('',#5193,1.);
#3080=VECTOR('',#5194,1.);
#3081=VECTOR('',#5195,1.);
#3082=VECTOR('',#5196,1.);
#3083=VECTOR('',#5197,1.);
#3084=VECTOR('',#5198,1.);
#3085=VECTOR('',#5199,1.);
#3086=VECTOR('',#5200,1.);
#3087=VECTOR('',#5201,1.);
#3088=VECTOR('',#5202,1.);
#3089=VECTOR('',#5203,1.);
#3090=VECTOR('',#5204,1.);
#3091=VECTOR('',#5205,1.);
#3092=VECTOR('',#5206,1.);
#3093=VECTOR('',#5253,1.);
#3094=VECTOR('',#5258,1.);
#3095=VECTOR('',#5263,1.);
#3096=VECTOR('',#5272,1.);
#3097=VECTOR('',#5275,1.);
#3098=VECTOR('',#5278,1.);
#3099=VECTOR('',#5281,1.);
#3100=VECTOR('',#5508,1.);
#3101=VECTOR('',#5511,1.);
#3102=VECTOR('',#5514,1.);
#3103=VECTOR('',#5517,1.);
#3104=VECTOR('',#5520,1.);
#3105=VECTOR('',#5527,1.);
#3106=VECTOR('',#5528,1.);
#3107=VECTOR('',#5529,1.);
#3108=VECTOR('',#5530,1.);
#3109=VECTOR('',#5531,1.);
#3110=VECTOR('',#5532,1.);
#3111=VECTOR('',#5533,1.);
#3112=VECTOR('',#5534,1.);
#3113=VECTOR('',#5535,1.);
#3114=VECTOR('',#5536,1.);
#3115=VECTOR('',#5537,1.);
#3116=VECTOR('',#5538,1.);
#3117=VECTOR('',#5539,1.);
#3118=VECTOR('',#5540,1.);
#3119=VECTOR('',#5541,1.);
#3120=VECTOR('',#5542,1.);
#3121=VECTOR('',#5543,1.);
#3122=VECTOR('',#5544,1.);
#3123=VECTOR('',#5545,1.);
#3124=VECTOR('',#5546,1.);
#3125=VECTOR('',#5547,1.);
#3126=VECTOR('',#5548,1.);
#3127=VECTOR('',#5549,1.);
#3128=VECTOR('',#5552,1.);
#3129=VECTOR('',#5553,1.);
#3130=VECTOR('',#5554,1.);
#3131=VECTOR('',#5555,1.);
#3132=VECTOR('',#5556,1.);
#3133=VECTOR('',#5557,1.);
#3134=VECTOR('',#5558,1.);
#3135=VECTOR('',#5559,1.);
#3136=VECTOR('',#5560,1.);
#3137=VECTOR('',#5561,1.);
#3138=VECTOR('',#5562,1.);
#3139=VECTOR('',#5563,1.);
#3140=VECTOR('',#5564,1.);
#3141=VECTOR('',#5565,1.);
#3142=VECTOR('',#5566,1.);
#3143=VECTOR('',#5567,1.);
#3144=VECTOR('',#5568,1.);
#3145=VECTOR('',#5569,1.);
#3146=VECTOR('',#5570,1.);
#3147=VECTOR('',#5571,1.);
#3148=VECTOR('',#5572,1.);
#3149=VECTOR('',#5573,1.);
#3150=VECTOR('',#5574,1.);
#3151=VECTOR('',#5575,1.);
#3152=VECTOR('',#5578,1.);
#3153=VECTOR('',#5579,1.);
#3154=VECTOR('',#5580,1.);
#3155=VECTOR('',#5581,1.);
#3156=VECTOR('',#5582,1.);
#3157=VECTOR('',#5583,1.);
#3158=VECTOR('',#5584,1.);
#3159=VECTOR('',#5585,1.);
#3160=VECTOR('',#5586,1.);
#3161=VECTOR('',#5587,1.);
#3162=VECTOR('',#5588,1.);
#3163=VECTOR('',#5589,1.);
#3164=VECTOR('',#5590,1.);
#3165=VECTOR('',#5591,1.);
#3166=VECTOR('',#5592,1.);
#3167=VECTOR('',#5593,1.);
#3168=VECTOR('',#5594,1.);
#3169=VECTOR('',#5595,1.);
#3170=VECTOR('',#5596,1.);
#3171=VECTOR('',#5597,1.);
#3172=VECTOR('',#5598,1.);
#3173=VECTOR('',#5599,1.);
#3174=VECTOR('',#5600,1.);
#3175=VECTOR('',#5603,1.);
#3176=VECTOR('',#5604,1.);
#3177=VECTOR('',#5605,1.);
#3178=VECTOR('',#5606,1.);
#3179=VECTOR('',#5607,1.);
#3180=VECTOR('',#5608,1.);
#3181=VECTOR('',#5609,1.);
#3182=VECTOR('',#5610,1.);
#3183=VECTOR('',#5611,1.);
#3184=VECTOR('',#5612,1.);
#3185=VECTOR('',#5613,1.);
#3186=VECTOR('',#5614,1.);
#3187=VECTOR('',#5615,1.);
#3188=VECTOR('',#5616,1.);
#3189=VECTOR('',#5617,1.);
#3190=VECTOR('',#5618,1.);
#3191=VECTOR('',#5619,1.);
#3192=VECTOR('',#5620,1.);
#3193=VECTOR('',#5621,1.);
#3194=VECTOR('',#5622,1.);
#3195=VECTOR('',#5623,1.);
#3196=VECTOR('',#5624,1.);
#3197=VECTOR('',#5625,1.);
#3198=VECTOR('',#5628,1.);
#3199=VECTOR('',#5629,1.);
#3200=VECTOR('',#5632,1.);
#3201=VECTOR('',#5637,1.);
#3202=VECTOR('',#5638,1.);
#3203=VECTOR('',#5641,1.);
#3204=VECTOR('',#5646,1.);
#3205=VECTOR('',#5647,1.);
#3206=VECTOR('',#5650,1.);
#3207=VECTOR('',#5655,1.);
#3208=VECTOR('',#5656,1.);
#3209=VECTOR('',#5659,1.);
#3210=VECTOR('',#5664,1.);
#3211=VECTOR('',#5665,1.);
#3212=VECTOR('',#5668,1.);
#3213=VECTOR('',#5673,1.);
#3214=VECTOR('',#5674,1.);
#3215=VECTOR('',#5677,1.);
#3216=VECTOR('',#5682,1.);
#3217=VECTOR('',#5683,1.);
#3218=VECTOR('',#5686,1.);
#3219=VECTOR('',#5691,1.);
#3220=VECTOR('',#5692,1.);
#3221=VECTOR('',#5695,1.);
#3222=VECTOR('',#5700,1.);
#3223=VECTOR('',#5701,1.);
#3224=VECTOR('',#5704,1.);
#3225=VECTOR('',#5709,1.);
#3226=VECTOR('',#5710,1.);
#3227=VECTOR('',#5713,1.);
#3228=VECTOR('',#5718,1.);
#3229=VECTOR('',#5719,1.);
#3230=VECTOR('',#5722,1.);
#3231=VECTOR('',#5727,1.);
#3232=VECTOR('',#5728,1.);
#3233=VECTOR('',#5731,1.);
#3234=VECTOR('',#5736,1.);
#3235=VECTOR('',#5737,1.);
#3236=VECTOR('',#5740,1.);
#3237=VECTOR('',#5745,1.);
#3238=VECTOR('',#5746,1.);
#3239=VECTOR('',#5749,1.);
#3240=VECTOR('',#5754,1.);
#3241=VECTOR('',#5755,1.);
#3242=VECTOR('',#5758,1.);
#3243=VECTOR('',#5763,1.);
#3244=VECTOR('',#5764,1.);
#3245=VECTOR('',#5767,1.);
#3246=VECTOR('',#5772,1.);
#3247=VECTOR('',#5773,1.);
#3248=VECTOR('',#5776,1.);
#3249=VECTOR('',#5781,1.);
#3250=VECTOR('',#5782,1.);
#3251=VECTOR('',#5785,1.);
#3252=VECTOR('',#5790,1.);
#3253=VECTOR('',#5791,1.);
#3254=VECTOR('',#5794,1.);
#3255=VECTOR('',#5799,1.);
#3256=VECTOR('',#5800,1.);
#3257=VECTOR('',#5803,1.);
#3258=VECTOR('',#5808,1.);
#3259=VECTOR('',#5809,1.);
#3260=VECTOR('',#5812,1.);
#3261=VECTOR('',#5817,1.);
#3262=VECTOR('',#5818,1.);
#3263=VECTOR('',#5821,1.);
#3264=VECTOR('',#5826,1.);
#3265=VECTOR('',#5827,1.);
#3266=VECTOR('',#5828,1.);
#3267=VECTOR('',#5831,1.);
#3268=VECTOR('',#5832,1.);
#3269=VECTOR('',#5833,1.);
#3270=VECTOR('',#5840,1.);
#3271=VECTOR('',#5841,1.);
#3272=VECTOR('',#5842,1.);
#3273=VECTOR('',#5845,1.);
#3274=VECTOR('',#5846,1.);
#3275=VECTOR('',#5847,1.);
#3276=VECTOR('',#5854,1.);
#3277=VECTOR('',#5855,1.);
#3278=VECTOR('',#5856,1.);
#3279=VECTOR('',#5859,1.);
#3280=VECTOR('',#5860,1.);
#3281=VECTOR('',#5863,1.);
#3282=VECTOR('',#5868,1.);
#3283=VECTOR('',#5869,1.);
#3284=VECTOR('',#5870,1.);
#3285=VECTOR('',#5873,1.);
#3286=VECTOR('',#5874,1.);
#3287=VECTOR('',#5877,1.);
#3288=VECTOR('',#5878,1.);
#3289=VECTOR('',#5881,1.);
#3290=VECTOR('',#5886,1.);
#3291=VECTOR('',#5887,1.);
#3292=VECTOR('',#5890,1.);
#3293=VECTOR('',#5895,1.);
#3294=VECTOR('',#5896,1.);
#3295=VECTOR('',#5899,1.);
#3296=VECTOR('',#5904,1.);
#3297=VECTOR('',#5905,1.);
#3298=VECTOR('',#5908,1.);
#3299=VECTOR('',#5913,1.);
#3300=VECTOR('',#5914,1.);
#3301=VECTOR('',#5917,1.);
#3302=VECTOR('',#5922,1.);
#3303=VECTOR('',#5923,1.);
#3304=VECTOR('',#5926,1.);
#3305=VECTOR('',#5931,1.);
#3306=VECTOR('',#5932,1.);
#3307=VECTOR('',#5935,1.);
#3308=VECTOR('',#5940,1.);
#3309=VECTOR('',#5941,1.);
#3310=VECTOR('',#5944,1.);
#3311=VECTOR('',#5949,1.);
#3312=VECTOR('',#5950,1.);
#3313=VECTOR('',#5953,1.);
#3314=VECTOR('',#5958,1.);
#3315=VECTOR('',#5959,1.);
#3316=VECTOR('',#5962,1.);
#3317=VECTOR('',#5967,1.);
#3318=VECTOR('',#5968,1.);
#3319=VECTOR('',#5971,1.);
#3320=VECTOR('',#5976,1.);
#3321=VECTOR('',#5977,1.);
#3322=VECTOR('',#5980,1.);
#3323=VECTOR('',#5985,1.);
#3324=VECTOR('',#5986,1.);
#3325=VECTOR('',#5989,1.);
#3326=VECTOR('',#5994,1.);
#3327=VECTOR('',#5995,1.);
#3328=VECTOR('',#5998,1.);
#3329=VECTOR('',#6003,1.);
#3330=VECTOR('',#6004,1.);
#3331=VECTOR('',#6007,1.);
#3332=VECTOR('',#6012,1.);
#3333=VECTOR('',#6013,1.);
#3334=VECTOR('',#6016,1.);
#3335=VECTOR('',#6021,1.);
#3336=VECTOR('',#6022,1.);
#3337=VECTOR('',#6025,1.);
#3338=VECTOR('',#6030,1.);
#3339=VECTOR('',#6031,1.);
#3340=VECTOR('',#6034,1.);
#3341=VECTOR('',#6039,1.);
#3342=VECTOR('',#6040,1.);
#3343=VECTOR('',#6043,1.);
#3344=VECTOR('',#6048,1.);
#3345=VECTOR('',#6049,1.);
#3346=VECTOR('',#6052,1.);
#3347=VECTOR('',#6057,1.);
#3348=VECTOR('',#6058,1.);
#3349=VECTOR('',#6061,1.);
#3350=VECTOR('',#6066,1.);
#3351=VECTOR('',#6067,1.);
#3352=VECTOR('',#6070,1.);
#3353=VECTOR('',#6075,1.);
#3354=VECTOR('',#6076,1.);
#3355=VECTOR('',#6079,1.);
#3356=VECTOR('',#6084,1.);
#3357=VECTOR('',#6085,1.);
#3358=VECTOR('',#6088,1.);
#3359=VECTOR('',#6093,1.);
#3360=VECTOR('',#6094,1.);
#3361=VECTOR('',#6097,1.);
#3362=VECTOR('',#6102,1.);
#3363=VECTOR('',#6103,1.);
#3364=VECTOR('',#6106,1.);
#3365=VECTOR('',#6111,1.);
#3366=VECTOR('',#6112,1.);
#3367=VECTOR('',#6115,1.);
#3368=VECTOR('',#6120,1.);
#3369=VECTOR('',#6121,1.);
#3370=VECTOR('',#6124,1.);
#3371=VECTOR('',#6131,1.);
#3372=VECTOR('',#6148,1.);
#3373=VECTOR('',#6149,1.);
#3374=VECTOR('',#6152,1.);
#3375=VECTOR('',#6157,1.);
#3376=VECTOR('',#6158,1.);
#3377=VECTOR('',#6161,1.);
#3378=VECTOR('',#6170,1.);
#3379=VECTOR('',#6173,1.);
#3380=VECTOR('',#6176,1.);
#3381=VECTOR('',#6177,1.);
#3382=VECTOR('',#6182,1.);
#3383=VECTOR('',#6183,1.);
#3384=VECTOR('',#6186,1.);
#3385=VECTOR('',#6193,1.);
#3386=VECTOR('',#6196,1.);
#3387=VECTOR('',#6199,1.);
#3388=VECTOR('',#6200,1.);
#3389=VECTOR('',#6205,1.);
#3390=VECTOR('',#6206,1.);
#3391=VECTOR('',#6209,1.);
#3392=VECTOR('',#6216,1.);
#3393=VECTOR('',#6219,1.);
#3394=VECTOR('',#6222,1.);
#3395=VECTOR('',#6223,1.);
#3396=VECTOR('',#6228,1.);
#3397=VECTOR('',#6229,1.);
#3398=VECTOR('',#6232,1.);
#3399=EDGE_LOOP('',(#241,#242,#243));
#3400=EDGE_LOOP('',(#244,#245,#246));
#3401=EDGE_LOOP('',(#247,#248,#249,#250));
#3402=EDGE_LOOP('',(#251,#252,#253,#254));
#3403=EDGE_LOOP('',(#255,#256,#257,#258));
#3404=EDGE_LOOP('',(#259,#260,#261));
#3405=EDGE_LOOP('',(#262,#263,#264));
#3406=EDGE_LOOP('',(#265,#266,#267));
#3407=EDGE_LOOP('',(#268,#269,#270));
#3408=EDGE_LOOP('',(#271,#272,#273));
#3409=EDGE_LOOP('',(#274,#275,#276));
#3410=EDGE_LOOP('',(#277,#278,#279,#280,#281,#282,#283,#284));
#3411=EDGE_LOOP('',(#285,#286,#287));
#3412=EDGE_LOOP('',(#288,#289,#290));
#3413=EDGE_LOOP('',(#291,#292,#293));
#3414=EDGE_LOOP('',(#294,#295,#296));
#3415=EDGE_LOOP('',(#297,#298,#299));
#3416=EDGE_LOOP('',(#300,#301,#302));
#3417=EDGE_LOOP('',(#303,#304,#305,#306,#307,#308,#309,#310));
#3418=EDGE_LOOP('',(#311,#312,#313));
#3419=EDGE_LOOP('',(#314,#315,#316));
#3420=EDGE_LOOP('',(#317,#318,#319));
#3421=EDGE_LOOP('',(#320,#321,#322));
#3422=EDGE_LOOP('',(#323,#324,#325));
#3423=EDGE_LOOP('',(#326,#327,#328));
#3424=EDGE_LOOP('',(#329,#330,#331));
#3425=EDGE_LOOP('',(#332,#333,#334,#335,#336,#337,#338,#339,#340,#341,#342));
#3426=EDGE_LOOP('',(#343,#344,#345));
#3427=EDGE_LOOP('',(#346,#347,#348));
#3428=EDGE_LOOP('',(#349,#350,#351));
#3429=EDGE_LOOP('',(#352,#353,#354));
#3430=EDGE_LOOP('',(#355,#356,#357));
#3431=EDGE_LOOP('',(#358,#359,#360));
#3432=EDGE_LOOP('',(#361,#362,#363));
#3433=EDGE_LOOP('',(#364,#365,#366,#367,#368,#369,#370,#371,#372,#373,#374));
#3434=EDGE_LOOP('',(#375,#376,#377));
#3435=EDGE_LOOP('',(#378,#379,#380));
#3436=EDGE_LOOP('',(#381,#382,#383));
#3437=EDGE_LOOP('',(#384,#385,#386));
#3438=EDGE_LOOP('',(#387,#388,#389));
#3439=EDGE_LOOP('',(#390,#391,#392));
#3440=EDGE_LOOP('',(#393,#394,#395,#396,#397,#398,#399,#400));
#3441=EDGE_LOOP('',(#401,#402,#403));
#3442=EDGE_LOOP('',(#404,#405,#406));
#3443=EDGE_LOOP('',(#407,#408,#409));
#3444=EDGE_LOOP('',(#410,#411,#412));
#3445=EDGE_LOOP('',(#413,#414,#415));
#3446=EDGE_LOOP('',(#416,#417,#418));
#3447=EDGE_LOOP('',(#419,#420,#421,#422,#423,#424,#425,#426));
#3448=EDGE_LOOP('',(#427,#428,#429));
#3449=EDGE_LOOP('',(#430,#431,#432));
#3450=EDGE_LOOP('',(#433,#434,#435));
#3451=EDGE_LOOP('',(#436,#437,#438));
#3452=EDGE_LOOP('',(#439,#440,#441));
#3453=EDGE_LOOP('',(#442,#443,#444));
#3454=EDGE_LOOP('',(#445,#446,#447));
#3455=EDGE_LOOP('',(#448,#449,#450,#451,#452,#453,#454,#455,#456,#457,#458));
#3456=EDGE_LOOP('',(#459));
#3457=EDGE_LOOP('',(#460,#461,#462,#463));
#3458=EDGE_LOOP('',(#464,#465,#466,#467));
#3459=EDGE_LOOP('',(#468,#469,#470));
#3460=EDGE_LOOP('',(#471,#472,#473));
#3461=EDGE_LOOP('',(#474,#475,#476));
#3462=EDGE_LOOP('',(#477,#478,#479));
#3463=EDGE_LOOP('',(#480,#481,#482));
#3464=EDGE_LOOP('',(#483,#484,#485));
#3465=EDGE_LOOP('',(#486,#487,#488));
#3466=EDGE_LOOP('',(#489,#490,#491));
#3467=EDGE_LOOP('',(#492,#493,#494));
#3468=EDGE_LOOP('',(#495,#496,#497));
#3469=EDGE_LOOP('',(#498,#499,#500));
#3470=EDGE_LOOP('',(#501,#502,#503));
#3471=EDGE_LOOP('',(#504,#505,#506));
#3472=EDGE_LOOP('',(#507,#508,#509));
#3473=EDGE_LOOP('',(#510,#511,#512));
#3474=EDGE_LOOP('',(#513,#514,#515));
#3475=EDGE_LOOP('',(#516,#517,#518));
#3476=EDGE_LOOP('',(#519,#520,#521));
#3477=EDGE_LOOP('',(#522,#523,#524));
#3478=EDGE_LOOP('',(#525,#526,#527));
#3479=EDGE_LOOP('',(#528,#529,#530));
#3480=EDGE_LOOP('',(#531,#532,#533));
#3481=EDGE_LOOP('',(#534,#535,#536));
#3482=EDGE_LOOP('',(#537,#538,#539));
#3483=EDGE_LOOP('',(#540,#541,#542));
#3484=EDGE_LOOP('',(#543,#544,#545));
#3485=EDGE_LOOP('',(#546,#547,#548));
#3486=EDGE_LOOP('',(#549,#550,#551));
#3487=EDGE_LOOP('',(#552,#553,#554));
#3488=EDGE_LOOP('',(#555,#556,#557));
#3489=EDGE_LOOP('',(#558));
#3490=EDGE_LOOP('',(#559,#560,#561));
#3491=EDGE_LOOP('',(#562,#563,#564));
#3492=EDGE_LOOP('',(#565,#566,#567));
#3493=EDGE_LOOP('',(#568,#569,#570));
#3494=EDGE_LOOP('',(#571,#572,#573));
#3495=EDGE_LOOP('',(#574,#575,#576));
#3496=EDGE_LOOP('',(#577,#578,#579));
#3497=EDGE_LOOP('',(#580,#581,#582,#583,#584,#585,#586,#587,#588,#589,#590));
#3498=EDGE_LOOP('',(#591,#592,#593));
#3499=EDGE_LOOP('',(#594,#595,#596));
#3500=EDGE_LOOP('',(#597,#598,#599));
#3501=EDGE_LOOP('',(#600,#601,#602));
#3502=EDGE_LOOP('',(#603,#604,#605));
#3503=EDGE_LOOP('',(#606,#607,#608));
#3504=EDGE_LOOP('',(#609,#610,#611,#612,#613,#614,#615,#616));
#3505=EDGE_LOOP('',(#617,#618,#619));
#3506=EDGE_LOOP('',(#620,#621,#622));
#3507=EDGE_LOOP('',(#623,#624,#625));
#3508=EDGE_LOOP('',(#626,#627,#628));
#3509=EDGE_LOOP('',(#629,#630,#631));
#3510=EDGE_LOOP('',(#632,#633,#634));
#3511=EDGE_LOOP('',(#635,#636,#637,#638,#639,#640,#641,#642));
#3512=EDGE_LOOP('',(#643,#644,#645));
#3513=EDGE_LOOP('',(#646,#647,#648));
#3514=EDGE_LOOP('',(#649,#650,#651));
#3515=EDGE_LOOP('',(#652,#653,#654));
#3516=EDGE_LOOP('',(#655,#656,#657));
#3517=EDGE_LOOP('',(#658,#659,#660));
#3518=EDGE_LOOP('',(#661,#662,#663,#664,#665,#666,#667,#668));
#3519=EDGE_LOOP('',(#669,#670,#671));
#3520=EDGE_LOOP('',(#672,#673,#674));
#3521=EDGE_LOOP('',(#675,#676,#677));
#3522=EDGE_LOOP('',(#678,#679,#680));
#3523=EDGE_LOOP('',(#681,#682,#683));
#3524=EDGE_LOOP('',(#684,#685,#686));
#3525=EDGE_LOOP('',(#687,#688,#689,#690,#691,#692,#693,#694));
#3526=EDGE_LOOP('',(#695,#696,#697,#698));
#3527=EDGE_LOOP('',(#699,#700,#701,#702));
#3528=EDGE_LOOP('',(#703,#704,#705,#706));
#3529=EDGE_LOOP('',(#707,#708,#709,#710));
#3530=EDGE_LOOP('',(#711,#712,#713,#714));
#3531=EDGE_LOOP('',(#715,#716,#717,#718));
#3532=EDGE_LOOP('',(#719,#720,#721,#722));
#3533=EDGE_LOOP('',(#723,#724,#725,#726));
#3534=EDGE_LOOP('',(#727,#728,#729,#730));
#3535=EDGE_LOOP('',(#731,#732,#733,#734));
#3536=EDGE_LOOP('',(#735,#736,#737,#738));
#3537=EDGE_LOOP('',(#739,#740,#741,#742));
#3538=EDGE_LOOP('',(#743,#744,#745,#746));
#3539=EDGE_LOOP('',(#747,#748,#749,#750));
#3540=EDGE_LOOP('',(#751,#752,#753,#754));
#3541=EDGE_LOOP('',(#755,#756,#757,#758));
#3542=EDGE_LOOP('',(#759,#760,#761,#762));
#3543=EDGE_LOOP('',(#763,#764,#765,#766));
#3544=EDGE_LOOP('',(#767,#768,#769,#770));
#3545=EDGE_LOOP('',(#771,#772,#773,#774));
#3546=EDGE_LOOP('',(#775,#776,#777,#778));
#3547=EDGE_LOOP('',(#779,#780,#781,#782));
#3548=EDGE_LOOP('',(#783,#784,#785,#786));
#3549=EDGE_LOOP('',(#787,#788,#789,#790));
#3550=EDGE_LOOP('',(#791,#792,#793,#794));
#3551=EDGE_LOOP('',(#795,#796,#797,#798));
#3552=EDGE_LOOP('',(#799,#800,#801,#802));
#3553=EDGE_LOOP('',(#803,#804,#805,#806));
#3554=EDGE_LOOP('',(#807,#808,#809,#810));
#3555=EDGE_LOOP('',(#811,#812,#813,#814));
#3556=EDGE_LOOP('',(#815,#816,#817,#818));
#3557=EDGE_LOOP('',(#819,#820,#821,#822));
#3558=EDGE_LOOP('',(#823,#824,#825,#826));
#3559=EDGE_LOOP('',(#827,#828,#829,#830));
#3560=EDGE_LOOP('',(#831,#832,#833,#834));
#3561=EDGE_LOOP('',(#835,#836,#837,#838));
#3562=EDGE_LOOP('',(#839,#840,#841,#842));
#3563=EDGE_LOOP('',(#843,#844,#845,#846));
#3564=EDGE_LOOP('',(#847,#848,#849,#850));
#3565=EDGE_LOOP('',(#851,#852,#853,#854));
#3566=EDGE_LOOP('',(#855,#856,#857,#858));
#3567=EDGE_LOOP('',(#859,#860,#861,#862));
#3568=EDGE_LOOP('',(#863,#864,#865,#866));
#3569=EDGE_LOOP('',(#867,#868,#869,#870));
#3570=EDGE_LOOP('',(#871,#872,#873,#874));
#3571=EDGE_LOOP('',(#875,#876,#877,#878));
#3572=EDGE_LOOP('',(#879,#880,#881,#882));
#3573=EDGE_LOOP('',(#883,#884,#885,#886));
#3574=EDGE_LOOP('',(#887,#888,#889,#890));
#3575=EDGE_LOOP('',(#891,#892,#893,#894));
#3576=EDGE_LOOP('',(#895,#896,#897,#898));
#3577=EDGE_LOOP('',(#899,#900,#901,#902));
#3578=EDGE_LOOP('',(#903,#904,#905,#906));
#3579=EDGE_LOOP('',(#907,#908,#909,#910));
#3580=EDGE_LOOP('',(#911,#912,#913,#914));
#3581=EDGE_LOOP('',(#915,#916,#917,#918));
#3582=EDGE_LOOP('',(#919,#920,#921,#922));
#3583=EDGE_LOOP('',(#923,#924,#925,#926));
#3584=EDGE_LOOP('',(#927,#928,#929,#930));
#3585=EDGE_LOOP('',(#931,#932,#933,#934));
#3586=EDGE_LOOP('',(#935,#936,#937,#938));
#3587=EDGE_LOOP('',(#939,#940,#941,#942));
#3588=EDGE_LOOP('',(#943,#944,#945,#946));
#3589=EDGE_LOOP('',(#947,#948,#949,#950));
#3590=EDGE_LOOP('',(#951,#952,#953,#954));
#3591=EDGE_LOOP('',(#955,#956,#957,#958));
#3592=EDGE_LOOP('',(#959,#960,#961,#962,#963,#964,#965,#966));
#3593=EDGE_LOOP('',(#967,#968,#969,#970,#971,#972,#973,#974));
#3594=EDGE_LOOP('',(#975,#976,#977));
#3595=EDGE_LOOP('',(#978,#979,#980));
#3596=EDGE_LOOP('',(#981,#982,#983,#984,#985,#986,#987,#988));
#3597=EDGE_LOOP('',(#989,#990,#991,#992,#993,#994,#995,#996));
#3598=EDGE_LOOP('',(#997,#998,#999,#1000));
#3599=EDGE_LOOP('',(#1001,#1002,#1003,#1004));
#3600=EDGE_LOOP('',(#1005,#1006,#1007,#1008,#1009,#1010));
#3601=EDGE_LOOP('',(#1011,#1012,#1013,#1014,#1015,#1016));
#3602=EDGE_LOOP('',(#1017,#1018,#1019,#1020,#1021,#1022,#1023,#1024));
#3603=EDGE_LOOP('',(#1025,#1026,#1027));
#3604=EDGE_LOOP('',(#1028,#1029,#1030,#1031,#1032,#1033));
#3605=EDGE_LOOP('',(#1034,#1035,#1036,#1037,#1038,#1039,#1040,#1041));
#3606=EDGE_LOOP('',(#1042,#1043,#1044,#1045));
#3607=EDGE_LOOP('',(#1046,#1047,#1048,#1049));
#3608=EDGE_LOOP('',(#1050,#1051,#1052,#1053));
#3609=EDGE_LOOP('',(#1054,#1055,#1056,#1057));
#3610=EDGE_LOOP('',(#1058,#1059,#1060,#1061));
#3611=EDGE_LOOP('',(#1062,#1063,#1064,#1065));
#3612=EDGE_LOOP('',(#1066,#1067,#1068,#1069));
#3613=EDGE_LOOP('',(#1070,#1071,#1072,#1073));
#3614=EDGE_LOOP('',(#1074,#1075,#1076,#1077));
#3615=EDGE_LOOP('',(#1078,#1079,#1080,#1081));
#3616=EDGE_LOOP('',(#1082,#1083,#1084,#1085));
#3617=EDGE_LOOP('',(#1086,#1087,#1088,#1089));
#3618=EDGE_LOOP('',(#1090,#1091,#1092,#1093));
#3619=EDGE_LOOP('',(#1094,#1095,#1096,#1097));
#3620=EDGE_LOOP('',(#1098,#1099,#1100,#1101));
#3621=EDGE_LOOP('',(#1102,#1103,#1104,#1105));
#3622=EDGE_LOOP('',(#1106,#1107,#1108,#1109));
#3623=EDGE_LOOP('',(#1110,#1111,#1112,#1113));
#3624=EDGE_LOOP('',(#1114,#1115,#1116,#1117));
#3625=EDGE_LOOP('',(#1118,#1119,#1120,#1121));
#3626=EDGE_LOOP('',(#1122,#1123,#1124,#1125));
#3627=EDGE_LOOP('',(#1126,#1127,#1128,#1129));
#3628=EDGE_LOOP('',(#1130,#1131,#1132,#1133));
#3629=EDGE_LOOP('',(#1134,#1135,#1136,#1137));
#3630=EDGE_LOOP('',(#1138,#1139,#1140,#1141));
#3631=EDGE_LOOP('',(#1142,#1143,#1144,#1145));
#3632=EDGE_LOOP('',(#1146,#1147,#1148,#1149));
#3633=EDGE_LOOP('',(#1150,#1151,#1152,#1153));
#3634=EDGE_LOOP('',(#1154,#1155,#1156,#1157));
#3635=EDGE_LOOP('',(#1158,#1159,#1160,#1161));
#3636=EDGE_LOOP('',(#1162,#1163,#1164,#1165));
#3637=EDGE_LOOP('',(#1166,#1167,#1168,#1169));
#3638=EDGE_LOOP('',(#1170,#1171,#1172,#1173));
#3639=EDGE_LOOP('',(#1174,#1175,#1176,#1177));
#3640=EDGE_LOOP('',(#1178,#1179,#1180,#1181));
#3641=EDGE_LOOP('',(#1182,#1183,#1184,#1185));
#3642=EDGE_LOOP('',(#1186,#1187,#1188,#1189));
#3643=EDGE_LOOP('',(#1190,#1191,#1192,#1193));
#3644=EDGE_LOOP('',(#1194,#1195,#1196,#1197));
#3645=EDGE_LOOP('',(#1198,#1199,#1200,#1201));
#3646=EDGE_LOOP('',(#1202,#1203,#1204,#1205));
#3647=EDGE_LOOP('',(#1206,#1207,#1208,#1209));
#3648=EDGE_LOOP('',(#1210,#1211,#1212,#1213));
#3649=EDGE_LOOP('',(#1214,#1215,#1216,#1217));
#3650=EDGE_LOOP('',(#1218,#1219,#1220,#1221));
#3651=EDGE_LOOP('',(#1222,#1223,#1224,#1225));
#3652=EDGE_LOOP('',(#1226,#1227,#1228,#1229));
#3653=EDGE_LOOP('',(#1230,#1231,#1232,#1233));
#3654=EDGE_LOOP('',(#1234,#1235,#1236,#1237));
#3655=EDGE_LOOP('',(#1238,#1239,#1240,#1241));
#3656=EDGE_LOOP('',(#1242,#1243,#1244,#1245));
#3657=EDGE_LOOP('',(#1246,#1247,#1248,#1249));
#3658=EDGE_LOOP('',(#1250,#1251,#1252,#1253));
#3659=EDGE_LOOP('',(#1254,#1255,#1256,#1257));
#3660=EDGE_LOOP('',(#1258,#1259,#1260,#1261));
#3661=EDGE_LOOP('',(#1262,#1263,#1264,#1265));
#3662=EDGE_LOOP('',(#1266,#1267,#1268,#1269));
#3663=EDGE_LOOP('',(#1270,#1271,#1272,#1273));
#3664=EDGE_LOOP('',(#1274,#1275,#1276,#1277));
#3665=EDGE_LOOP('',(#1278,#1279,#1280,#1281));
#3666=EDGE_LOOP('',(#1282,#1283,#1284,#1285));
#3667=EDGE_LOOP('',(#1286,#1287,#1288,#1289));
#3668=EDGE_LOOP('',(#1290,#1291,#1292,#1293));
#3669=EDGE_LOOP('',(#1294,#1295,#1296,#1297));
#3670=EDGE_LOOP('',(#1298,#1299,#1300,#1301));
#3671=EDGE_LOOP('',(#1302,#1303,#1304,#1305));
#3672=EDGE_LOOP('',(#1306,#1307,#1308,#1309));
#3673=EDGE_LOOP('',(#1310,#1311,#1312,#1313));
#3674=EDGE_LOOP('',(#1314,#1315,#1316,#1317));
#3675=EDGE_LOOP('',(#1318,#1319,#1320,#1321));
#3676=EDGE_LOOP('',(#1322,#1323,#1324,#1325));
#3677=EDGE_LOOP('',(#1326,#1327,#1328,#1329));
#3678=EDGE_LOOP('',(#1330,#1331,#1332,#1333));
#3679=EDGE_LOOP('',(#1334,#1335,#1336,#1337));
#3680=EDGE_LOOP('',(#1338,#1339,#1340,#1341));
#3681=EDGE_LOOP('',(#1342,#1343,#1344,#1345));
#3682=EDGE_LOOP('',(#1346,#1347,#1348,#1349));
#3683=EDGE_LOOP('',(#1350,#1351,#1352,#1353));
#3684=EDGE_LOOP('',(#1354,#1355,#1356,#1357));
#3685=EDGE_LOOP('',(#1358,#1359,#1360,#1361));
#3686=EDGE_LOOP('',(#1362,#1363,#1364,#1365));
#3687=EDGE_LOOP('',(#1366,#1367,#1368,#1369));
#3688=EDGE_LOOP('',(#1370,#1371,#1372,#1373));
#3689=EDGE_LOOP('',(#1374,#1375,#1376,#1377));
#3690=EDGE_LOOP('',(#1378,#1379,#1380));
#3691=EDGE_LOOP('',(#1381,#1382,#1383,#1384,#1385,#1386));
#3692=EDGE_LOOP('',(#1387,#1388,#1389,#1390,#1391));
#3693=EDGE_LOOP('',(#1392,#1393,#1394,#1395,#1396));
#3694=EDGE_LOOP('',(#1397,#1398,#1399,#1400));
#3695=EDGE_LOOP('',(#1401,#1402,#1403,#1404));
#3696=EDGE_LOOP('',(#1405,#1406,#1407,#1408));
#3697=EDGE_LOOP('',(#1409,#1410,#1411,#1412));
#3698=EDGE_LOOP('',(#1413));
#3699=EDGE_LOOP('',(#1414,#1415,#1416,#1417));
#3700=EDGE_LOOP('',(#1418,#1419,#1420,#1421));
#3701=EDGE_LOOP('',(#1422,#1423,#1424,#1425));
#3702=EDGE_LOOP('',(#1426,#1427,#1428,#1429));
#3703=EDGE_LOOP('',(#1430,#1431,#1432,#1433));
#3704=EDGE_LOOP('',(#1434,#1435,#1436,#1437));
#3705=EDGE_LOOP('',(#1438,#1439,#1440));
#3706=EDGE_LOOP('',(#1441,#1442,#1443));
#3707=EDGE_LOOP('',(#1444,#1445,#1446));
#3708=EDGE_LOOP('',(#1447,#1448,#1449));
#3709=EDGE_LOOP('',(#1450));
#3710=EDGE_LOOP('',(#1451,#1452,#1453));
#3711=EDGE_LOOP('',(#1454,#1455,#1456));
#3712=EDGE_LOOP('',(#1457,#1458,#1459,#1460));
#3713=EDGE_LOOP('',(#1461,#1462,#1463,#1464));
#3714=EDGE_LOOP('',(#1465,#1466,#1467,#1468));
#3715=EDGE_LOOP('',(#1469,#1470,#1471));
#3716=EDGE_LOOP('',(#1472,#1473,#1474));
#3717=EDGE_LOOP('',(#1475,#1476,#1477,#1478));
#3718=EDGE_LOOP('',(#1479,#1480,#1481,#1482));
#3719=EDGE_LOOP('',(#1483,#1484,#1485,#1486));
#3720=EDGE_LOOP('',(#1487,#1488,#1489));
#3721=EDGE_LOOP('',(#1490,#1491,#1492));
#3722=EDGE_LOOP('',(#1493,#1494,#1495,#1496));
#3723=EDGE_LOOP('',(#1497,#1498,#1499,#1500));
#3724=EDGE_LOOP('',(#1501,#1502,#1503,#1504));
#3725=FACE_BOUND('',#3399,.T.);
#3726=FACE_BOUND('',#3400,.T.);
#3727=FACE_BOUND('',#3401,.T.);
#3728=FACE_BOUND('',#3402,.T.);
#3729=FACE_BOUND('',#3403,.T.);
#3730=FACE_BOUND('',#3404,.T.);
#3731=FACE_BOUND('',#3405,.T.);
#3732=FACE_BOUND('',#3406,.T.);
#3733=FACE_BOUND('',#3407,.T.);
#3734=FACE_BOUND('',#3408,.T.);
#3735=FACE_BOUND('',#3409,.T.);
#3736=FACE_BOUND('',#3410,.T.);
#3737=FACE_BOUND('',#3411,.T.);
#3738=FACE_BOUND('',#3412,.T.);
#3739=FACE_BOUND('',#3413,.T.);
#3740=FACE_BOUND('',#3414,.T.);
#3741=FACE_BOUND('',#3415,.T.);
#3742=FACE_BOUND('',#3416,.T.);
#3743=FACE_BOUND('',#3417,.T.);
#3744=FACE_BOUND('',#3418,.T.);
#3745=FACE_BOUND('',#3419,.T.);
#3746=FACE_BOUND('',#3420,.T.);
#3747=FACE_BOUND('',#3421,.T.);
#3748=FACE_BOUND('',#3422,.T.);
#3749=FACE_BOUND('',#3423,.T.);
#3750=FACE_BOUND('',#3424,.T.);
#3751=FACE_BOUND('',#3425,.T.);
#3752=FACE_BOUND('',#3426,.T.);
#3753=FACE_BOUND('',#3427,.T.);
#3754=FACE_BOUND('',#3428,.T.);
#3755=FACE_BOUND('',#3429,.T.);
#3756=FACE_BOUND('',#3430,.T.);
#3757=FACE_BOUND('',#3431,.T.);
#3758=FACE_BOUND('',#3432,.T.);
#3759=FACE_BOUND('',#3433,.T.);
#3760=FACE_BOUND('',#3434,.T.);
#3761=FACE_BOUND('',#3435,.T.);
#3762=FACE_BOUND('',#3436,.T.);
#3763=FACE_BOUND('',#3437,.T.);
#3764=FACE_BOUND('',#3438,.T.);
#3765=FACE_BOUND('',#3439,.T.);
#3766=FACE_BOUND('',#3440,.T.);
#3767=FACE_BOUND('',#3441,.T.);
#3768=FACE_BOUND('',#3442,.T.);
#3769=FACE_BOUND('',#3443,.T.);
#3770=FACE_BOUND('',#3444,.T.);
#3771=FACE_BOUND('',#3445,.T.);
#3772=FACE_BOUND('',#3446,.T.);
#3773=FACE_BOUND('',#3447,.T.);
#3774=FACE_BOUND('',#3448,.T.);
#3775=FACE_BOUND('',#3449,.T.);
#3776=FACE_BOUND('',#3450,.T.);
#3777=FACE_BOUND('',#3451,.T.);
#3778=FACE_BOUND('',#3452,.T.);
#3779=FACE_BOUND('',#3453,.T.);
#3780=FACE_BOUND('',#3454,.T.);
#3781=FACE_BOUND('',#3455,.T.);
#3782=FACE_BOUND('',#3456,.T.);
#3783=FACE_BOUND('',#3457,.T.);
#3784=FACE_BOUND('',#3458,.T.);
#3785=FACE_BOUND('',#3459,.T.);
#3786=FACE_BOUND('',#3460,.T.);
#3787=FACE_BOUND('',#3461,.T.);
#3788=FACE_BOUND('',#3462,.T.);
#3789=FACE_BOUND('',#3463,.T.);
#3790=FACE_BOUND('',#3464,.T.);
#3791=FACE_BOUND('',#3465,.T.);
#3792=FACE_BOUND('',#3466,.T.);
#3793=FACE_BOUND('',#3467,.T.);
#3794=FACE_BOUND('',#3468,.T.);
#3795=FACE_BOUND('',#3469,.T.);
#3796=FACE_BOUND('',#3470,.T.);
#3797=FACE_BOUND('',#3471,.T.);
#3798=FACE_BOUND('',#3472,.T.);
#3799=FACE_BOUND('',#3473,.T.);
#3800=FACE_BOUND('',#3474,.T.);
#3801=FACE_BOUND('',#3475,.T.);
#3802=FACE_BOUND('',#3476,.T.);
#3803=FACE_BOUND('',#3477,.T.);
#3804=FACE_BOUND('',#3478,.T.);
#3805=FACE_BOUND('',#3479,.T.);
#3806=FACE_BOUND('',#3480,.T.);
#3807=FACE_BOUND('',#3481,.T.);
#3808=FACE_BOUND('',#3482,.T.);
#3809=FACE_BOUND('',#3483,.T.);
#3810=FACE_BOUND('',#3484,.T.);
#3811=FACE_BOUND('',#3485,.T.);
#3812=FACE_BOUND('',#3486,.T.);
#3813=FACE_BOUND('',#3487,.T.);
#3814=FACE_BOUND('',#3488,.T.);
#3815=FACE_BOUND('',#3489,.T.);
#3816=FACE_BOUND('',#3490,.T.);
#3817=FACE_BOUND('',#3491,.T.);
#3818=FACE_BOUND('',#3492,.T.);
#3819=FACE_BOUND('',#3493,.T.);
#3820=FACE_BOUND('',#3494,.T.);
#3821=FACE_BOUND('',#3495,.T.);
#3822=FACE_BOUND('',#3496,.T.);
#3823=FACE_BOUND('',#3497,.T.);
#3824=FACE_BOUND('',#3498,.T.);
#3825=FACE_BOUND('',#3499,.T.);
#3826=FACE_BOUND('',#3500,.T.);
#3827=FACE_BOUND('',#3501,.T.);
#3828=FACE_BOUND('',#3502,.T.);
#3829=FACE_BOUND('',#3503,.T.);
#3830=FACE_BOUND('',#3504,.T.);
#3831=FACE_BOUND('',#3505,.T.);
#3832=FACE_BOUND('',#3506,.T.);
#3833=FACE_BOUND('',#3507,.T.);
#3834=FACE_BOUND('',#3508,.T.);
#3835=FACE_BOUND('',#3509,.T.);
#3836=FACE_BOUND('',#3510,.T.);
#3837=FACE_BOUND('',#3511,.T.);
#3838=FACE_BOUND('',#3512,.T.);
#3839=FACE_BOUND('',#3513,.T.);
#3840=FACE_BOUND('',#3514,.T.);
#3841=FACE_BOUND('',#3515,.T.);
#3842=FACE_BOUND('',#3516,.T.);
#3843=FACE_BOUND('',#3517,.T.);
#3844=FACE_BOUND('',#3518,.T.);
#3845=FACE_BOUND('',#3519,.T.);
#3846=FACE_BOUND('',#3520,.T.);
#3847=FACE_BOUND('',#3521,.T.);
#3848=FACE_BOUND('',#3522,.T.);
#3849=FACE_BOUND('',#3523,.T.);
#3850=FACE_BOUND('',#3524,.T.);
#3851=FACE_BOUND('',#3525,.T.);
#3852=FACE_BOUND('',#3526,.T.);
#3853=FACE_BOUND('',#3527,.T.);
#3854=FACE_BOUND('',#3528,.T.);
#3855=FACE_BOUND('',#3529,.T.);
#3856=FACE_BOUND('',#3530,.T.);
#3857=FACE_BOUND('',#3531,.T.);
#3858=FACE_BOUND('',#3532,.T.);
#3859=FACE_BOUND('',#3533,.T.);
#3860=FACE_BOUND('',#3534,.T.);
#3861=FACE_BOUND('',#3535,.T.);
#3862=FACE_BOUND('',#3536,.T.);
#3863=FACE_BOUND('',#3537,.T.);
#3864=FACE_BOUND('',#3538,.T.);
#3865=FACE_BOUND('',#3539,.T.);
#3866=FACE_BOUND('',#3540,.T.);
#3867=FACE_BOUND('',#3541,.T.);
#3868=FACE_BOUND('',#3542,.T.);
#3869=FACE_BOUND('',#3543,.T.);
#3870=FACE_BOUND('',#3544,.T.);
#3871=FACE_BOUND('',#3545,.T.);
#3872=FACE_BOUND('',#3546,.T.);
#3873=FACE_BOUND('',#3547,.T.);
#3874=FACE_BOUND('',#3548,.T.);
#3875=FACE_BOUND('',#3549,.T.);
#3876=FACE_BOUND('',#3550,.T.);
#3877=FACE_BOUND('',#3551,.T.);
#3878=FACE_BOUND('',#3552,.T.);
#3879=FACE_BOUND('',#3553,.T.);
#3880=FACE_BOUND('',#3554,.T.);
#3881=FACE_BOUND('',#3555,.T.);
#3882=FACE_BOUND('',#3556,.T.);
#3883=FACE_BOUND('',#3557,.T.);
#3884=FACE_BOUND('',#3558,.T.);
#3885=FACE_BOUND('',#3559,.T.);
#3886=FACE_BOUND('',#3560,.T.);
#3887=FACE_BOUND('',#3561,.T.);
#3888=FACE_BOUND('',#3562,.T.);
#3889=FACE_BOUND('',#3563,.T.);
#3890=FACE_BOUND('',#3564,.T.);
#3891=FACE_BOUND('',#3565,.T.);
#3892=FACE_BOUND('',#3566,.T.);
#3893=FACE_BOUND('',#3567,.T.);
#3894=FACE_BOUND('',#3568,.T.);
#3895=FACE_BOUND('',#3569,.T.);
#3896=FACE_BOUND('',#3570,.T.);
#3897=FACE_BOUND('',#3571,.T.);
#3898=FACE_BOUND('',#3572,.T.);
#3899=FACE_BOUND('',#3573,.T.);
#3900=FACE_BOUND('',#3574,.T.);
#3901=FACE_BOUND('',#3575,.T.);
#3902=FACE_BOUND('',#3576,.T.);
#3903=FACE_BOUND('',#3577,.T.);
#3904=FACE_BOUND('',#3578,.T.);
#3905=FACE_BOUND('',#3579,.T.);
#3906=FACE_BOUND('',#3580,.T.);
#3907=FACE_BOUND('',#3581,.T.);
#3908=FACE_BOUND('',#3582,.T.);
#3909=FACE_BOUND('',#3583,.T.);
#3910=FACE_BOUND('',#3584,.T.);
#3911=FACE_BOUND('',#3585,.T.);
#3912=FACE_BOUND('',#3586,.T.);
#3913=FACE_BOUND('',#3587,.T.);
#3914=FACE_BOUND('',#3588,.T.);
#3915=FACE_BOUND('',#3589,.T.);
#3916=FACE_BOUND('',#3590,.T.);
#3917=FACE_BOUND('',#3591,.T.);
#3918=FACE_BOUND('',#3592,.T.);
#3919=FACE_BOUND('',#3593,.T.);
#3920=FACE_BOUND('',#3594,.T.);
#3921=FACE_BOUND('',#3595,.T.);
#3922=FACE_BOUND('',#3596,.T.);
#3923=FACE_BOUND('',#3597,.T.);
#3924=FACE_BOUND('',#3598,.T.);
#3925=FACE_BOUND('',#3599,.T.);
#3926=FACE_BOUND('',#3600,.T.);
#3927=FACE_BOUND('',#3601,.T.);
#3928=FACE_BOUND('',#3602,.T.);
#3929=FACE_BOUND('',#3603,.T.);
#3930=FACE_BOUND('',#3604,.T.);
#3931=FACE_BOUND('',#3605,.T.);
#3932=FACE_BOUND('',#3606,.T.);
#3933=FACE_BOUND('',#3607,.T.);
#3934=FACE_BOUND('',#3608,.T.);
#3935=FACE_BOUND('',#3609,.T.);
#3936=FACE_BOUND('',#3610,.T.);
#3937=FACE_BOUND('',#3611,.T.);
#3938=FACE_BOUND('',#3612,.T.);
#3939=FACE_BOUND('',#3613,.T.);
#3940=FACE_BOUND('',#3614,.T.);
#3941=FACE_BOUND('',#3615,.T.);
#3942=FACE_BOUND('',#3616,.T.);
#3943=FACE_BOUND('',#3617,.T.);
#3944=FACE_BOUND('',#3618,.T.);
#3945=FACE_BOUND('',#3619,.T.);
#3946=FACE_BOUND('',#3620,.T.);
#3947=FACE_BOUND('',#3621,.T.);
#3948=FACE_BOUND('',#3622,.T.);
#3949=FACE_BOUND('',#3623,.T.);
#3950=FACE_BOUND('',#3624,.T.);
#3951=FACE_BOUND('',#3625,.T.);
#3952=FACE_BOUND('',#3626,.T.);
#3953=FACE_BOUND('',#3627,.T.);
#3954=FACE_BOUND('',#3628,.T.);
#3955=FACE_BOUND('',#3629,.T.);
#3956=FACE_BOUND('',#3630,.T.);
#3957=FACE_BOUND('',#3631,.T.);
#3958=FACE_BOUND('',#3632,.T.);
#3959=FACE_BOUND('',#3633,.T.);
#3960=FACE_BOUND('',#3634,.T.);
#3961=FACE_BOUND('',#3635,.T.);
#3962=FACE_BOUND('',#3636,.T.);
#3963=FACE_BOUND('',#3637,.T.);
#3964=FACE_BOUND('',#3638,.T.);
#3965=FACE_BOUND('',#3639,.T.);
#3966=FACE_BOUND('',#3640,.T.);
#3967=FACE_BOUND('',#3641,.T.);
#3968=FACE_BOUND('',#3642,.T.);
#3969=FACE_BOUND('',#3643,.T.);
#3970=FACE_BOUND('',#3644,.T.);
#3971=FACE_BOUND('',#3645,.T.);
#3972=FACE_BOUND('',#3646,.T.);
#3973=FACE_BOUND('',#3647,.T.);
#3974=FACE_BOUND('',#3648,.T.);
#3975=FACE_BOUND('',#3649,.T.);
#3976=FACE_BOUND('',#3650,.T.);
#3977=FACE_BOUND('',#3651,.T.);
#3978=FACE_BOUND('',#3652,.T.);
#3979=FACE_BOUND('',#3653,.T.);
#3980=FACE_BOUND('',#3654,.T.);
#3981=FACE_BOUND('',#3655,.T.);
#3982=FACE_BOUND('',#3656,.T.);
#3983=FACE_BOUND('',#3657,.T.);
#3984=FACE_BOUND('',#3658,.T.);
#3985=FACE_BOUND('',#3659,.T.);
#3986=FACE_BOUND('',#3660,.T.);
#3987=FACE_BOUND('',#3661,.T.);
#3988=FACE_BOUND('',#3662,.T.);
#3989=FACE_BOUND('',#3663,.T.);
#3990=FACE_BOUND('',#3664,.T.);
#3991=FACE_BOUND('',#3665,.T.);
#3992=FACE_BOUND('',#3666,.T.);
#3993=FACE_BOUND('',#3667,.T.);
#3994=FACE_BOUND('',#3668,.T.);
#3995=FACE_BOUND('',#3669,.T.);
#3996=FACE_BOUND('',#3670,.T.);
#3997=FACE_BOUND('',#3671,.T.);
#3998=FACE_BOUND('',#3672,.T.);
#3999=FACE_BOUND('',#3673,.T.);
#4000=FACE_BOUND('',#3674,.T.);
#4001=FACE_BOUND('',#3675,.T.);
#4002=FACE_BOUND('',#3676,.T.);
#4003=FACE_BOUND('',#3677,.T.);
#4004=FACE_BOUND('',#3678,.T.);
#4005=FACE_BOUND('',#3679,.T.);
#4006=FACE_BOUND('',#3680,.T.);
#4007=FACE_BOUND('',#3681,.T.);
#4008=FACE_BOUND('',#3682,.T.);
#4009=FACE_BOUND('',#3683,.T.);
#4010=FACE_BOUND('',#3684,.T.);
#4011=FACE_BOUND('',#3685,.T.);
#4012=FACE_BOUND('',#3686,.T.);
#4013=FACE_BOUND('',#3687,.T.);
#4014=FACE_BOUND('',#3688,.T.);
#4015=FACE_BOUND('',#3689,.T.);
#4016=FACE_BOUND('',#3690,.T.);
#4017=FACE_BOUND('',#3691,.T.);
#4018=FACE_BOUND('',#3692,.T.);
#4019=FACE_BOUND('',#3693,.T.);
#4020=FACE_BOUND('',#3694,.T.);
#4021=FACE_BOUND('',#3695,.T.);
#4022=FACE_BOUND('',#3696,.T.);
#4023=FACE_BOUND('',#3697,.T.);
#4024=FACE_BOUND('',#3698,.T.);
#4025=FACE_BOUND('',#3699,.T.);
#4026=FACE_BOUND('',#3700,.T.);
#4027=FACE_BOUND('',#3701,.T.);
#4028=FACE_BOUND('',#3702,.T.);
#4029=FACE_BOUND('',#3703,.T.);
#4030=FACE_BOUND('',#3704,.T.);
#4031=FACE_BOUND('',#3705,.T.);
#4032=FACE_BOUND('',#3706,.T.);
#4033=FACE_BOUND('',#3707,.T.);
#4034=FACE_BOUND('',#3708,.T.);
#4035=FACE_BOUND('',#3709,.T.);
#4036=FACE_BOUND('',#3710,.T.);
#4037=FACE_BOUND('',#3711,.T.);
#4038=FACE_BOUND('',#3712,.T.);
#4039=FACE_BOUND('',#3713,.T.);
#4040=FACE_BOUND('',#3714,.T.);
#4041=FACE_BOUND('',#3715,.T.);
#4042=FACE_BOUND('',#3716,.T.);
#4043=FACE_BOUND('',#3717,.T.);
#4044=FACE_BOUND('',#3718,.T.);
#4045=FACE_BOUND('',#3719,.T.);
#4046=FACE_BOUND('',#3720,.T.);
#4047=FACE_BOUND('',#3721,.T.);
#4048=FACE_BOUND('',#3722,.T.);
#4049=FACE_BOUND('',#3723,.T.);
#4050=FACE_BOUND('',#3724,.T.);
#4051=PLANE('',#4526);
#4052=PLANE('',#4528);
#4053=PLANE('',#4531);
#4054=PLANE('',#4532);
#4055=PLANE('',#4534);
#4056=PLANE('',#4535);
#4057=PLANE('',#4592);
#4058=PLANE('',#4593);
#4059=PLANE('',#4747);
#4060=PLANE('',#4748);
#4061=PLANE('',#4749);
#4062=PLANE('',#4750);
#4063=PLANE('',#4751);
#4064=PLANE('',#4752);
#4065=PLANE('',#4753);
#4066=PLANE('',#4754);
#4067=PLANE('',#4755);
#4068=PLANE('',#4756);
#4069=PLANE('',#4757);
#4070=PLANE('',#4758);
#4071=PLANE('',#4759);
#4072=PLANE('',#4760);
#4073=PLANE('',#4761);
#4074=PLANE('',#4762);
#4075=PLANE('',#4763);
#4076=PLANE('',#4764);
#4077=PLANE('',#4765);
#4078=PLANE('',#4766);
#4079=PLANE('',#4767);
#4080=PLANE('',#4768);
#4081=PLANE('',#4769);
#4082=PLANE('',#4770);
#4083=PLANE('',#4771);
#4084=PLANE('',#4772);
#4085=PLANE('',#4773);
#4086=PLANE('',#4774);
#4087=PLANE('',#4775);
#4088=PLANE('',#4776);
#4089=PLANE('',#4777);
#4090=PLANE('',#4778);
#4091=PLANE('',#4779);
#4092=PLANE('',#4780);
#4093=PLANE('',#4781);
#4094=PLANE('',#4782);
#4095=PLANE('',#4783);
#4096=PLANE('',#4784);
#4097=PLANE('',#4785);
#4098=PLANE('',#4786);
#4099=PLANE('',#4787);
#4100=PLANE('',#4788);
#4101=PLANE('',#4789);
#4102=PLANE('',#4790);
#4103=PLANE('',#4791);
#4104=PLANE('',#4792);
#4105=PLANE('',#4793);
#4106=PLANE('',#4794);
#4107=PLANE('',#4795);
#4108=PLANE('',#4796);
#4109=PLANE('',#4797);
#4110=PLANE('',#4798);
#4111=PLANE('',#4799);
#4112=PLANE('',#4800);
#4113=PLANE('',#4801);
#4114=PLANE('',#4802);
#4115=PLANE('',#4803);
#4116=PLANE('',#4804);
#4117=PLANE('',#4805);
#4118=PLANE('',#4806);
#4119=PLANE('',#4807);
#4120=PLANE('',#4808);
#4121=PLANE('',#4809);
#4122=PLANE('',#4810);
#4123=PLANE('',#4811);
#4124=PLANE('',#4812);
#4125=PLANE('',#4813);
#4126=PLANE('',#4814);
#4127=PLANE('',#4815);
#4128=PLANE('',#4816);
#4129=PLANE('',#4817);
#4130=PLANE('',#4818);
#4131=PLANE('',#4819);
#4132=PLANE('',#4820);
#4133=PLANE('',#4821);
#4134=PLANE('',#4822);
#4135=PLANE('',#4823);
#4136=PLANE('',#4824);
#4137=PLANE('',#4825);
#4138=PLANE('',#4826);
#4139=PLANE('',#4827);
#4140=PLANE('',#4828);
#4141=PLANE('',#4829);
#4142=PLANE('',#4830);
#4143=PLANE('',#4831);
#4144=PLANE('',#4832);
#4145=PLANE('',#4833);
#4146=PLANE('',#4834);
#4147=PLANE('',#4835);
#4148=PLANE('',#4836);
#4149=PLANE('',#4837);
#4150=PLANE('',#4838);
#4151=PLANE('',#4839);
#4152=PLANE('',#4840);
#4153=PLANE('',#4841);
#4154=PLANE('',#4842);
#4155=PLANE('',#4843);
#4156=PLANE('',#4844);
#4157=PLANE('',#4845);
#4158=PLANE('',#4846);
#4159=PLANE('',#4847);
#4160=PLANE('',#4848);
#4161=PLANE('',#4849);
#4162=PLANE('',#4850);
#4163=PLANE('',#4851);
#4164=PLANE('',#4852);
#4165=PLANE('',#4853);
#4166=PLANE('',#4854);
#4167=PLANE('',#4855);
#4168=PLANE('',#4856);
#4169=PLANE('',#4857);
#4170=PLANE('',#4858);
#4171=PLANE('',#4859);
#4172=PLANE('',#4860);
#4173=PLANE('',#4861);
#4174=PLANE('',#4862);
#4175=PLANE('',#4863);
#4176=PLANE('',#4864);
#4177=PLANE('',#4865);
#4178=PLANE('',#4866);
#4179=PLANE('',#4867);
#4180=PLANE('',#4868);
#4181=PLANE('',#4869);
#4182=PLANE('',#4870);
#4183=PLANE('',#4871);
#4184=PLANE('',#4872);
#4185=PLANE('',#4873);
#4186=PLANE('',#4874);
#4187=PLANE('',#4875);
#4188=PLANE('',#4876);
#4189=PLANE('',#4877);
#4190=PLANE('',#4878);
#4191=PLANE('',#4879);
#4192=PLANE('',#4880);
#4193=PLANE('',#4881);
#4194=PLANE('',#4882);
#4195=PLANE('',#4883);
#4196=PLANE('',#4884);
#4197=PLANE('',#4885);
#4198=PLANE('',#4886);
#4199=PLANE('',#4887);
#4200=PLANE('',#4888);
#4201=PLANE('',#4889);
#4202=PLANE('',#4890);
#4203=PLANE('',#4891);
#4204=PLANE('',#4892);
#4205=PLANE('',#4893);
#4206=PLANE('',#4894);
#4207=PLANE('',#4895);
#4208=PLANE('',#4896);
#4209=PLANE('',#4897);
#4210=PLANE('',#4898);
#4211=PLANE('',#4899);
#4212=PLANE('',#4900);
#4213=PLANE('',#4901);
#4214=PLANE('',#4902);
#4215=PLANE('',#4903);
#4216=PLANE('',#4904);
#4217=PLANE('',#4905);
#4218=PLANE('',#4906);
#4219=PLANE('',#4907);
#4220=PLANE('',#4908);
#4221=PLANE('',#4909);
#4222=PLANE('',#4910);
#4223=PLANE('',#4911);
#4224=PLANE('',#4912);
#4225=PLANE('',#4913);
#4226=PLANE('',#4914);
#4227=PLANE('',#4915);
#4228=PLANE('',#4916);
#4229=PLANE('',#4917);
#4230=PLANE('',#4918);
#4231=PLANE('',#4919);
#4232=PLANE('',#4920);
#4233=PLANE('',#4921);
#4234=PLANE('',#4922);
#4235=PLANE('',#4923);
#4236=PLANE('',#4924);
#4237=PLANE('',#4925);
#4238=PLANE('',#4926);
#4239=PLANE('',#4927);
#4240=PLANE('',#4928);
#4241=PLANE('',#4929);
#4242=PLANE('',#4930);
#4243=PLANE('',#4932);
#4244=PLANE('',#4934);
#4245=PLANE('',#4937);
#4246=PLANE('',#4938);
#4247=PLANE('',#4940);
#4248=PLANE('',#4942);
#4249=PLANE('',#4945);
#4250=PLANE('',#4946);
#4251=PLANE('',#4948);
#4252=PLANE('',#4950);
#4253=PLANE('',#4953);
#4254=PLANE('',#4954);
#4255=ADVANCED_FACE('',(#3725),#4051,.F.);
#4256=ADVANCED_FACE('',(#3726),#4052,.T.);
#4257=ADVANCED_FACE('',(#3727),#140,.T.);
#4258=ADVANCED_FACE('',(#3728),#4053,.T.);
#4259=ADVANCED_FACE('',(#3729),#4054,.T.);
#4260=ADVANCED_FACE('',(#3730,#3731,#3732,#3733,#3734,#3735,#3736),#4055,
 .T.);
#4261=ADVANCED_FACE('',(#3737,#3738,#3739,#3740,#3741,#3742,#3743),#4056,
 .F.);
#4262=ADVANCED_FACE('',(#3744,#3745,#3746,#3747,#3748,#3749,#3750,#3751),
#141,.F.);
#4263=ADVANCED_FACE('',(#3752,#3753,#3754,#3755,#3756,#3757,#3758,#3759),
#142,.F.);
#4264=ADVANCED_FACE('',(#3760,#3761,#3762,#3763,#3764,#3765,#3766),#4057,
 .F.);
#4265=ADVANCED_FACE('',(#3767,#3768,#3769,#3770,#3771,#3772,#3773),#4058,
 .T.);
#4266=ADVANCED_FACE('',(#3774,#3775,#3776,#3777,#3778,#3779,#3780,#3781),
#143,.F.);
#4267=ADVANCED_FACE('',(#3782,#3783,#3784,#3785,#3786,#3787,#3788,#3789,
#3790,#3791,#3792,#3793,#3794,#3795,#3796,#3797,#3798,#3799,#3800,#3801,
#3802,#3803,#3804,#3805,#3806,#3807,#3808,#3809,#3810,#3811,#3812,#3813,
#3814,#3815),#144,.T.);
#4268=ADVANCED_FACE('',(#3816,#3817,#3818,#3819,#3820,#3821,#3822,#3823),
#145,.F.);
#4269=ADVANCED_FACE('',(#3824,#3825,#3826,#3827,#3828,#3829,#3830),#4059,
 .F.);
#4270=ADVANCED_FACE('',(#3831,#3832,#3833,#3834,#3835,#3836,#3837),#4060,
 .T.);
#4271=ADVANCED_FACE('',(#3838,#3839,#3840,#3841,#3842,#3843,#3844),#4061,
 .F.);
#4272=ADVANCED_FACE('',(#3845,#3846,#3847,#3848,#3849,#3850,#3851),#4062,
 .T.);
#4273=ADVANCED_FACE('',(#3852),#4063,.F.);
#4274=ADVANCED_FACE('',(#3853),#4064,.F.);
#4275=ADVANCED_FACE('',(#3854),#4065,.F.);
#4276=ADVANCED_FACE('',(#3855),#4066,.F.);
#4277=ADVANCED_FACE('',(#3856),#4067,.F.);
#4278=ADVANCED_FACE('',(#3857),#4068,.F.);
#4279=ADVANCED_FACE('',(#3858),#4069,.F.);
#4280=ADVANCED_FACE('',(#3859),#4070,.F.);
#4281=ADVANCED_FACE('',(#3860),#4071,.F.);
#4282=ADVANCED_FACE('',(#3861),#4072,.F.);
#4283=ADVANCED_FACE('',(#3862),#4073,.F.);
#4284=ADVANCED_FACE('',(#3863),#4074,.F.);
#4285=ADVANCED_FACE('',(#3864),#4075,.F.);
#4286=ADVANCED_FACE('',(#3865),#4076,.F.);
#4287=ADVANCED_FACE('',(#3866),#4077,.F.);
#4288=ADVANCED_FACE('',(#3867),#4078,.F.);
#4289=ADVANCED_FACE('',(#3868),#4079,.F.);
#4290=ADVANCED_FACE('',(#3869),#4080,.F.);
#4291=ADVANCED_FACE('',(#3870),#4081,.F.);
#4292=ADVANCED_FACE('',(#3871),#4082,.F.);
#4293=ADVANCED_FACE('',(#3872),#4083,.F.);
#4294=ADVANCED_FACE('',(#3873),#4084,.F.);
#4295=ADVANCED_FACE('',(#3874),#4085,.F.);
#4296=ADVANCED_FACE('',(#3875),#4086,.F.);
#4297=ADVANCED_FACE('',(#3876),#4087,.F.);
#4298=ADVANCED_FACE('',(#3877),#4088,.F.);
#4299=ADVANCED_FACE('',(#3878),#4089,.F.);
#4300=ADVANCED_FACE('',(#3879),#4090,.F.);
#4301=ADVANCED_FACE('',(#3880),#4091,.F.);
#4302=ADVANCED_FACE('',(#3881),#4092,.F.);
#4303=ADVANCED_FACE('',(#3882),#4093,.F.);
#4304=ADVANCED_FACE('',(#3883),#4094,.F.);
#4305=ADVANCED_FACE('',(#3884),#4095,.F.);
#4306=ADVANCED_FACE('',(#3885),#4096,.T.);
#4307=ADVANCED_FACE('',(#3886),#4097,.T.);
#4308=ADVANCED_FACE('',(#3887),#4098,.T.);
#4309=ADVANCED_FACE('',(#3888),#4099,.T.);
#4310=ADVANCED_FACE('',(#3889),#4100,.T.);
#4311=ADVANCED_FACE('',(#3890),#4101,.T.);
#4312=ADVANCED_FACE('',(#3891),#4102,.T.);
#4313=ADVANCED_FACE('',(#3892),#4103,.T.);
#4314=ADVANCED_FACE('',(#3893),#4104,.T.);
#4315=ADVANCED_FACE('',(#3894),#4105,.T.);
#4316=ADVANCED_FACE('',(#3895),#4106,.T.);
#4317=ADVANCED_FACE('',(#3896),#4107,.T.);
#4318=ADVANCED_FACE('',(#3897),#4108,.T.);
#4319=ADVANCED_FACE('',(#3898),#4109,.T.);
#4320=ADVANCED_FACE('',(#3899),#4110,.T.);
#4321=ADVANCED_FACE('',(#3900),#4111,.T.);
#4322=ADVANCED_FACE('',(#3901),#4112,.T.);
#4323=ADVANCED_FACE('',(#3902),#4113,.T.);
#4324=ADVANCED_FACE('',(#3903),#4114,.T.);
#4325=ADVANCED_FACE('',(#3904),#4115,.T.);
#4326=ADVANCED_FACE('',(#3905),#4116,.T.);
#4327=ADVANCED_FACE('',(#3906),#4117,.T.);
#4328=ADVANCED_FACE('',(#3907),#4118,.T.);
#4329=ADVANCED_FACE('',(#3908),#4119,.T.);
#4330=ADVANCED_FACE('',(#3909),#4120,.T.);
#4331=ADVANCED_FACE('',(#3910),#4121,.T.);
#4332=ADVANCED_FACE('',(#3911),#4122,.T.);
#4333=ADVANCED_FACE('',(#3912),#4123,.T.);
#4334=ADVANCED_FACE('',(#3913),#4124,.T.);
#4335=ADVANCED_FACE('',(#3914),#4125,.T.);
#4336=ADVANCED_FACE('',(#3915),#4126,.T.);
#4337=ADVANCED_FACE('',(#3916),#4127,.T.);
#4338=ADVANCED_FACE('',(#3917),#4128,.T.);
#4339=ADVANCED_FACE('',(#3918),#4129,.T.);
#4340=ADVANCED_FACE('',(#3919),#4130,.F.);
#4341=ADVANCED_FACE('',(#3920),#4131,.T.);
#4342=ADVANCED_FACE('',(#3921),#4132,.T.);
#4343=ADVANCED_FACE('',(#3922),#4133,.T.);
#4344=ADVANCED_FACE('',(#3923),#4134,.F.);
#4345=ADVANCED_FACE('',(#3924),#4135,.F.);
#4346=ADVANCED_FACE('',(#3925),#4136,.T.);
#4347=ADVANCED_FACE('',(#3926),#4137,.T.);
#4348=ADVANCED_FACE('',(#3927),#4138,.T.);
#4349=ADVANCED_FACE('',(#3928),#4139,.T.);
#4350=ADVANCED_FACE('',(#3929),#4140,.T.);
#4351=ADVANCED_FACE('',(#3930),#4141,.T.);
#4352=ADVANCED_FACE('',(#3931),#4142,.T.);
#4353=ADVANCED_FACE('',(#3932),#4143,.T.);
#4354=ADVANCED_FACE('',(#3933),#4144,.T.);
#4355=ADVANCED_FACE('',(#3934),#4145,.T.);
#4356=ADVANCED_FACE('',(#3935),#4146,.T.);
#4357=ADVANCED_FACE('',(#3936),#4147,.T.);
#4358=ADVANCED_FACE('',(#3937),#4148,.T.);
#4359=ADVANCED_FACE('',(#3938),#4149,.T.);
#4360=ADVANCED_FACE('',(#3939),#4150,.T.);
#4361=ADVANCED_FACE('',(#3940),#4151,.T.);
#4362=ADVANCED_FACE('',(#3941),#4152,.T.);
#4363=ADVANCED_FACE('',(#3942),#4153,.T.);
#4364=ADVANCED_FACE('',(#3943),#4154,.T.);
#4365=ADVANCED_FACE('',(#3944),#4155,.T.);
#4366=ADVANCED_FACE('',(#3945),#4156,.T.);
#4367=ADVANCED_FACE('',(#3946),#4157,.T.);
#4368=ADVANCED_FACE('',(#3947),#4158,.T.);
#4369=ADVANCED_FACE('',(#3948),#4159,.T.);
#4370=ADVANCED_FACE('',(#3949),#4160,.T.);
#4371=ADVANCED_FACE('',(#3950),#4161,.T.);
#4372=ADVANCED_FACE('',(#3951),#4162,.T.);
#4373=ADVANCED_FACE('',(#3952),#4163,.T.);
#4374=ADVANCED_FACE('',(#3953),#4164,.T.);
#4375=ADVANCED_FACE('',(#3954),#4165,.T.);
#4376=ADVANCED_FACE('',(#3955),#4166,.T.);
#4377=ADVANCED_FACE('',(#3956),#4167,.T.);
#4378=ADVANCED_FACE('',(#3957),#4168,.T.);
#4379=ADVANCED_FACE('',(#3958),#4169,.T.);
#4380=ADVANCED_FACE('',(#3959),#4170,.T.);
#4381=ADVANCED_FACE('',(#3960),#4171,.T.);
#4382=ADVANCED_FACE('',(#3961),#4172,.T.);
#4383=ADVANCED_FACE('',(#3962),#4173,.T.);
#4384=ADVANCED_FACE('',(#3963),#4174,.T.);
#4385=ADVANCED_FACE('',(#3964),#4175,.T.);
#4386=ADVANCED_FACE('',(#3965),#4176,.T.);
#4387=ADVANCED_FACE('',(#3966),#4177,.T.);
#4388=ADVANCED_FACE('',(#3967),#4178,.T.);
#4389=ADVANCED_FACE('',(#3968),#4179,.T.);
#4390=ADVANCED_FACE('',(#3969),#4180,.T.);
#4391=ADVANCED_FACE('',(#3970),#4181,.T.);
#4392=ADVANCED_FACE('',(#3971),#4182,.T.);
#4393=ADVANCED_FACE('',(#3972),#4183,.T.);
#4394=ADVANCED_FACE('',(#3973),#4184,.T.);
#4395=ADVANCED_FACE('',(#3974),#4185,.T.);
#4396=ADVANCED_FACE('',(#3975),#4186,.T.);
#4397=ADVANCED_FACE('',(#3976),#4187,.T.);
#4398=ADVANCED_FACE('',(#3977),#4188,.T.);
#4399=ADVANCED_FACE('',(#3978),#4189,.T.);
#4400=ADVANCED_FACE('',(#3979),#4190,.T.);
#4401=ADVANCED_FACE('',(#3980),#4191,.T.);
#4402=ADVANCED_FACE('',(#3981),#4192,.T.);
#4403=ADVANCED_FACE('',(#3982),#4193,.T.);
#4404=ADVANCED_FACE('',(#3983),#4194,.T.);
#4405=ADVANCED_FACE('',(#3984),#4195,.T.);
#4406=ADVANCED_FACE('',(#3985),#4196,.T.);
#4407=ADVANCED_FACE('',(#3986),#4197,.T.);
#4408=ADVANCED_FACE('',(#3987),#4198,.T.);
#4409=ADVANCED_FACE('',(#3988),#4199,.T.);
#4410=ADVANCED_FACE('',(#3989),#4200,.T.);
#4411=ADVANCED_FACE('',(#3990),#4201,.T.);
#4412=ADVANCED_FACE('',(#3991),#4202,.T.);
#4413=ADVANCED_FACE('',(#3992),#4203,.T.);
#4414=ADVANCED_FACE('',(#3993),#4204,.T.);
#4415=ADVANCED_FACE('',(#3994),#4205,.T.);
#4416=ADVANCED_FACE('',(#3995),#4206,.T.);
#4417=ADVANCED_FACE('',(#3996),#4207,.T.);
#4418=ADVANCED_FACE('',(#3997),#4208,.T.);
#4419=ADVANCED_FACE('',(#3998),#4209,.T.);
#4420=ADVANCED_FACE('',(#3999),#4210,.T.);
#4421=ADVANCED_FACE('',(#4000),#4211,.T.);
#4422=ADVANCED_FACE('',(#4001),#4212,.T.);
#4423=ADVANCED_FACE('',(#4002),#4213,.T.);
#4424=ADVANCED_FACE('',(#4003),#4214,.T.);
#4425=ADVANCED_FACE('',(#4004),#4215,.T.);
#4426=ADVANCED_FACE('',(#4005),#4216,.T.);
#4427=ADVANCED_FACE('',(#4006),#4217,.T.);
#4428=ADVANCED_FACE('',(#4007),#4218,.T.);
#4429=ADVANCED_FACE('',(#4008),#4219,.T.);
#4430=ADVANCED_FACE('',(#4009),#4220,.T.);
#4431=ADVANCED_FACE('',(#4010),#4221,.T.);
#4432=ADVANCED_FACE('',(#4011),#4222,.T.);
#4433=ADVANCED_FACE('',(#4012),#4223,.T.);
#4434=ADVANCED_FACE('',(#4013),#4224,.T.);
#4435=ADVANCED_FACE('',(#4014),#4225,.T.);
#4436=ADVANCED_FACE('',(#4015),#4226,.T.);
#4437=ADVANCED_FACE('',(#4016),#4227,.T.);
#4438=ADVANCED_FACE('',(#4017),#4228,.T.);
#4439=ADVANCED_FACE('',(#4018),#4229,.F.);
#4440=ADVANCED_FACE('',(#4019),#4230,.T.);
#4441=ADVANCED_FACE('',(#4020),#4231,.F.);
#4442=ADVANCED_FACE('',(#4021),#4232,.T.);
#4443=ADVANCED_FACE('',(#4022),#4233,.F.);
#4444=ADVANCED_FACE('',(#4023),#4234,.T.);
#4445=ADVANCED_FACE('',(#4024),#4235,.F.);
#4446=ADVANCED_FACE('',(#4025),#4236,.T.);
#4447=ADVANCED_FACE('',(#4026),#4237,.T.);
#4448=ADVANCED_FACE('',(#4027),#4238,.T.);
#4449=ADVANCED_FACE('',(#4028),#4239,.F.);
#4450=ADVANCED_FACE('',(#4029),#4240,.F.);
#4451=ADVANCED_FACE('',(#4030),#4241,.F.);
#4452=ADVANCED_FACE('',(#4031,#4032,#4033,#4034,#4035),#4242,.T.);
#4453=ADVANCED_FACE('',(#4036),#4243,.F.);
#4454=ADVANCED_FACE('',(#4037),#4244,.T.);
#4455=ADVANCED_FACE('',(#4038),#146,.T.);
#4456=ADVANCED_FACE('',(#4039),#4245,.T.);
#4457=ADVANCED_FACE('',(#4040),#4246,.T.);
#4458=ADVANCED_FACE('',(#4041),#4247,.F.);
#4459=ADVANCED_FACE('',(#4042),#4248,.T.);
#4460=ADVANCED_FACE('',(#4043),#147,.T.);
#4461=ADVANCED_FACE('',(#4044),#4249,.T.);
#4462=ADVANCED_FACE('',(#4045),#4250,.T.);
#4463=ADVANCED_FACE('',(#4046),#4251,.F.);
#4464=ADVANCED_FACE('',(#4047),#4252,.T.);
#4465=ADVANCED_FACE('',(#4048),#148,.T.);
#4466=ADVANCED_FACE('',(#4049),#4253,.T.);
#4467=ADVANCED_FACE('',(#4050),#4254,.T.);
#4468=CLOSED_SHELL('',(#4255,#4256,#4257,#4258,#4259));
#4469=CLOSED_SHELL('',(#4260,#4261,#4262,#4263,#4264,#4265,#4266,#4267,
#4268,#4269,#4270,#4271,#4272,#4273,#4274,#4275,#4276,#4277,#4278,#4279,
#4280,#4281,#4282,#4283,#4284,#4285,#4286,#4287,#4288,#4289,#4290,#4291,
#4292,#4293,#4294,#4295,#4296,#4297,#4298,#4299,#4300,#4301,#4302,#4303,
#4304,#4305,#4306,#4307,#4308,#4309,#4310,#4311,#4312,#4313,#4314,#4315,
#4316,#4317,#4318,#4319,#4320,#4321,#4322,#4323,#4324,#4325,#4326,#4327,
#4328,#4329,#4330,#4331,#4332,#4333,#4334,#4335,#4336,#4337,#4338,#4339,
#4340,#4341,#4342,#4343,#4344,#4345,#4346,#4347,#4348,#4349,#4350,#4351,
#4352,#4353,#4354,#4355,#4356,#4357,#4358,#4359,#4360,#4361,#4362,#4363,
#4364,#4365,#4366,#4367,#4368,#4369,#4370,#4371,#4372,#4373,#4374,#4375,
#4376,#4377,#4378,#4379,#4380,#4381,#4382,#4383,#4384,#4385,#4386,#4387,
#4388,#4389,#4390,#4391,#4392,#4393,#4394,#4395,#4396,#4397,#4398,#4399,
#4400,#4401,#4402,#4403,#4404,#4405,#4406,#4407,#4408,#4409,#4410,#4411,
#4412,#4413,#4414,#4415,#4416,#4417,#4418,#4419,#4420,#4421,#4422,#4423,
#4424,#4425,#4426,#4427,#4428,#4429,#4430,#4431,#4432,#4433,#4434,#4435,
#4436,#4437,#4438,#4439,#4440,#4441,#4442,#4443,#4444,#4445,#4446,#4447,
#4448,#4449,#4450,#4451,#4452));
#4470=CLOSED_SHELL('',(#4453,#4454,#4455,#4456,#4457));
#4471=CLOSED_SHELL('',(#4458,#4459,#4460,#4461,#4462));
#4472=CLOSED_SHELL('',(#4463,#4464,#4465,#4466,#4467));
#4473=STYLED_ITEM('',(#4478),#4510);
#4474=STYLED_ITEM('',(#4479),#4511);
#4475=STYLED_ITEM('',(#4480),#4512);
#4476=STYLED_ITEM('',(#4481),#4513);
#4477=STYLED_ITEM('',(#4482),#4514);
#4478=PRESENTATION_STYLE_ASSIGNMENT((#4483));
#4479=PRESENTATION_STYLE_ASSIGNMENT((#4484));
#4480=PRESENTATION_STYLE_ASSIGNMENT((#4485));
#4481=PRESENTATION_STYLE_ASSIGNMENT((#4486));
#4482=PRESENTATION_STYLE_ASSIGNMENT((#4487));
#4483=SURFACE_STYLE_USAGE(.BOTH.,#4488);
#4484=SURFACE_STYLE_USAGE(.BOTH.,#4489);
#4485=SURFACE_STYLE_USAGE(.BOTH.,#4490);
#4486=SURFACE_STYLE_USAGE(.BOTH.,#4491);
#4487=SURFACE_STYLE_USAGE(.BOTH.,#4492);
#4488=SURFACE_SIDE_STYLE('',(#4493));
#4489=SURFACE_SIDE_STYLE('',(#4494));
#4490=SURFACE_SIDE_STYLE('',(#4495));
#4491=SURFACE_SIDE_STYLE('',(#4496));
#4492=SURFACE_SIDE_STYLE('',(#4497));
#4493=SURFACE_STYLE_FILL_AREA(#4498);
#4494=SURFACE_STYLE_FILL_AREA(#4499);
#4495=SURFACE_STYLE_FILL_AREA(#4500);
#4496=SURFACE_STYLE_FILL_AREA(#4501);
#4497=SURFACE_STYLE_FILL_AREA(#4502);
#4498=FILL_AREA_STYLE('',(#4503));
#4499=FILL_AREA_STYLE('',(#4504));
#4500=FILL_AREA_STYLE('',(#4505));
#4501=FILL_AREA_STYLE('',(#4506));
#4502=FILL_AREA_STYLE('',(#4507));
#4503=FILL_AREA_STYLE_COLOUR('',#4508);
#4504=FILL_AREA_STYLE_COLOUR('',#4509);
#4505=FILL_AREA_STYLE_COLOUR('',#4508);
#4506=FILL_AREA_STYLE_COLOUR('',#4508);
#4507=FILL_AREA_STYLE_COLOUR('',#4508);
#4508=COLOUR_RGB('',0.647058823529412,0.647058823529412,0.647058823529412);
#4509=COLOUR_RGB('',0.764705882352941,0.545098039215686,0.803921568627451);
#4510=MANIFOLD_SOLID_BREP('Part 4',#4468);
#4511=MANIFOLD_SOLID_BREP('Part 1',#4469);
#4512=MANIFOLD_SOLID_BREP('Part 5',#4470);
#4513=MANIFOLD_SOLID_BREP('Part 2',#4471);
#4514=MANIFOLD_SOLID_BREP('Part 3',#4472);
#4515=SHAPE_DEFINITION_REPRESENTATION(#7537,#4520);
#4516=SHAPE_DEFINITION_REPRESENTATION(#7538,#4521);
#4517=SHAPE_DEFINITION_REPRESENTATION(#7539,#4522);
#4518=SHAPE_DEFINITION_REPRESENTATION(#7540,#4523);
#4519=SHAPE_DEFINITION_REPRESENTATION(#7541,#4524);
#4520=SHAPE_REPRESENTATION('Part 4',(#4525),#7512);
#4521=SHAPE_REPRESENTATION('Part 1',(#4533),#7513);
#4522=SHAPE_REPRESENTATION('Part 5',(#4931),#7514);
#4523=SHAPE_REPRESENTATION('Part 2',(#4939),#7515);
#4524=SHAPE_REPRESENTATION('Part 3',(#4947),#7516);
#4525=AXIS2_PLACEMENT_3D('',#6235,#4955,#4956);
#4526=AXIS2_PLACEMENT_3D('',#6236,#4957,#4958);
#4527=AXIS2_PLACEMENT_3D('',#6240,#4960,#4961);
#4528=AXIS2_PLACEMENT_3D('',#6243,#4963,#4964);
#4529=AXIS2_PLACEMENT_3D('',#6249,#4967,#4968);
#4530=AXIS2_PLACEMENT_3D('',#6250,#4969,#4970);
#4531=AXIS2_PLACEMENT_3D('',#6253,#4973,#4974);
#4532=AXIS2_PLACEMENT_3D('',#6255,#4976,#4977);
#4533=AXIS2_PLACEMENT_3D('',#6256,#4978,#4979);
#4534=AXIS2_PLACEMENT_3D('',#6257,#4980,#4981);
#4535=AXIS2_PLACEMENT_3D('',#6310,#5008,#5009);
#4536=AXIS2_PLACEMENT_3D('',#6363,#5036,#5037);
#4537=AXIS2_PLACEMENT_3D('',#6364,#5038,#5039);
#4538=AXIS2_PLACEMENT_3D('',#6367,#5040,#5041);
#4539=AXIS2_PLACEMENT_3D('',#6369,#5042,#5043);
#4540=AXIS2_PLACEMENT_3D('',#6370,#5044,#5045);
#4541=AXIS2_PLACEMENT_3D('',#6373,#5046,#5047);
#4542=AXIS2_PLACEMENT_3D('',#6375,#5048,#5049);
#4543=AXIS2_PLACEMENT_3D('',#6376,#5050,#5051);
#4544=AXIS2_PLACEMENT_3D('',#6379,#5052,#5053);
#4545=AXIS2_PLACEMENT_3D('',#6381,#5054,#5055);
#4546=AXIS2_PLACEMENT_3D('',#6382,#5056,#5057);
#4547=AXIS2_PLACEMENT_3D('',#6385,#5058,#5059);
#4548=AXIS2_PLACEMENT_3D('',#6387,#5060,#5061);
#4549=AXIS2_PLACEMENT_3D('',#6388,#5062,#5063);
#4550=AXIS2_PLACEMENT_3D('',#6391,#5064,#5065);
#4551=AXIS2_PLACEMENT_3D('',#6393,#5066,#5067);
#4552=AXIS2_PLACEMENT_3D('',#6394,#5068,#5069);
#4553=AXIS2_PLACEMENT_3D('',#6397,#5070,#5071);
#4554=AXIS2_PLACEMENT_3D('',#6399,#5072,#5073);
#4555=AXIS2_PLACEMENT_3D('',#6400,#5074,#5075);
#4556=AXIS2_PLACEMENT_3D('',#6403,#5076,#5077);
#4557=AXIS2_PLACEMENT_3D('',#6405,#5078,#5079);
#4558=AXIS2_PLACEMENT_3D('',#6409,#5081,#5082);
#4559=AXIS2_PLACEMENT_3D('',#6410,#5083,#5084);
#4560=AXIS2_PLACEMENT_3D('',#6414,#5086,#5087);
#4561=AXIS2_PLACEMENT_3D('',#6415,#5088,#5089);
#4562=AXIS2_PLACEMENT_3D('',#6419,#5091,#5092);
#4563=AXIS2_PLACEMENT_3D('',#6421,#5093,#5094);
#4564=AXIS2_PLACEMENT_3D('',#6422,#5095,#5096);
#4565=AXIS2_PLACEMENT_3D('',#6423,#5097,#5098);
#4566=AXIS2_PLACEMENT_3D('',#6426,#5099,#5100);
#4567=AXIS2_PLACEMENT_3D('',#6428,#5101,#5102);
#4568=AXIS2_PLACEMENT_3D('',#6429,#5103,#5104);
#4569=AXIS2_PLACEMENT_3D('',#6432,#5105,#5106);
#4570=AXIS2_PLACEMENT_3D('',#6434,#5107,#5108);
#4571=AXIS2_PLACEMENT_3D('',#6435,#5109,#5110);
#4572=AXIS2_PLACEMENT_3D('',#6438,#5111,#5112);
#4573=AXIS2_PLACEMENT_3D('',#6440,#5113,#5114);
#4574=AXIS2_PLACEMENT_3D('',#6441,#5115,#5116);
#4575=AXIS2_PLACEMENT_3D('',#6444,#5117,#5118);
#4576=AXIS2_PLACEMENT_3D('',#6446,#5119,#5120);
#4577=AXIS2_PLACEMENT_3D('',#6447,#5121,#5122);
#4578=AXIS2_PLACEMENT_3D('',#6450,#5123,#5124);
#4579=AXIS2_PLACEMENT_3D('',#6452,#5125,#5126);
#4580=AXIS2_PLACEMENT_3D('',#6453,#5127,#5128);
#4581=AXIS2_PLACEMENT_3D('',#6456,#5129,#5130);
#4582=AXIS2_PLACEMENT_3D('',#6458,#5131,#5132);
#4583=AXIS2_PLACEMENT_3D('',#6459,#5133,#5134);
#4584=AXIS2_PLACEMENT_3D('',#6462,#5135,#5136);
#4585=AXIS2_PLACEMENT_3D('',#6464,#5137,#5138);
#4586=AXIS2_PLACEMENT_3D('',#6468,#5140,#5141);
#4587=AXIS2_PLACEMENT_3D('',#6472,#5143,#5144);
#4588=AXIS2_PLACEMENT_3D('',#6474,#5145,#5146);
#4589=AXIS2_PLACEMENT_3D('',#6478,#5148,#5149);
#4590=AXIS2_PLACEMENT_3D('',#6482,#5151,#5152);
#4591=AXIS2_PLACEMENT_3D('',#6486,#5154,#5155);
#4592=AXIS2_PLACEMENT_3D('',#6487,#5156,#5157);
#4593=AXIS2_PLACEMENT_3D('',#6531,#5181,#5182);
#4594=AXIS2_PLACEMENT_3D('',#6578,#5207,#5208);
#4595=AXIS2_PLACEMENT_3D('',#6579,#5209,#5210);
#4596=AXIS2_PLACEMENT_3D('',#6582,#5211,#5212);
#4597=AXIS2_PLACEMENT_3D('',#6584,#5213,#5214);
#4598=AXIS2_PLACEMENT_3D('',#6585,#5215,#5216);
#4599=AXIS2_PLACEMENT_3D('',#6588,#5217,#5218);
#4600=AXIS2_PLACEMENT_3D('',#6590,#5219,#5220);
#4601=AXIS2_PLACEMENT_3D('',#6591,#5221,#5222);
#4602=AXIS2_PLACEMENT_3D('',#6594,#5223,#5224);
#4603=AXIS2_PLACEMENT_3D('',#6596,#5225,#5226);
#4604=AXIS2_PLACEMENT_3D('',#6597,#5227,#5228);
#4605=AXIS2_PLACEMENT_3D('',#6600,#5229,#5230);
#4606=AXIS2_PLACEMENT_3D('',#6602,#5231,#5232);
#4607=AXIS2_PLACEMENT_3D('',#6603,#5233,#5234);
#4608=AXIS2_PLACEMENT_3D('',#6606,#5235,#5236);
#4609=AXIS2_PLACEMENT_3D('',#6608,#5237,#5238);
#4610=AXIS2_PLACEMENT_3D('',#6609,#5239,#5240);
#4611=AXIS2_PLACEMENT_3D('',#6612,#5241,#5242);
#4612=AXIS2_PLACEMENT_3D('',#6614,#5243,#5244);
#4613=AXIS2_PLACEMENT_3D('',#6615,#5245,#5246);
#4614=AXIS2_PLACEMENT_3D('',#6618,#5247,#5248);
#4615=AXIS2_PLACEMENT_3D('',#6620,#5249,#5250);
#4616=AXIS2_PLACEMENT_3D('',#6621,#5251,#5252);
#4617=AXIS2_PLACEMENT_3D('',#6625,#5254,#5255);
#4618=AXIS2_PLACEMENT_3D('',#6627,#5256,#5257);
#4619=AXIS2_PLACEMENT_3D('',#6631,#5259,#5260);
#4620=AXIS2_PLACEMENT_3D('',#6632,#5261,#5262);
#4621=AXIS2_PLACEMENT_3D('',#6636,#5264,#5265);
#4622=AXIS2_PLACEMENT_3D('',#6637,#5266,#5267);
#4623=AXIS2_PLACEMENT_3D('',#6638,#5268,#5269);
#4624=AXIS2_PLACEMENT_3D('',#6640,#5270,#5271);
#4625=AXIS2_PLACEMENT_3D('',#6645,#5273,#5274);
#4626=AXIS2_PLACEMENT_3D('',#6648,#5276,#5277);
#4627=AXIS2_PLACEMENT_3D('',#6653,#5279,#5280);
#4628=AXIS2_PLACEMENT_3D('',#6656,#5282,#5283);
#4629=AXIS2_PLACEMENT_3D('',#6659,#5284,#5285);
#4630=AXIS2_PLACEMENT_3D('',#6661,#5286,#5287);
#4631=AXIS2_PLACEMENT_3D('',#6662,#5288,#5289);
#4632=AXIS2_PLACEMENT_3D('',#6665,#5290,#5291);
#4633=AXIS2_PLACEMENT_3D('',#6667,#5292,#5293);
#4634=AXIS2_PLACEMENT_3D('',#6668,#5294,#5295);
#4635=AXIS2_PLACEMENT_3D('',#6671,#5296,#5297);
#4636=AXIS2_PLACEMENT_3D('',#6673,#5298,#5299);
#4637=AXIS2_PLACEMENT_3D('',#6674,#5300,#5301);
#4638=AXIS2_PLACEMENT_3D('',#6677,#5302,#5303);
#4639=AXIS2_PLACEMENT_3D('',#6679,#5304,#5305);
#4640=AXIS2_PLACEMENT_3D('',#6680,#5306,#5307);
#4641=AXIS2_PLACEMENT_3D('',#6683,#5308,#5309);
#4642=AXIS2_PLACEMENT_3D('',#6685,#5310,#5311);
#4643=AXIS2_PLACEMENT_3D('',#6686,#5312,#5313);
#4644=AXIS2_PLACEMENT_3D('',#6689,#5314,#5315);
#4645=AXIS2_PLACEMENT_3D('',#6691,#5316,#5317);
#4646=AXIS2_PLACEMENT_3D('',#6692,#5318,#5319);
#4647=AXIS2_PLACEMENT_3D('',#6695,#5320,#5321);
#4648=AXIS2_PLACEMENT_3D('',#6697,#5322,#5323);
#4649=AXIS2_PLACEMENT_3D('',#6698,#5324,#5325);
#4650=AXIS2_PLACEMENT_3D('',#6701,#5326,#5327);
#4651=AXIS2_PLACEMENT_3D('',#6703,#5328,#5329);
#4652=AXIS2_PLACEMENT_3D('',#6704,#5330,#5331);
#4653=AXIS2_PLACEMENT_3D('',#6707,#5332,#5333);
#4654=AXIS2_PLACEMENT_3D('',#6709,#5334,#5335);
#4655=AXIS2_PLACEMENT_3D('',#6710,#5336,#5337);
#4656=AXIS2_PLACEMENT_3D('',#6713,#5338,#5339);
#4657=AXIS2_PLACEMENT_3D('',#6715,#5340,#5341);
#4658=AXIS2_PLACEMENT_3D('',#6716,#5342,#5343);
#4659=AXIS2_PLACEMENT_3D('',#6719,#5344,#5345);
#4660=AXIS2_PLACEMENT_3D('',#6721,#5346,#5347);
#4661=AXIS2_PLACEMENT_3D('',#6722,#5348,#5349);
#4662=AXIS2_PLACEMENT_3D('',#6725,#5350,#5351);
#4663=AXIS2_PLACEMENT_3D('',#6727,#5352,#5353);
#4664=AXIS2_PLACEMENT_3D('',#6728,#5354,#5355);
#4665=AXIS2_PLACEMENT_3D('',#6731,#5356,#5357);
#4666=AXIS2_PLACEMENT_3D('',#6733,#5358,#5359);
#4667=AXIS2_PLACEMENT_3D('',#6734,#5360,#5361);
#4668=AXIS2_PLACEMENT_3D('',#6737,#5362,#5363);
#4669=AXIS2_PLACEMENT_3D('',#6739,#5364,#5365);
#4670=AXIS2_PLACEMENT_3D('',#6740,#5366,#5367);
#4671=AXIS2_PLACEMENT_3D('',#6743,#5368,#5369);
#4672=AXIS2_PLACEMENT_3D('',#6745,#5370,#5371);
#4673=AXIS2_PLACEMENT_3D('',#6746,#5372,#5373);
#4674=AXIS2_PLACEMENT_3D('',#6749,#5374,#5375);
#4675=AXIS2_PLACEMENT_3D('',#6751,#5376,#5377);
#4676=AXIS2_PLACEMENT_3D('',#6752,#5378,#5379);
#4677=AXIS2_PLACEMENT_3D('',#6755,#5380,#5381);
#4678=AXIS2_PLACEMENT_3D('',#6757,#5382,#5383);
#4679=AXIS2_PLACEMENT_3D('',#6758,#5384,#5385);
#4680=AXIS2_PLACEMENT_3D('',#6761,#5386,#5387);
#4681=AXIS2_PLACEMENT_3D('',#6763,#5388,#5389);
#4682=AXIS2_PLACEMENT_3D('',#6764,#5390,#5391);
#4683=AXIS2_PLACEMENT_3D('',#6767,#5392,#5393);
#4684=AXIS2_PLACEMENT_3D('',#6769,#5394,#5395);
#4685=AXIS2_PLACEMENT_3D('',#6770,#5396,#5397);
#4686=AXIS2_PLACEMENT_3D('',#6773,#5398,#5399);
#4687=AXIS2_PLACEMENT_3D('',#6775,#5400,#5401);
#4688=AXIS2_PLACEMENT_3D('',#6776,#5402,#5403);
#4689=AXIS2_PLACEMENT_3D('',#6779,#5404,#5405);
#4690=AXIS2_PLACEMENT_3D('',#6781,#5406,#5407);
#4691=AXIS2_PLACEMENT_3D('',#6782,#5408,#5409);
#4692=AXIS2_PLACEMENT_3D('',#6785,#5410,#5411);
#4693=AXIS2_PLACEMENT_3D('',#6787,#5412,#5413);
#4694=AXIS2_PLACEMENT_3D('',#6788,#5414,#5415);
#4695=AXIS2_PLACEMENT_3D('',#6791,#5416,#5417);
#4696=AXIS2_PLACEMENT_3D('',#6793,#5418,#5419);
#4697=AXIS2_PLACEMENT_3D('',#6794,#5420,#5421);
#4698=AXIS2_PLACEMENT_3D('',#6797,#5422,#5423);
#4699=AXIS2_PLACEMENT_3D('',#6799,#5424,#5425);
#4700=AXIS2_PLACEMENT_3D('',#6800,#5426,#5427);
#4701=AXIS2_PLACEMENT_3D('',#6803,#5428,#5429);
#4702=AXIS2_PLACEMENT_3D('',#6805,#5430,#5431);
#4703=AXIS2_PLACEMENT_3D('',#6806,#5432,#5433);
#4704=AXIS2_PLACEMENT_3D('',#6809,#5434,#5435);
#4705=AXIS2_PLACEMENT_3D('',#6811,#5436,#5437);
#4706=AXIS2_PLACEMENT_3D('',#6812,#5438,#5439);
#4707=AXIS2_PLACEMENT_3D('',#6815,#5440,#5441);
#4708=AXIS2_PLACEMENT_3D('',#6817,#5442,#5443);
#4709=AXIS2_PLACEMENT_3D('',#6818,#5444,#5445);
#4710=AXIS2_PLACEMENT_3D('',#6821,#5446,#5447);
#4711=AXIS2_PLACEMENT_3D('',#6823,#5448,#5449);
#4712=AXIS2_PLACEMENT_3D('',#6824,#5450,#5451);
#4713=AXIS2_PLACEMENT_3D('',#6827,#5452,#5453);
#4714=AXIS2_PLACEMENT_3D('',#6829,#5454,#5455);
#4715=AXIS2_PLACEMENT_3D('',#6830,#5456,#5457);
#4716=AXIS2_PLACEMENT_3D('',#6833,#5458,#5459);
#4717=AXIS2_PLACEMENT_3D('',#6835,#5460,#5461);
#4718=AXIS2_PLACEMENT_3D('',#6836,#5462,#5463);
#4719=AXIS2_PLACEMENT_3D('',#6838,#5464,#5465);
#4720=AXIS2_PLACEMENT_3D('',#6839,#5466,#5467);
#4721=AXIS2_PLACEMENT_3D('',#6842,#5468,#5469);
#4722=AXIS2_PLACEMENT_3D('',#6844,#5470,#5471);
#4723=AXIS2_PLACEMENT_3D('',#6845,#5472,#5473);
#4724=AXIS2_PLACEMENT_3D('',#6848,#5474,#5475);
#4725=AXIS2_PLACEMENT_3D('',#6850,#5476,#5477);
#4726=AXIS2_PLACEMENT_3D('',#6851,#5478,#5479);
#4727=AXIS2_PLACEMENT_3D('',#6854,#5480,#5481);
#4728=AXIS2_PLACEMENT_3D('',#6856,#5482,#5483);
#4729=AXIS2_PLACEMENT_3D('',#6857,#5484,#5485);
#4730=AXIS2_PLACEMENT_3D('',#6860,#5486,#5487);
#4731=AXIS2_PLACEMENT_3D('',#6862,#5488,#5489);
#4732=AXIS2_PLACEMENT_3D('',#6863,#5490,#5491);
#4733=AXIS2_PLACEMENT_3D('',#6866,#5492,#5493);
#4734=AXIS2_PLACEMENT_3D('',#6868,#5494,#5495);
#4735=AXIS2_PLACEMENT_3D('',#6869,#5496,#5497);
#4736=AXIS2_PLACEMENT_3D('',#6872,#5498,#5499);
#4737=AXIS2_PLACEMENT_3D('',#6874,#5500,#5501);
#4738=AXIS2_PLACEMENT_3D('',#6875,#5502,#5503);
#4739=AXIS2_PLACEMENT_3D('',#6878,#5504,#5505);
#4740=AXIS2_PLACEMENT_3D('',#6880,#5506,#5507);
#4741=AXIS2_PLACEMENT_3D('',#6884,#5509,#5510);
#4742=AXIS2_PLACEMENT_3D('',#6888,#5512,#5513);
#4743=AXIS2_PLACEMENT_3D('',#6892,#5515,#5516);
#4744=AXIS2_PLACEMENT_3D('',#6896,#5518,#5519);
#4745=AXIS2_PLACEMENT_3D('',#6900,#5521,#5522);
#4746=AXIS2_PLACEMENT_3D('',#6902,#5523,#5524);
#4747=AXIS2_PLACEMENT_3D('',#6903,#5525,#5526);
#4748=AXIS2_PLACEMENT_3D('',#6947,#5550,#5551);
#4749=AXIS2_PLACEMENT_3D('',#6994,#5576,#5577);
#4750=AXIS2_PLACEMENT_3D('',#7038,#5601,#5602);
#4751=AXIS2_PLACEMENT_3D('',#7082,#5626,#5627);
#4752=AXIS2_PLACEMENT_3D('',#7085,#5630,#5631);
#4753=AXIS2_PLACEMENT_3D('',#7087,#5633,#5634);
#4754=AXIS2_PLACEMENT_3D('',#7088,#5635,#5636);
#4755=AXIS2_PLACEMENT_3D('',#7091,#5639,#5640);
#4756=AXIS2_PLACEMENT_3D('',#7093,#5642,#5643);
#4757=AXIS2_PLACEMENT_3D('',#7094,#5644,#5645);
#4758=AXIS2_PLACEMENT_3D('',#7097,#5648,#5649);
#4759=AXIS2_PLACEMENT_3D('',#7099,#5651,#5652);
#4760=AXIS2_PLACEMENT_3D('',#7100,#5653,#5654);
#4761=AXIS2_PLACEMENT_3D('',#7103,#5657,#5658);
#4762=AXIS2_PLACEMENT_3D('',#7105,#5660,#5661);
#4763=AXIS2_PLACEMENT_3D('',#7106,#5662,#5663);
#4764=AXIS2_PLACEMENT_3D('',#7109,#5666,#5667);
#4765=AXIS2_PLACEMENT_3D('',#7111,#5669,#5670);
#4766=AXIS2_PLACEMENT_3D('',#7112,#5671,#5672);
#4767=AXIS2_PLACEMENT_3D('',#7115,#5675,#5676);
#4768=AXIS2_PLACEMENT_3D('',#7117,#5678,#5679);
#4769=AXIS2_PLACEMENT_3D('',#7118,#5680,#5681);
#4770=AXIS2_PLACEMENT_3D('',#7121,#5684,#5685);
#4771=AXIS2_PLACEMENT_3D('',#7123,#5687,#5688);
#4772=AXIS2_PLACEMENT_3D('',#7124,#5689,#5690);
#4773=AXIS2_PLACEMENT_3D('',#7127,#5693,#5694);
#4774=AXIS2_PLACEMENT_3D('',#7129,#5696,#5697);
#4775=AXIS2_PLACEMENT_3D('',#7130,#5698,#5699);
#4776=AXIS2_PLACEMENT_3D('',#7133,#5702,#5703);
#4777=AXIS2_PLACEMENT_3D('',#7135,#5705,#5706);
#4778=AXIS2_PLACEMENT_3D('',#7136,#5707,#5708);
#4779=AXIS2_PLACEMENT_3D('',#7139,#5711,#5712);
#4780=AXIS2_PLACEMENT_3D('',#7141,#5714,#5715);
#4781=AXIS2_PLACEMENT_3D('',#7142,#5716,#5717);
#4782=AXIS2_PLACEMENT_3D('',#7145,#5720,#5721);
#4783=AXIS2_PLACEMENT_3D('',#7147,#5723,#5724);
#4784=AXIS2_PLACEMENT_3D('',#7148,#5725,#5726);
#4785=AXIS2_PLACEMENT_3D('',#7151,#5729,#5730);
#4786=AXIS2_PLACEMENT_3D('',#7153,#5732,#5733);
#4787=AXIS2_PLACEMENT_3D('',#7154,#5734,#5735);
#4788=AXIS2_PLACEMENT_3D('',#7157,#5738,#5739);
#4789=AXIS2_PLACEMENT_3D('',#7159,#5741,#5742);
#4790=AXIS2_PLACEMENT_3D('',#7160,#5743,#5744);
#4791=AXIS2_PLACEMENT_3D('',#7163,#5747,#5748);
#4792=AXIS2_PLACEMENT_3D('',#7165,#5750,#5751);
#4793=AXIS2_PLACEMENT_3D('',#7166,#5752,#5753);
#4794=AXIS2_PLACEMENT_3D('',#7169,#5756,#5757);
#4795=AXIS2_PLACEMENT_3D('',#7171,#5759,#5760);
#4796=AXIS2_PLACEMENT_3D('',#7172,#5761,#5762);
#4797=AXIS2_PLACEMENT_3D('',#7175,#5765,#5766);
#4798=AXIS2_PLACEMENT_3D('',#7177,#5768,#5769);
#4799=AXIS2_PLACEMENT_3D('',#7178,#5770,#5771);
#4800=AXIS2_PLACEMENT_3D('',#7181,#5774,#5775);
#4801=AXIS2_PLACEMENT_3D('',#7183,#5777,#5778);
#4802=AXIS2_PLACEMENT_3D('',#7184,#5779,#5780);
#4803=AXIS2_PLACEMENT_3D('',#7187,#5783,#5784);
#4804=AXIS2_PLACEMENT_3D('',#7189,#5786,#5787);
#4805=AXIS2_PLACEMENT_3D('',#7190,#5788,#5789);
#4806=AXIS2_PLACEMENT_3D('',#7193,#5792,#5793);
#4807=AXIS2_PLACEMENT_3D('',#7195,#5795,#5796);
#4808=AXIS2_PLACEMENT_3D('',#7196,#5797,#5798);
#4809=AXIS2_PLACEMENT_3D('',#7199,#5801,#5802);
#4810=AXIS2_PLACEMENT_3D('',#7201,#5804,#5805);
#4811=AXIS2_PLACEMENT_3D('',#7202,#5806,#5807);
#4812=AXIS2_PLACEMENT_3D('',#7205,#5810,#5811);
#4813=AXIS2_PLACEMENT_3D('',#7207,#5813,#5814);
#4814=AXIS2_PLACEMENT_3D('',#7208,#5815,#5816);
#4815=AXIS2_PLACEMENT_3D('',#7211,#5819,#5820);
#4816=AXIS2_PLACEMENT_3D('',#7213,#5822,#5823);
#4817=AXIS2_PLACEMENT_3D('',#7214,#5824,#5825);
#4818=AXIS2_PLACEMENT_3D('',#7218,#5829,#5830);
#4819=AXIS2_PLACEMENT_3D('',#7222,#5834,#5835);
#4820=AXIS2_PLACEMENT_3D('',#7223,#5836,#5837);
#4821=AXIS2_PLACEMENT_3D('',#7224,#5838,#5839);
#4822=AXIS2_PLACEMENT_3D('',#7228,#5843,#5844);
#4823=AXIS2_PLACEMENT_3D('',#7232,#5848,#5849);
#4824=AXIS2_PLACEMENT_3D('',#7233,#5850,#5851);
#4825=AXIS2_PLACEMENT_3D('',#7234,#5852,#5853);
#4826=AXIS2_PLACEMENT_3D('',#7239,#5857,#5858);
#4827=AXIS2_PLACEMENT_3D('',#7242,#5861,#5862);
#4828=AXIS2_PLACEMENT_3D('',#7244,#5864,#5865);
#4829=AXIS2_PLACEMENT_3D('',#7245,#5866,#5867);
#4830=AXIS2_PLACEMENT_3D('',#7250,#5871,#5872);
#4831=AXIS2_PLACEMENT_3D('',#7253,#5875,#5876);
#4832=AXIS2_PLACEMENT_3D('',#7256,#5879,#5880);
#4833=AXIS2_PLACEMENT_3D('',#7258,#5882,#5883);
#4834=AXIS2_PLACEMENT_3D('',#7259,#5884,#5885);
#4835=AXIS2_PLACEMENT_3D('',#7262,#5888,#5889);
#4836=AXIS2_PLACEMENT_3D('',#7264,#5891,#5892);
#4837=AXIS2_PLACEMENT_3D('',#7265,#5893,#5894);
#4838=AXIS2_PLACEMENT_3D('',#7268,#5897,#5898);
#4839=AXIS2_PLACEMENT_3D('',#7270,#5900,#5901);
#4840=AXIS2_PLACEMENT_3D('',#7271,#5902,#5903);
#4841=AXIS2_PLACEMENT_3D('',#7274,#5906,#5907);
#4842=AXIS2_PLACEMENT_3D('',#7276,#5909,#5910);
#4843=AXIS2_PLACEMENT_3D('',#7277,#5911,#5912);
#4844=AXIS2_PLACEMENT_3D('',#7280,#5915,#5916);
#4845=AXIS2_PLACEMENT_3D('',#7282,#5918,#5919);
#4846=AXIS2_PLACEMENT_3D('',#7283,#5920,#5921);
#4847=AXIS2_PLACEMENT_3D('',#7286,#5924,#5925);
#4848=AXIS2_PLACEMENT_3D('',#7288,#5927,#5928);
#4849=AXIS2_PLACEMENT_3D('',#7289,#5929,#5930);
#4850=AXIS2_PLACEMENT_3D('',#7292,#5933,#5934);
#4851=AXIS2_PLACEMENT_3D('',#7294,#5936,#5937);
#4852=AXIS2_PLACEMENT_3D('',#7295,#5938,#5939);
#4853=AXIS2_PLACEMENT_3D('',#7298,#5942,#5943);
#4854=AXIS2_PLACEMENT_3D('',#7300,#5945,#5946);
#4855=AXIS2_PLACEMENT_3D('',#7301,#5947,#5948);
#4856=AXIS2_PLACEMENT_3D('',#7304,#5951,#5952);
#4857=AXIS2_PLACEMENT_3D('',#7306,#5954,#5955);
#4858=AXIS2_PLACEMENT_3D('',#7307,#5956,#5957);
#4859=AXIS2_PLACEMENT_3D('',#7310,#5960,#5961);
#4860=AXIS2_PLACEMENT_3D('',#7312,#5963,#5964);
#4861=AXIS2_PLACEMENT_3D('',#7313,#5965,#5966);
#4862=AXIS2_PLACEMENT_3D('',#7316,#5969,#5970);
#4863=AXIS2_PLACEMENT_3D('',#7318,#5972,#5973);
#4864=AXIS2_PLACEMENT_3D('',#7319,#5974,#5975);
#4865=AXIS2_PLACEMENT_3D('',#7322,#5978,#5979);
#4866=AXIS2_PLACEMENT_3D('',#7324,#5981,#5982);
#4867=AXIS2_PLACEMENT_3D('',#7325,#5983,#5984);
#4868=AXIS2_PLACEMENT_3D('',#7328,#5987,#5988);
#4869=AXIS2_PLACEMENT_3D('',#7330,#5990,#5991);
#4870=AXIS2_PLACEMENT_3D('',#7331,#5992,#5993);
#4871=AXIS2_PLACEMENT_3D('',#7334,#5996,#5997);
#4872=AXIS2_PLACEMENT_3D('',#7336,#5999,#6000);
#4873=AXIS2_PLACEMENT_3D('',#7337,#6001,#6002);
#4874=AXIS2_PLACEMENT_3D('',#7340,#6005,#6006);
#4875=AXIS2_PLACEMENT_3D('',#7342,#6008,#6009);
#4876=AXIS2_PLACEMENT_3D('',#7343,#6010,#6011);
#4877=AXIS2_PLACEMENT_3D('',#7346,#6014,#6015);
#4878=AXIS2_PLACEMENT_3D('',#7348,#6017,#6018);
#4879=AXIS2_PLACEMENT_3D('',#7349,#6019,#6020);
#4880=AXIS2_PLACEMENT_3D('',#7352,#6023,#6024);
#4881=AXIS2_PLACEMENT_3D('',#7354,#6026,#6027);
#4882=AXIS2_PLACEMENT_3D('',#7355,#6028,#6029);
#4883=AXIS2_PLACEMENT_3D('',#7358,#6032,#6033);
#4884=AXIS2_PLACEMENT_3D('',#7360,#6035,#6036);
#4885=AXIS2_PLACEMENT_3D('',#7361,#6037,#6038);
#4886=AXIS2_PLACEMENT_3D('',#7364,#6041,#6042);
#4887=AXIS2_PLACEMENT_3D('',#7366,#6044,#6045);
#4888=AXIS2_PLACEMENT_3D('',#7367,#6046,#6047);
#4889=AXIS2_PLACEMENT_3D('',#7370,#6050,#6051);
#4890=AXIS2_PLACEMENT_3D('',#7372,#6053,#6054);
#4891=AXIS2_PLACEMENT_3D('',#7373,#6055,#6056);
#4892=AXIS2_PLACEMENT_3D('',#7376,#6059,#6060);
#4893=AXIS2_PLACEMENT_3D('',#7378,#6062,#6063);
#4894=AXIS2_PLACEMENT_3D('',#7379,#6064,#6065);
#4895=AXIS2_PLACEMENT_3D('',#7382,#6068,#6069);
#4896=AXIS2_PLACEMENT_3D('',#7384,#6071,#6072);
#4897=AXIS2_PLACEMENT_3D('',#7385,#6073,#6074);
#4898=AXIS2_PLACEMENT_3D('',#7388,#6077,#6078);
#4899=AXIS2_PLACEMENT_3D('',#7390,#6080,#6081);
#4900=AXIS2_PLACEMENT_3D('',#7391,#6082,#6083);
#4901=AXIS2_PLACEMENT_3D('',#7394,#6086,#6087);
#4902=AXIS2_PLACEMENT_3D('',#7396,#6089,#6090);
#4903=AXIS2_PLACEMENT_3D('',#7397,#6091,#6092);
#4904=AXIS2_PLACEMENT_3D('',#7400,#6095,#6096);
#4905=AXIS2_PLACEMENT_3D('',#7402,#6098,#6099);
#4906=AXIS2_PLACEMENT_3D('',#7403,#6100,#6101);
#4907=AXIS2_PLACEMENT_3D('',#7406,#6104,#6105);
#4908=AXIS2_PLACEMENT_3D('',#7408,#6107,#6108);
#4909=AXIS2_PLACEMENT_3D('',#7409,#6109,#6110);
#4910=AXIS2_PLACEMENT_3D('',#7412,#6113,#6114);
#4911=AXIS2_PLACEMENT_3D('',#7414,#6116,#6117);
#4912=AXIS2_PLACEMENT_3D('',#7415,#6118,#6119);
#4913=AXIS2_PLACEMENT_3D('',#7418,#6122,#6123);
#4914=AXIS2_PLACEMENT_3D('',#7420,#6125,#6126);
#4915=AXIS2_PLACEMENT_3D('',#7421,#6127,#6128);
#4916=AXIS2_PLACEMENT_3D('',#7422,#6129,#6130);
#4917=AXIS2_PLACEMENT_3D('',#7424,#6132,#6133);
#4918=AXIS2_PLACEMENT_3D('',#7425,#6134,#6135);
#4919=AXIS2_PLACEMENT_3D('',#7426,#6136,#6137);
#4920=AXIS2_PLACEMENT_3D('',#7427,#6138,#6139);
#4921=AXIS2_PLACEMENT_3D('',#7428,#6140,#6141);
#4922=AXIS2_PLACEMENT_3D('',#7429,#6142,#6143);
#4923=AXIS2_PLACEMENT_3D('',#7430,#6144,#6145);
#4924=AXIS2_PLACEMENT_3D('',#7431,#6146,#6147);
#4925=AXIS2_PLACEMENT_3D('',#7434,#6150,#6151);
#4926=AXIS2_PLACEMENT_3D('',#7436,#6153,#6154);
#4927=AXIS2_PLACEMENT_3D('',#7437,#6155,#6156);
#4928=AXIS2_PLACEMENT_3D('',#7440,#6159,#6160);
#4929=AXIS2_PLACEMENT_3D('',#7442,#6162,#6163);
#4930=AXIS2_PLACEMENT_3D('',#7443,#6164,#6165);
#4931=AXIS2_PLACEMENT_3D('',#7444,#6166,#6167);
#4932=AXIS2_PLACEMENT_3D('',#7445,#6168,#6169);
#4933=AXIS2_PLACEMENT_3D('',#7449,#6171,#6172);
#4934=AXIS2_PLACEMENT_3D('',#7452,#6174,#6175);
#4935=AXIS2_PLACEMENT_3D('',#7458,#6178,#6179);
#4936=AXIS2_PLACEMENT_3D('',#7459,#6180,#6181);
#4937=AXIS2_PLACEMENT_3D('',#7462,#6184,#6185);
#4938=AXIS2_PLACEMENT_3D('',#7464,#6187,#6188);
#4939=AXIS2_PLACEMENT_3D('',#7465,#6189,#6190);
#4940=AXIS2_PLACEMENT_3D('',#7466,#6191,#6192);
#4941=AXIS2_PLACEMENT_3D('',#7470,#6194,#6195);
#4942=AXIS2_PLACEMENT_3D('',#7473,#6197,#6198);
#4943=AXIS2_PLACEMENT_3D('',#7479,#6201,#6202);
#4944=AXIS2_PLACEMENT_3D('',#7480,#6203,#6204);
#4945=AXIS2_PLACEMENT_3D('',#7483,#6207,#6208);
#4946=AXIS2_PLACEMENT_3D('',#7485,#6210,#6211);
#4947=AXIS2_PLACEMENT_3D('',#7486,#6212,#6213);
#4948=AXIS2_PLACEMENT_3D('',#7487,#6214,#6215);
#4949=AXIS2_PLACEMENT_3D('',#7491,#6217,#6218);
#4950=AXIS2_PLACEMENT_3D('',#7494,#6220,#6221);
#4951=AXIS2_PLACEMENT_3D('',#7500,#6224,#6225);
#4952=AXIS2_PLACEMENT_3D('',#7501,#6226,#6227);
#4953=AXIS2_PLACEMENT_3D('',#7504,#6230,#6231);
#4954=AXIS2_PLACEMENT_3D('',#7506,#6233,#6234);
#4955=DIRECTION('',(0.,0.,1.));
#4956=DIRECTION('',(1.,0.,0.));
#4957=DIRECTION('',(0.,0.,1.));
#4958=DIRECTION('',(-1.,1.22464679914735E-16,0.));
#4959=DIRECTION('',(1.,-1.22464679914735E-16,0.));
#4960=DIRECTION('',(0.,0.,1.));
#4961=DIRECTION('',(-1.,1.22464679914735E-16,0.));
#4962=DIRECTION('',(1.22464679914735E-16,1.,0.));
#4963=DIRECTION('',(0.,0.,1.));
#4964=DIRECTION('',(-1.,1.22464679914735E-16,0.));
#4965=DIRECTION('',(-1.,1.22464679914735E-16,0.));
#4966=DIRECTION('',(-1.22464679914735E-16,-1.,0.));
#4967=DIRECTION('',(0.,0.,1.));
#4968=DIRECTION('',(-1.,1.22464679914735E-16,0.));
#4969=DIRECTION('',(0.,0.,1.));
#4970=DIRECTION('',(-1.,1.22464679914735E-16,0.));
#4971=DIRECTION('',(0.,0.,1.));
#4972=DIRECTION('',(0.,0.,1.));
#4973=DIRECTION('',(-1.,1.22464679914735E-16,0.));
#4974=DIRECTION('',(0.,0.,-1.));
#4975=DIRECTION('',(0.,0.,1.));
#4976=DIRECTION('',(1.22464679914735E-16,1.,0.));
#4977=DIRECTION('',(0.,0.,-1.));
#4978=DIRECTION('',(0.,0.,1.));
#4979=DIRECTION('',(1.,0.,0.));
#4980=DIRECTION('',(0.,-1.,0.));
#4981=DIRECTION('',(0.,0.,-1.));
#4982=DIRECTION('',(-1.,0.,1.31338845849243E-16));
#4983=DIRECTION('',(0.5,0.,0.866025403784439));
#4984=DIRECTION('',(0.5,0.,-0.866025403784439));
#4985=DIRECTION('',(-1.,0.,1.31338845849243E-16));
#4986=DIRECTION('',(0.5,0.,0.866025403784439));
#4987=DIRECTION('',(0.5,0.,-0.866025403784439));
#4988=DIRECTION('',(-1.,0.,1.31338845849243E-16));
#4989=DIRECTION('',(0.5,0.,0.866025403784439));
#4990=DIRECTION('',(0.5,0.,-0.866025403784439));
#4991=DIRECTION('',(-1.,0.,1.31338845849243E-16));
#4992=DIRECTION('',(0.5,0.,0.866025403784439));
#4993=DIRECTION('',(0.5,0.,-0.866025403784439));
#4994=DIRECTION('',(-1.,0.,1.31338845849243E-16));
#4995=DIRECTION('',(0.5,0.,0.866025403784439));
#4996=DIRECTION('',(0.5,0.,-0.866025403784439));
#4997=DIRECTION('',(-1.,0.,1.31338845849243E-16));
#4998=DIRECTION('',(0.5,0.,0.866025403784439));
#4999=DIRECTION('',(0.5,0.,-0.866025403784439));
#5000=DIRECTION('',(0.,0.,-1.));
#5001=DIRECTION('',(-1.,0.,0.));
#5002=DIRECTION('',(0.,0.,-1.));
#5003=DIRECTION('',(1.,0.,0.));
#5004=DIRECTION('',(0.,0.,-1.));
#5005=DIRECTION('',(1.,0.,0.));
#5006=DIRECTION('',(0.,0.,-1.));
#5007=DIRECTION('',(-1.,0.,0.));
#5008=DIRECTION('',(0.,-1.,0.));
#5009=DIRECTION('',(0.,0.,-1.));
#5010=DIRECTION('',(-0.5,0.,-0.866025403784439));
#5011=DIRECTION('',(1.,0.,-1.31338845849243E-16));
#5012=DIRECTION('',(-0.5,0.,0.866025403784439));
#5013=DIRECTION('',(-0.5,0.,-0.866025403784439));
#5014=DIRECTION('',(1.,0.,-1.31338845849243E-16));
#5015=DIRECTION('',(-0.5,0.,0.866025403784439));
#5016=DIRECTION('',(-0.5,0.,-0.866025403784439));
#5017=DIRECTION('',(1.,0.,-1.31338845849243E-16));
#5018=DIRECTION('',(-0.5,0.,0.866025403784439));
#5019=DIRECTION('',(-0.5,0.,-0.866025403784439));
#5020=DIRECTION('',(1.,0.,-1.31338845849243E-16));
#5021=DIRECTION('',(-0.5,0.,0.866025403784439));
#5022=DIRECTION('',(-0.5,0.,-0.866025403784439));
#5023=DIRECTION('',(1.,0.,-1.31338845849243E-16));
#5024=DIRECTION('',(-0.5,0.,0.866025403784439));
#5025=DIRECTION('',(-0.5,0.,-0.866025403784439));
#5026=DIRECTION('',(1.,0.,-1.31338845849243E-16));
#5027=DIRECTION('',(-0.5,0.,0.866025403784439));
#5028=DIRECTION('',(-1.,0.,0.));
#5029=DIRECTION('',(0.,0.,-1.));
#5030=DIRECTION('',(-1.,0.,0.));
#5031=DIRECTION('',(0.,0.,-1.));
#5032=DIRECTION('',(1.,0.,0.));
#5033=DIRECTION('',(0.,0.,-1.));
#5034=DIRECTION('',(1.,0.,0.));
#5035=DIRECTION('',(0.,0.,-1.));
#5036=DIRECTION('',(0.,0.,-1.));
#5037=DIRECTION('',(-1.,0.,0.));
#5038=DIRECTION('',(0.,0.,1.));
#5039=DIRECTION('',(-0.104528463267654,-0.994521895368273,0.));
#5040=DIRECTION('',(0.0905243046083371,0.861281226008774,-0.5));
#5041=DIRECTION('',(-0.0522642316338272,-0.497260947684137,-0.866025403784439));
#5042=DIRECTION('',(-0.0905243046083371,-0.861281226008774,-0.5));
#5043=DIRECTION('',(0.0522642316338271,0.497260947684137,-0.866025403784439));
#5044=DIRECTION('',(0.,0.,1.));
#5045=DIRECTION('',(-0.309016994374948,-0.951056516295154,0.));
#5046=DIRECTION('',(0.267616567329818,0.823639103546332,-0.5));
#5047=DIRECTION('',(-0.154508497187474,-0.475528258147577,-0.866025403784439));
#5048=DIRECTION('',(-0.267616567329818,-0.823639103546332,-0.5));
#5049=DIRECTION('',(0.154508497187474,0.475528258147577,-0.866025403784439));
#5050=DIRECTION('',(0.,0.,1.));
#5051=DIRECTION('',(-0.5,-0.866025403784438,0.));
#5052=DIRECTION('',(0.43301270189222,0.75,-0.5));
#5053=DIRECTION('',(-0.25,-0.43301270189222,-0.866025403784439));
#5054=DIRECTION('',(-0.43301270189222,-0.75,-0.5));
#5055=DIRECTION('',(0.25,0.433012701892219,-0.866025403784439));
#5056=DIRECTION('',(0.,0.,1.));
#5057=DIRECTION('',(-0.669130606358859,-0.743144825477394,0.));
#5058=DIRECTION('',(0.579484103556457,0.643582297554376,-0.5));
#5059=DIRECTION('',(-0.33456530317943,-0.371572412738698,-0.866025403784439));
#5060=DIRECTION('',(-0.579484103556457,-0.643582297554376,-0.5));
#5061=DIRECTION('',(0.334565303179429,0.371572412738697,-0.866025403784439));
#5062=DIRECTION('',(0.,0.,1.));
#5063=DIRECTION('',(-0.809016994374948,-0.587785252292473,0.));
#5064=DIRECTION('',(0.700629269222037,0.509036960455127,-0.5));
#5065=DIRECTION('',(-0.404508497187474,-0.293892626146237,-0.866025403784439));
#5066=DIRECTION('',(-0.700629269222037,-0.509036960455127,-0.5));
#5067=DIRECTION('',(0.404508497187474,0.293892626146237,-0.866025403784439));
#5068=DIRECTION('',(0.,0.,1.));
#5069=DIRECTION('',(-0.913545457642601,-0.4067366430758,0.));
#5070=DIRECTION('',(0.791153573830373,0.352244265553647,-0.5));
#5071=DIRECTION('',(-0.456772728821301,-0.2033683215379,-0.866025403784439));
#5072=DIRECTION('',(-0.791153573830373,-0.352244265553647,-0.5));
#5073=DIRECTION('',(0.4567727288213,0.2033683215379,-0.866025403784439));
#5074=DIRECTION('',(0.,0.,1.));
#5075=DIRECTION('',(-0.978147600733806,-0.207911690817759,0.));
#5076=DIRECTION('',(0.847100670886274,0.180056805991955,-0.5));
#5077=DIRECTION('',(-0.489073800366903,-0.10395584540888,-0.866025403784439));
#5078=DIRECTION('',(-0.847100670886274,-0.180056805991955,-0.5));
#5079=DIRECTION('',(0.489073800366903,0.103955845408879,-0.866025403784439));
#5080=DIRECTION('',(0.,0.,-1.));
#5081=DIRECTION('',(0.,0.,1.));
#5082=DIRECTION('',(1.,0.,0.));
#5083=DIRECTION('',(0.,0.,1.));
#5084=DIRECTION('',(1.,0.,0.));
#5085=DIRECTION('',(0.,0.,-1.));
#5086=DIRECTION('',(0.,0.,1.));
#5087=DIRECTION('',(1.,0.,0.));
#5088=DIRECTION('',(0.,0.,1.));
#5089=DIRECTION('',(1.,0.,0.));
#5090=DIRECTION('',(0.,0.,-1.));
#5091=DIRECTION('',(0.,0.,1.));
#5092=DIRECTION('',(-1.,1.22464679914735E-16,0.));
#5093=DIRECTION('',(0.866025403784439,-1.06057523872491E-16,-0.5));
#5094=DIRECTION('',(-0.5,6.12323399573677E-17,-0.866025403784439));
#5095=DIRECTION('',(0.,0.,-1.));
#5096=DIRECTION('',(-1.,0.,0.));
#5097=DIRECTION('',(0.,0.,1.));
#5098=DIRECTION('',(-0.104528463267653,0.994521895368273,0.));
#5099=DIRECTION('',(0.0905243046083363,-0.861281226008774,-0.5));
#5100=DIRECTION('',(-0.0522642316338267,0.497260947684137,-0.866025403784439));
#5101=DIRECTION('',(-0.0905243046083363,0.861281226008774,-0.5));
#5102=DIRECTION('',(0.0522642316338267,-0.497260947684137,-0.866025403784439));
#5103=DIRECTION('',(0.,0.,1.));
#5104=DIRECTION('',(-0.309016994374948,0.951056516295154,0.));
#5105=DIRECTION('',(0.267616567329818,-0.823639103546332,-0.5));
#5106=DIRECTION('',(-0.154508497187474,0.475528258147577,-0.866025403784439));
#5107=DIRECTION('',(-0.267616567329818,0.823639103546332,-0.5));
#5108=DIRECTION('',(0.154508497187474,-0.475528258147577,-0.866025403784439));
#5109=DIRECTION('',(0.,0.,1.));
#5110=DIRECTION('',(-0.5,0.866025403784439,0.));
#5111=DIRECTION('',(0.433012701892219,-0.75,-0.5));
#5112=DIRECTION('',(-0.25,0.43301270189222,-0.866025403784439));
#5113=DIRECTION('',(-0.433012701892219,0.75,-0.5));
#5114=DIRECTION('',(0.25,-0.43301270189222,-0.866025403784439));
#5115=DIRECTION('',(0.,0.,1.));
#5116=DIRECTION('',(-0.669130606358858,0.743144825477395,0.));
#5117=DIRECTION('',(0.579484103556456,-0.643582297554377,-0.5));
#5118=DIRECTION('',(-0.334565303179429,0.371572412738698,-0.866025403784439));
#5119=DIRECTION('',(-0.579484103556456,0.643582297554377,-0.5));
#5120=DIRECTION('',(0.334565303179429,-0.371572412738697,-0.866025403784439));
#5121=DIRECTION('',(0.,0.,1.));
#5122=DIRECTION('',(-0.809016994374947,0.587785252292473,0.));
#5123=DIRECTION('',(0.700629269222037,-0.509036960455127,-0.5));
#5124=DIRECTION('',(-0.404508497187474,0.293892626146237,-0.866025403784439));
#5125=DIRECTION('',(-0.700629269222037,0.509036960455127,-0.5));
#5126=DIRECTION('',(0.404508497187474,-0.293892626146237,-0.866025403784439));
#5127=DIRECTION('',(0.,0.,1.));
#5128=DIRECTION('',(-0.913545457642601,0.4067366430758,0.));
#5129=DIRECTION('',(0.791153573830373,-0.352244265553647,-0.5));
#5130=DIRECTION('',(-0.456772728821301,0.2033683215379,-0.866025403784439));
#5131=DIRECTION('',(-0.791153573830373,0.352244265553647,-0.5));
#5132=DIRECTION('',(0.4567727288213,-0.2033683215379,-0.866025403784439));
#5133=DIRECTION('',(0.,0.,1.));
#5134=DIRECTION('',(-0.978147600733806,0.207911690817759,0.));
#5135=DIRECTION('',(0.847100670886274,-0.180056805991956,-0.5));
#5136=DIRECTION('',(-0.489073800366903,0.10395584540888,-0.866025403784439));
#5137=DIRECTION('',(-0.847100670886274,0.180056805991956,-0.5));
#5138=DIRECTION('',(0.489073800366903,-0.10395584540888,-0.866025403784439));
#5139=DIRECTION('',(0.,0.,-1.));
#5140=DIRECTION('',(0.,0.,1.));
#5141=DIRECTION('',(1.,0.,0.));
#5142=DIRECTION('',(0.,0.,-1.));
#5143=DIRECTION('',(-0.866025403784439,1.06057523872491E-16,-0.5));
#5144=DIRECTION('',(0.5,-6.12323399573677E-17,-0.866025403784439));
#5145=DIRECTION('',(0.,0.,1.));
#5146=DIRECTION('',(-1.,1.22464679914735E-16,0.));
#5147=DIRECTION('',(0.,0.,-1.));
#5148=DIRECTION('',(0.,0.,1.));
#5149=DIRECTION('',(1.,0.,0.));
#5150=DIRECTION('',(0.,0.,-1.));
#5151=DIRECTION('',(0.,0.,1.));
#5152=DIRECTION('',(-1.,1.22464679914735E-16,0.));
#5153=DIRECTION('',(0.,0.,-1.));
#5154=DIRECTION('',(0.,0.,1.));
#5155=DIRECTION('',(-1.,1.22464679914735E-16,0.));
#5156=DIRECTION('',(1.,0.,0.));
#5157=DIRECTION('',(0.,0.,-1.));
#5158=DIRECTION('',(0.,1.,0.));
#5159=DIRECTION('',(0.,-0.5,0.866025403784439));
#5160=DIRECTION('',(0.,-0.5,-0.866025403784439));
#5161=DIRECTION('',(0.,1.,0.));
#5162=DIRECTION('',(0.,-0.5,0.866025403784439));
#5163=DIRECTION('',(0.,-0.5,-0.866025403784439));
#5164=DIRECTION('',(0.,1.,0.));
#5165=DIRECTION('',(0.,-0.5,0.866025403784439));
#5166=DIRECTION('',(0.,-0.5,-0.866025403784439));
#5167=DIRECTION('',(0.,1.,0.));
#5168=DIRECTION('',(0.,-0.5,0.866025403784439));
#5169=DIRECTION('',(0.,-0.5,-0.866025403784439));
#5170=DIRECTION('',(0.,1.,0.));
#5171=DIRECTION('',(0.,-0.5,0.866025403784439));
#5172=DIRECTION('',(0.,-0.5,-0.866025403784439));
#5173=DIRECTION('',(0.,1.,0.));
#5174=DIRECTION('',(0.,-0.5,0.866025403784439));
#5175=DIRECTION('',(0.,-0.5,-0.866025403784439));
#5176=DIRECTION('',(0.,-1.,0.));
#5177=DIRECTION('',(0.,-1.,2.12115047744981E-16));
#5178=DIRECTION('',(0.,0.,-1.));
#5179=DIRECTION('',(0.,1.,0.));
#5180=DIRECTION('',(0.,-1.,0.));
#5181=DIRECTION('',(1.,0.,0.));
#5182=DIRECTION('',(0.,0.,-1.));
#5183=DIRECTION('',(0.,-0.5,0.866025403784439));
#5184=DIRECTION('',(0.,1.,0.));
#5185=DIRECTION('',(0.,-0.5,-0.866025403784439));
#5186=DIRECTION('',(0.,-0.5,0.866025403784439));
#5187=DIRECTION('',(0.,1.,0.));
#5188=DIRECTION('',(0.,-0.5,-0.866025403784439));
#5189=DIRECTION('',(0.,-0.5,0.866025403784439));
#5190=DIRECTION('',(0.,1.,0.));
#5191=DIRECTION('',(0.,-0.5,-0.866025403784439));
#5192=DIRECTION('',(0.,-0.5,0.866025403784439));
#5193=DIRECTION('',(0.,1.,0.));
#5194=DIRECTION('',(0.,-0.5,-0.866025403784439));
#5195=DIRECTION('',(0.,-0.5,0.866025403784439));
#5196=DIRECTION('',(0.,1.,0.));
#5197=DIRECTION('',(0.,-0.5,-0.866025403784439));
#5198=DIRECTION('',(0.,-0.5,0.866025403784439));
#5199=DIRECTION('',(0.,1.,0.));
#5200=DIRECTION('',(0.,-0.5,-0.866025403784439));
#5201=DIRECTION('',(0.,-1.,0.));
#5202=DIRECTION('',(0.,0.,-1.));
#5203=DIRECTION('',(0.,-1.,0.));
#5204=DIRECTION('',(0.,1.,0.));
#5205=DIRECTION('',(0.,0.,-1.));
#5206=DIRECTION('',(0.,-1.,-2.12115047744981E-16));
#5207=DIRECTION('',(0.,0.,-1.));
#5208=DIRECTION('',(-1.,0.,0.));
#5209=DIRECTION('',(0.,0.,1.));
#5210=DIRECTION('',(0.104528463267653,-0.994521895368273,0.));
#5211=DIRECTION('',(-0.090524304608336,0.861281226008774,-0.5));
#5212=DIRECTION('',(0.0522642316338265,-0.497260947684137,-0.866025403784439));
#5213=DIRECTION('',(0.090524304608336,-0.861281226008774,-0.5));
#5214=DIRECTION('',(-0.0522642316338265,0.497260947684137,-0.866025403784439));
#5215=DIRECTION('',(0.,0.,1.));
#5216=DIRECTION('',(0.309016994374948,-0.951056516295154,0.));
#5217=DIRECTION('',(-0.267616567329818,0.823639103546332,-0.5));
#5218=DIRECTION('',(0.154508497187474,-0.475528258147577,-0.866025403784439));
#5219=DIRECTION('',(0.267616567329818,-0.823639103546332,-0.5));
#5220=DIRECTION('',(-0.154508497187474,0.475528258147577,-0.866025403784439));
#5221=DIRECTION('',(0.,0.,1.));
#5222=DIRECTION('',(0.5,-0.866025403784439,0.));
#5223=DIRECTION('',(-0.433012701892219,0.75,-0.5));
#5224=DIRECTION('',(0.25,-0.43301270189222,-0.866025403784439));
#5225=DIRECTION('',(0.433012701892219,-0.75,-0.5));
#5226=DIRECTION('',(-0.25,0.43301270189222,-0.866025403784439));
#5227=DIRECTION('',(0.,0.,1.));
#5228=DIRECTION('',(0.669130606358858,-0.743144825477395,0.));
#5229=DIRECTION('',(-0.579484103556456,0.643582297554377,-0.5));
#5230=DIRECTION('',(0.334565303179429,-0.371572412738698,-0.866025403784439));
#5231=DIRECTION('',(0.579484103556456,-0.643582297554377,-0.5));
#5232=DIRECTION('',(-0.334565303179429,0.371572412738698,-0.866025403784439));
#5233=DIRECTION('',(0.,0.,1.));
#5234=DIRECTION('',(0.809016994374947,-0.587785252292473,0.));
#5235=DIRECTION('',(-0.700629269222037,0.509036960455127,-0.5));
#5236=DIRECTION('',(0.404508497187474,-0.293892626146237,-0.866025403784439));
#5237=DIRECTION('',(0.700629269222037,-0.509036960455127,-0.5));
#5238=DIRECTION('',(-0.404508497187474,0.293892626146237,-0.866025403784439));
#5239=DIRECTION('',(0.,0.,1.));
#5240=DIRECTION('',(0.913545457642601,-0.406736643075801,0.));
#5241=DIRECTION('',(-0.791153573830373,0.352244265553648,-0.5));
#5242=DIRECTION('',(0.456772728821301,-0.2033683215379,-0.866025403784439));
#5243=DIRECTION('',(0.791153573830373,-0.352244265553648,-0.5));
#5244=DIRECTION('',(-0.4567727288213,0.2033683215379,-0.866025403784439));
#5245=DIRECTION('',(0.,0.,1.));
#5246=DIRECTION('',(0.978147600733806,-0.20791169081776,0.));
#5247=DIRECTION('',(-0.847100670886274,0.180056805991956,-0.5));
#5248=DIRECTION('',(0.489073800366903,-0.10395584540888,-0.866025403784439));
#5249=DIRECTION('',(0.847100670886274,-0.180056805991956,-0.5));
#5250=DIRECTION('',(-0.489073800366903,0.10395584540888,-0.866025403784439));
#5251=DIRECTION('',(0.,0.,1.));
#5252=DIRECTION('',(1.,0.,0.));
#5253=DIRECTION('',(0.,0.,-1.));
#5254=DIRECTION('',(0.866025403784439,0.,-0.5));
#5255=DIRECTION('',(-0.5,0.,-0.866025403784439));
#5256=DIRECTION('',(0.,0.,1.));
#5257=DIRECTION('',(1.,0.,0.));
#5258=DIRECTION('',(0.,0.,-1.));
#5259=DIRECTION('',(0.,0.,1.));
#5260=DIRECTION('',(1.,0.,0.));
#5261=DIRECTION('',(0.,0.,1.));
#5262=DIRECTION('',(1.,0.,0.));
#5263=DIRECTION('',(0.,0.,-1.));
#5264=DIRECTION('',(0.,0.,1.));
#5265=DIRECTION('',(1.,0.,0.));
#5266=DIRECTION('',(0.,0.,-1.));
#5267=DIRECTION('',(-1.,0.,0.));
#5268=DIRECTION('',(0.,0.,1.));
#5269=DIRECTION('',(1.,0.,0.));
#5270=DIRECTION('',(0.,0.,1.));
#5271=DIRECTION('',(-1.,1.22464679914735E-16,0.));
#5272=DIRECTION('',(0.,0.,-1.));
#5273=DIRECTION('',(0.,0.,1.));
#5274=DIRECTION('',(-1.,1.22464679914735E-16,0.));
#5275=DIRECTION('',(0.,0.,-1.));
#5276=DIRECTION('',(0.,0.,1.));
#5277=DIRECTION('',(1.,0.,0.));
#5278=DIRECTION('',(0.,0.,-1.));
#5279=DIRECTION('',(0.,0.,1.));
#5280=DIRECTION('',(1.,0.,0.));
#5281=DIRECTION('',(0.,0.,-1.));
#5282=DIRECTION('',(-0.847100670886274,0.180056805991956,-0.5));
#5283=DIRECTION('',(0.489073800366903,-0.10395584540888,-0.866025403784439));
#5284=DIRECTION('',(0.,0.,1.));
#5285=DIRECTION('',(0.978147600733806,-0.20791169081776,0.));
#5286=DIRECTION('',(0.847100670886274,-0.180056805991956,-0.5));
#5287=DIRECTION('',(-0.489073800366903,0.10395584540888,-0.866025403784439));
#5288=DIRECTION('',(-0.791153573830373,0.352244265553648,-0.5));
#5289=DIRECTION('',(0.456772728821301,-0.2033683215379,-0.866025403784439));
#5290=DIRECTION('',(0.,0.,1.));
#5291=DIRECTION('',(0.913545457642601,-0.406736643075801,0.));
#5292=DIRECTION('',(0.791153573830373,-0.352244265553648,-0.5));
#5293=DIRECTION('',(-0.4567727288213,0.2033683215379,-0.866025403784439));
#5294=DIRECTION('',(-0.700629269222037,0.509036960455127,-0.5));
#5295=DIRECTION('',(0.404508497187474,-0.293892626146237,-0.866025403784439));
#5296=DIRECTION('',(0.,0.,1.));
#5297=DIRECTION('',(0.809016994374947,-0.587785252292473,0.));
#5298=DIRECTION('',(0.700629269222037,-0.509036960455127,-0.5));
#5299=DIRECTION('',(-0.404508497187474,0.293892626146237,-0.866025403784439));
#5300=DIRECTION('',(-0.579484103556456,0.643582297554377,-0.5));
#5301=DIRECTION('',(0.334565303179429,-0.371572412738698,-0.866025403784439));
#5302=DIRECTION('',(0.,0.,1.));
#5303=DIRECTION('',(0.669130606358858,-0.743144825477395,0.));
#5304=DIRECTION('',(0.579484103556456,-0.643582297554377,-0.5));
#5305=DIRECTION('',(-0.334565303179429,0.371572412738698,-0.866025403784439));
#5306=DIRECTION('',(-0.433012701892219,0.75,-0.5));
#5307=DIRECTION('',(0.25,-0.43301270189222,-0.866025403784439));
#5308=DIRECTION('',(0.,0.,1.));
#5309=DIRECTION('',(0.5,-0.866025403784439,0.));
#5310=DIRECTION('',(0.433012701892219,-0.75,-0.5));
#5311=DIRECTION('',(-0.25,0.43301270189222,-0.866025403784439));
#5312=DIRECTION('',(-0.267616567329818,0.823639103546332,-0.5));
#5313=DIRECTION('',(0.154508497187474,-0.475528258147577,-0.866025403784439));
#5314=DIRECTION('',(0.,0.,1.));
#5315=DIRECTION('',(0.309016994374948,-0.951056516295154,0.));
#5316=DIRECTION('',(0.267616567329818,-0.823639103546332,-0.5));
#5317=DIRECTION('',(-0.154508497187474,0.475528258147577,-0.866025403784439));
#5318=DIRECTION('',(-0.090524304608336,0.861281226008774,-0.5));
#5319=DIRECTION('',(0.0522642316338265,-0.497260947684137,-0.866025403784439));
#5320=DIRECTION('',(0.,0.,1.));
#5321=DIRECTION('',(0.104528463267653,-0.994521895368273,0.));
#5322=DIRECTION('',(0.090524304608336,-0.861281226008774,-0.5));
#5323=DIRECTION('',(-0.0522642316338265,0.497260947684137,-0.866025403784439));
#5324=DIRECTION('',(0.0905243046083371,0.861281226008774,-0.5));
#5325=DIRECTION('',(-0.0522642316338272,-0.497260947684137,-0.866025403784439));
#5326=DIRECTION('',(0.,0.,1.));
#5327=DIRECTION('',(-0.104528463267654,-0.994521895368273,0.));
#5328=DIRECTION('',(-0.0905243046083371,-0.861281226008774,-0.5));
#5329=DIRECTION('',(0.0522642316338271,0.497260947684137,-0.866025403784439));
#5330=DIRECTION('',(0.267616567329818,0.823639103546332,-0.5));
#5331=DIRECTION('',(-0.154508497187474,-0.475528258147577,-0.866025403784439));
#5332=DIRECTION('',(0.,0.,1.));
#5333=DIRECTION('',(-0.309016994374948,-0.951056516295154,0.));
#5334=DIRECTION('',(-0.267616567329818,-0.823639103546332,-0.5));
#5335=DIRECTION('',(0.154508497187474,0.475528258147577,-0.866025403784439));
#5336=DIRECTION('',(0.43301270189222,0.75,-0.5));
#5337=DIRECTION('',(-0.25,-0.43301270189222,-0.866025403784439));
#5338=DIRECTION('',(0.,0.,1.));
#5339=DIRECTION('',(-0.5,-0.866025403784438,0.));
#5340=DIRECTION('',(-0.43301270189222,-0.75,-0.5));
#5341=DIRECTION('',(0.25,0.433012701892219,-0.866025403784439));
#5342=DIRECTION('',(0.579484103556457,0.643582297554376,-0.5));
#5343=DIRECTION('',(-0.33456530317943,-0.371572412738698,-0.866025403784439));
#5344=DIRECTION('',(0.,0.,1.));
#5345=DIRECTION('',(-0.669130606358859,-0.743144825477394,0.));
#5346=DIRECTION('',(-0.579484103556457,-0.643582297554376,-0.5));
#5347=DIRECTION('',(0.334565303179429,0.371572412738697,-0.866025403784439));
#5348=DIRECTION('',(0.700629269222037,0.509036960455127,-0.5));
#5349=DIRECTION('',(-0.404508497187474,-0.293892626146237,-0.866025403784439));
#5350=DIRECTION('',(0.,0.,1.));
#5351=DIRECTION('',(-0.809016994374948,-0.587785252292473,0.));
#5352=DIRECTION('',(-0.700629269222037,-0.509036960455127,-0.5));
#5353=DIRECTION('',(0.404508497187474,0.293892626146237,-0.866025403784439));
#5354=DIRECTION('',(0.791153573830373,0.352244265553647,-0.5));
#5355=DIRECTION('',(-0.456772728821301,-0.2033683215379,-0.866025403784439));
#5356=DIRECTION('',(0.,0.,1.));
#5357=DIRECTION('',(-0.913545457642601,-0.4067366430758,0.));
#5358=DIRECTION('',(-0.791153573830373,-0.352244265553647,-0.5));
#5359=DIRECTION('',(0.4567727288213,0.2033683215379,-0.866025403784439));
#5360=DIRECTION('',(0.847100670886274,0.180056805991955,-0.5));
#5361=DIRECTION('',(-0.489073800366903,-0.10395584540888,-0.866025403784439));
#5362=DIRECTION('',(0.,0.,1.));
#5363=DIRECTION('',(-0.978147600733806,-0.207911690817759,0.));
#5364=DIRECTION('',(-0.847100670886274,-0.180056805991955,-0.5));
#5365=DIRECTION('',(0.489073800366903,0.103955845408879,-0.866025403784439));
#5366=DIRECTION('',(0.866025403784439,-1.06057523872491E-16,-0.5));
#5367=DIRECTION('',(-0.5,6.12323399573677E-17,-0.866025403784439));
#5368=DIRECTION('',(0.,0.,1.));
#5369=DIRECTION('',(-1.,1.22464679914735E-16,0.));
#5370=DIRECTION('',(-0.866025403784439,1.06057523872491E-16,-0.5));
#5371=DIRECTION('',(0.5,-6.12323399573677E-17,-0.866025403784439));
#5372=DIRECTION('',(0.847100670886274,-0.180056805991956,-0.5));
#5373=DIRECTION('',(-0.489073800366903,0.10395584540888,-0.866025403784439));
#5374=DIRECTION('',(0.,0.,1.));
#5375=DIRECTION('',(-0.978147600733806,0.207911690817759,0.));
#5376=DIRECTION('',(-0.847100670886274,0.180056805991956,-0.5));
#5377=DIRECTION('',(0.489073800366903,-0.10395584540888,-0.866025403784439));
#5378=DIRECTION('',(0.791153573830373,-0.352244265553647,-0.5));
#5379=DIRECTION('',(-0.456772728821301,0.2033683215379,-0.866025403784439));
#5380=DIRECTION('',(0.,0.,1.));
#5381=DIRECTION('',(-0.913545457642601,0.4067366430758,0.));
#5382=DIRECTION('',(-0.791153573830373,0.352244265553647,-0.5));
#5383=DIRECTION('',(0.4567727288213,-0.2033683215379,-0.866025403784439));
#5384=DIRECTION('',(0.700629269222037,-0.509036960455127,-0.5));
#5385=DIRECTION('',(-0.404508497187474,0.293892626146237,-0.866025403784439));
#5386=DIRECTION('',(0.,0.,1.));
#5387=DIRECTION('',(-0.809016994374947,0.587785252292473,0.));
#5388=DIRECTION('',(-0.700629269222037,0.509036960455127,-0.5));
#5389=DIRECTION('',(0.404508497187474,-0.293892626146237,-0.866025403784439));
#5390=DIRECTION('',(0.579484103556456,-0.643582297554377,-0.5));
#5391=DIRECTION('',(-0.334565303179429,0.371572412738698,-0.866025403784439));
#5392=DIRECTION('',(0.,0.,1.));
#5393=DIRECTION('',(-0.669130606358858,0.743144825477395,0.));
#5394=DIRECTION('',(-0.579484103556456,0.643582297554377,-0.5));
#5395=DIRECTION('',(0.334565303179429,-0.371572412738697,-0.866025403784439));
#5396=DIRECTION('',(0.433012701892219,-0.75,-0.5));
#5397=DIRECTION('',(-0.25,0.43301270189222,-0.866025403784439));
#5398=DIRECTION('',(0.,0.,1.));
#5399=DIRECTION('',(-0.5,0.866025403784439,0.));
#5400=DIRECTION('',(-0.433012701892219,0.75,-0.5));
#5401=DIRECTION('',(0.25,-0.43301270189222,-0.866025403784439));
#5402=DIRECTION('',(0.267616567329818,-0.823639103546332,-0.5));
#5403=DIRECTION('',(-0.154508497187474,0.475528258147577,-0.866025403784439));
#5404=DIRECTION('',(0.,0.,1.));
#5405=DIRECTION('',(-0.309016994374948,0.951056516295154,0.));
#5406=DIRECTION('',(-0.267616567329818,0.823639103546332,-0.5));
#5407=DIRECTION('',(0.154508497187474,-0.475528258147577,-0.866025403784439));
#5408=DIRECTION('',(0.0905243046083363,-0.861281226008774,-0.5));
#5409=DIRECTION('',(-0.0522642316338267,0.497260947684137,-0.866025403784439));
#5410=DIRECTION('',(0.,0.,1.));
#5411=DIRECTION('',(-0.104528463267653,0.994521895368273,0.));
#5412=DIRECTION('',(-0.0905243046083363,0.861281226008774,-0.5));
#5413=DIRECTION('',(0.0522642316338267,-0.497260947684137,-0.866025403784439));
#5414=DIRECTION('',(-0.0905243046083366,-0.861281226008774,-0.5));
#5415=DIRECTION('',(0.0522642316338269,0.497260947684137,-0.866025403784439));
#5416=DIRECTION('',(0.,0.,1.));
#5417=DIRECTION('',(0.104528463267654,0.994521895368273,0.));
#5418=DIRECTION('',(0.0905243046083366,0.861281226008774,-0.5));
#5419=DIRECTION('',(-0.0522642316338268,-0.497260947684137,-0.866025403784439));
#5420=DIRECTION('',(-0.267616567329818,-0.823639103546332,-0.5));
#5421=DIRECTION('',(0.154508497187474,0.475528258147577,-0.866025403784439));
#5422=DIRECTION('',(0.,0.,1.));
#5423=DIRECTION('',(0.309016994374948,0.951056516295154,0.));
#5424=DIRECTION('',(0.267616567329818,0.823639103546332,-0.5));
#5425=DIRECTION('',(-0.154508497187474,-0.475528258147577,-0.866025403784439));
#5426=DIRECTION('',(-0.43301270189222,-0.75,-0.5));
#5427=DIRECTION('',(0.25,0.43301270189222,-0.866025403784439));
#5428=DIRECTION('',(0.,0.,1.));
#5429=DIRECTION('',(0.5,0.866025403784439,0.));
#5430=DIRECTION('',(0.43301270189222,0.75,-0.5));
#5431=DIRECTION('',(-0.25,-0.433012701892219,-0.866025403784439));
#5432=DIRECTION('',(-0.579484103556456,-0.643582297554376,-0.5));
#5433=DIRECTION('',(0.33456530317943,0.371572412738698,-0.866025403784439));
#5434=DIRECTION('',(0.,0.,1.));
#5435=DIRECTION('',(0.669130606358858,0.743144825477394,0.));
#5436=DIRECTION('',(0.579484103556457,0.643582297554377,-0.5));
#5437=DIRECTION('',(-0.334565303179429,-0.371572412738697,-0.866025403784439));
#5438=DIRECTION('',(-0.700629269222037,-0.509036960455127,-0.5));
#5439=DIRECTION('',(0.404508497187474,0.293892626146237,-0.866025403784439));
#5440=DIRECTION('',(0.,0.,1.));
#5441=DIRECTION('',(0.809016994374948,0.587785252292473,0.));
#5442=DIRECTION('',(0.700629269222037,0.509036960455127,-0.5));
#5443=DIRECTION('',(-0.404508497187474,-0.293892626146237,-0.866025403784439));
#5444=DIRECTION('',(-0.791153573830373,-0.352244265553647,-0.5));
#5445=DIRECTION('',(0.456772728821301,0.2033683215379,-0.866025403784439));
#5446=DIRECTION('',(0.,0.,1.));
#5447=DIRECTION('',(0.913545457642601,0.4067366430758,0.));
#5448=DIRECTION('',(0.791153573830373,0.352244265553647,-0.5));
#5449=DIRECTION('',(-0.4567727288213,-0.2033683215379,-0.866025403784439));
#5450=DIRECTION('',(-0.847100670886274,-0.180056805991956,-0.5));
#5451=DIRECTION('',(0.489073800366903,0.10395584540888,-0.866025403784439));
#5452=DIRECTION('',(0.,0.,1.));
#5453=DIRECTION('',(0.978147600733806,0.207911690817759,0.));
#5454=DIRECTION('',(0.847100670886274,0.180056805991956,-0.5));
#5455=DIRECTION('',(-0.489073800366903,-0.10395584540888,-0.866025403784439));
#5456=DIRECTION('',(-0.866025403784439,0.,-0.5));
#5457=DIRECTION('',(0.5,0.,-0.866025403784439));
#5458=DIRECTION('',(0.,0.,1.));
#5459=DIRECTION('',(1.,0.,0.));
#5460=DIRECTION('',(0.866025403784439,0.,-0.5));
#5461=DIRECTION('',(-0.5,0.,-0.866025403784439));
#5462=DIRECTION('',(0.,0.,1.));
#5463=DIRECTION('',(1.,0.,0.));
#5464=DIRECTION('',(0.,0.,-1.));
#5465=DIRECTION('',(-1.,0.,0.));
#5466=DIRECTION('',(0.,0.,1.));
#5467=DIRECTION('',(0.104528463267654,0.994521895368273,0.));
#5468=DIRECTION('',(-0.0905243046083366,-0.861281226008774,-0.5));
#5469=DIRECTION('',(0.0522642316338269,0.497260947684137,-0.866025403784439));
#5470=DIRECTION('',(0.0905243046083366,0.861281226008774,-0.5));
#5471=DIRECTION('',(-0.0522642316338268,-0.497260947684137,-0.866025403784439));
#5472=DIRECTION('',(0.,0.,1.));
#5473=DIRECTION('',(0.309016994374948,0.951056516295154,0.));
#5474=DIRECTION('',(-0.267616567329818,-0.823639103546332,-0.5));
#5475=DIRECTION('',(0.154508497187474,0.475528258147577,-0.866025403784439));
#5476=DIRECTION('',(0.267616567329818,0.823639103546332,-0.5));
#5477=DIRECTION('',(-0.154508497187474,-0.475528258147577,-0.866025403784439));
#5478=DIRECTION('',(0.,0.,1.));
#5479=DIRECTION('',(0.5,0.866025403784439,0.));
#5480=DIRECTION('',(-0.43301270189222,-0.75,-0.5));
#5481=DIRECTION('',(0.25,0.43301270189222,-0.866025403784439));
#5482=DIRECTION('',(0.43301270189222,0.75,-0.5));
#5483=DIRECTION('',(-0.25,-0.433012701892219,-0.866025403784439));
#5484=DIRECTION('',(0.,0.,1.));
#5485=DIRECTION('',(0.669130606358858,0.743144825477394,0.));
#5486=DIRECTION('',(-0.579484103556456,-0.643582297554376,-0.5));
#5487=DIRECTION('',(0.33456530317943,0.371572412738698,-0.866025403784439));
#5488=DIRECTION('',(0.579484103556457,0.643582297554377,-0.5));
#5489=DIRECTION('',(-0.334565303179429,-0.371572412738697,-0.866025403784439));
#5490=DIRECTION('',(0.,0.,1.));
#5491=DIRECTION('',(0.809016994374948,0.587785252292473,0.));
#5492=DIRECTION('',(-0.700629269222037,-0.509036960455127,-0.5));
#5493=DIRECTION('',(0.404508497187474,0.293892626146237,-0.866025403784439));
#5494=DIRECTION('',(0.700629269222037,0.509036960455127,-0.5));
#5495=DIRECTION('',(-0.404508497187474,-0.293892626146237,-0.866025403784439));
#5496=DIRECTION('',(0.,0.,1.));
#5497=DIRECTION('',(0.913545457642601,0.4067366430758,0.));
#5498=DIRECTION('',(-0.791153573830373,-0.352244265553647,-0.5));
#5499=DIRECTION('',(0.456772728821301,0.2033683215379,-0.866025403784439));
#5500=DIRECTION('',(0.791153573830373,0.352244265553647,-0.5));
#5501=DIRECTION('',(-0.4567727288213,-0.2033683215379,-0.866025403784439));
#5502=DIRECTION('',(0.,0.,1.));
#5503=DIRECTION('',(0.978147600733806,0.207911690817759,0.));
#5504=DIRECTION('',(-0.847100670886274,-0.180056805991956,-0.5));
#5505=DIRECTION('',(0.489073800366903,0.10395584540888,-0.866025403784439));
#5506=DIRECTION('',(0.847100670886274,0.180056805991956,-0.5));
#5507=DIRECTION('',(-0.489073800366903,-0.10395584540888,-0.866025403784439));
#5508=DIRECTION('',(0.,0.,-1.));
#5509=DIRECTION('',(0.,0.,1.));
#5510=DIRECTION('',(1.,0.,0.));
#5511=DIRECTION('',(0.,0.,-1.));
#5512=DIRECTION('',(0.,0.,1.));
#5513=DIRECTION('',(-1.,1.22464679914735E-16,0.));
#5514=DIRECTION('',(0.,0.,-1.));
#5515=DIRECTION('',(0.,0.,1.));
#5516=DIRECTION('',(-1.,1.22464679914735E-16,0.));
#5517=DIRECTION('',(0.,0.,-1.));
#5518=DIRECTION('',(0.,0.,1.));
#5519=DIRECTION('',(1.,0.,0.));
#5520=DIRECTION('',(0.,0.,-1.));
#5521=DIRECTION('',(0.,0.,1.));
#5522=DIRECTION('',(1.,0.,0.));
#5523=DIRECTION('',(-0.866025403784439,0.,-0.5));
#5524=DIRECTION('',(0.5,0.,-0.866025403784439));
#5525=DIRECTION('',(1.,0.,0.));
#5526=DIRECTION('',(0.,0.,-1.));
#5527=DIRECTION('',(0.,1.,0.));
#5528=DIRECTION('',(0.,-0.5,0.866025403784439));
#5529=DIRECTION('',(0.,-0.5,-0.866025403784439));
#5530=DIRECTION('',(0.,1.,0.));
#5531=DIRECTION('',(0.,-0.5,0.866025403784439));
#5532=DIRECTION('',(0.,-0.5,-0.866025403784439));
#5533=DIRECTION('',(0.,1.,0.));
#5534=DIRECTION('',(0.,-0.5,0.866025403784439));
#5535=DIRECTION('',(0.,-0.5,-0.866025403784439));
#5536=DIRECTION('',(0.,1.,0.));
#5537=DIRECTION('',(0.,-0.5,0.866025403784439));
#5538=DIRECTION('',(0.,-0.5,-0.866025403784439));
#5539=DIRECTION('',(0.,1.,0.));
#5540=DIRECTION('',(0.,-0.5,0.866025403784439));
#5541=DIRECTION('',(0.,-0.5,-0.866025403784439));
#5542=DIRECTION('',(0.,1.,0.));
#5543=DIRECTION('',(0.,-0.5,0.866025403784439));
#5544=DIRECTION('',(0.,-0.5,-0.866025403784439));
#5545=DIRECTION('',(0.,-1.,0.));
#5546=DIRECTION('',(0.,-1.,0.));
#5547=DIRECTION('',(0.,1.,0.));
#5548=DIRECTION('',(0.,0.,-1.));
#5549=DIRECTION('',(0.,-1.,0.));
#5550=DIRECTION('',(1.,0.,0.));
#5551=DIRECTION('',(0.,0.,-1.));
#5552=DIRECTION('',(0.,-0.5,0.866025403784439));
#5553=DIRECTION('',(0.,1.,0.));
#5554=DIRECTION('',(0.,-0.5,-0.866025403784439));
#5555=DIRECTION('',(0.,-0.5,0.866025403784439));
#5556=DIRECTION('',(0.,1.,0.));
#5557=DIRECTION('',(0.,-0.5,-0.866025403784439));
#5558=DIRECTION('',(0.,-0.5,0.866025403784439));
#5559=DIRECTION('',(0.,1.,0.));
#5560=DIRECTION('',(0.,-0.5,-0.866025403784439));
#5561=DIRECTION('',(0.,-0.5,0.866025403784439));
#5562=DIRECTION('',(0.,1.,0.));
#5563=DIRECTION('',(0.,-0.5,-0.866025403784439));
#5564=DIRECTION('',(0.,-0.5,0.866025403784439));
#5565=DIRECTION('',(0.,1.,0.));
#5566=DIRECTION('',(0.,-0.5,-0.866025403784439));
#5567=DIRECTION('',(0.,-0.5,0.866025403784439));
#5568=DIRECTION('',(0.,1.,0.));
#5569=DIRECTION('',(0.,-0.5,-0.866025403784439));
#5570=DIRECTION('',(0.,0.,-1.));
#5571=DIRECTION('',(0.,-1.,0.));
#5572=DIRECTION('',(0.,-1.,0.));
#5573=DIRECTION('',(0.,0.,-1.));
#5574=DIRECTION('',(0.,1.,0.));
#5575=DIRECTION('',(0.,-1.,0.));
#5576=DIRECTION('',(0.,-1.,0.));
#5577=DIRECTION('',(0.,0.,-1.));
#5578=DIRECTION('',(-0.5,0.,-0.866025403784439));
#5579=DIRECTION('',(1.,0.,-1.31338845849243E-16));
#5580=DIRECTION('',(-0.5,0.,0.866025403784439));
#5581=DIRECTION('',(-0.5,0.,-0.866025403784439));
#5582=DIRECTION('',(1.,0.,-1.31338845849243E-16));
#5583=DIRECTION('',(-0.5,0.,0.866025403784439));
#5584=DIRECTION('',(-0.5,0.,-0.866025403784439));
#5585=DIRECTION('',(1.,0.,-1.31338845849243E-16));
#5586=DIRECTION('',(-0.5,0.,0.866025403784439));
#5587=DIRECTION('',(-0.5,0.,-0.866025403784439));
#5588=DIRECTION('',(1.,0.,-1.31338845849243E-16));
#5589=DIRECTION('',(-0.5,0.,0.866025403784439));
#5590=DIRECTION('',(-0.5,0.,-0.866025403784439));
#5591=DIRECTION('',(1.,0.,-1.31338845849243E-16));
#5592=DIRECTION('',(-0.5,0.,0.866025403784439));
#5593=DIRECTION('',(-0.5,0.,-0.866025403784439));
#5594=DIRECTION('',(1.,0.,-1.31338845849243E-16));
#5595=DIRECTION('',(-0.5,0.,0.866025403784439));
#5596=DIRECTION('',(-1.,0.,0.));
#5597=DIRECTION('',(1.,0.,0.));
#5598=DIRECTION('',(0.,0.,-1.));
#5599=DIRECTION('',(1.,0.,0.));
#5600=DIRECTION('',(-1.,0.,0.));
#5601=DIRECTION('',(0.,-1.,0.));
#5602=DIRECTION('',(0.,0.,-1.));
#5603=DIRECTION('',(-1.,0.,1.31338845849243E-16));
#5604=DIRECTION('',(0.5,0.,0.866025403784439));
#5605=DIRECTION('',(0.5,0.,-0.866025403784439));
#5606=DIRECTION('',(-1.,0.,1.31338845849243E-16));
#5607=DIRECTION('',(0.5,0.,0.866025403784439));
#5608=DIRECTION('',(0.5,0.,-0.866025403784439));
#5609=DIRECTION('',(-1.,0.,1.31338845849243E-16));
#5610=DIRECTION('',(0.5,0.,0.866025403784439));
#5611=DIRECTION('',(0.5,0.,-0.866025403784439));
#5612=DIRECTION('',(-1.,0.,1.31338845849243E-16));
#5613=DIRECTION('',(0.5,0.,0.866025403784439));
#5614=DIRECTION('',(0.5,0.,-0.866025403784439));
#5615=DIRECTION('',(-1.,0.,1.31338845849243E-16));
#5616=DIRECTION('',(0.5,0.,0.866025403784439));
#5617=DIRECTION('',(0.5,0.,-0.866025403784439));
#5618=DIRECTION('',(-1.,0.,1.31338845849243E-16));
#5619=DIRECTION('',(0.5,0.,0.866025403784439));
#5620=DIRECTION('',(0.5,0.,-0.866025403784439));
#5621=DIRECTION('',(-1.,0.,0.));
#5622=DIRECTION('',(-1.,0.,0.));
#5623=DIRECTION('',(1.,0.,0.));
#5624=DIRECTION('',(0.,0.,-1.));
#5625=DIRECTION('',(1.,0.,0.));
#5626=DIRECTION('',(0.,0.866025403784439,0.5));
#5627=DIRECTION('',(0.,-0.5,0.866025403784439));
#5628=DIRECTION('',(1.,0.,0.));
#5629=DIRECTION('',(1.,0.,0.));
#5630=DIRECTION('',(0.,-0.866025403784439,0.5));
#5631=DIRECTION('',(0.,-0.5,-0.866025403784439));
#5632=DIRECTION('',(1.,0.,0.));
#5633=DIRECTION('',(0.,0.,-1.));
#5634=DIRECTION('',(-1.,0.,0.));
#5635=DIRECTION('',(0.,0.866025403784439,0.5));
#5636=DIRECTION('',(0.,-0.5,0.866025403784439));
#5637=DIRECTION('',(1.,0.,0.));
#5638=DIRECTION('',(1.,0.,0.));
#5639=DIRECTION('',(0.,-0.866025403784439,0.5));
#5640=DIRECTION('',(0.,-0.5,-0.866025403784439));
#5641=DIRECTION('',(1.,0.,0.));
#5642=DIRECTION('',(0.,0.,-1.));
#5643=DIRECTION('',(-1.,0.,0.));
#5644=DIRECTION('',(0.,0.866025403784439,0.5));
#5645=DIRECTION('',(0.,-0.5,0.866025403784439));
#5646=DIRECTION('',(1.,0.,0.));
#5647=DIRECTION('',(1.,0.,0.));
#5648=DIRECTION('',(0.,-0.866025403784439,0.5));
#5649=DIRECTION('',(0.,-0.5,-0.866025403784439));
#5650=DIRECTION('',(1.,0.,0.));
#5651=DIRECTION('',(0.,0.,-1.));
#5652=DIRECTION('',(-1.,0.,0.));
#5653=DIRECTION('',(0.,0.866025403784439,0.5));
#5654=DIRECTION('',(0.,-0.5,0.866025403784439));
#5655=DIRECTION('',(1.,0.,0.));
#5656=DIRECTION('',(1.,0.,0.));
#5657=DIRECTION('',(0.,-0.866025403784439,0.5));
#5658=DIRECTION('',(0.,-0.5,-0.866025403784439));
#5659=DIRECTION('',(1.,0.,0.));
#5660=DIRECTION('',(0.,0.,-1.));
#5661=DIRECTION('',(-1.,0.,0.));
#5662=DIRECTION('',(0.,0.866025403784439,0.5));
#5663=DIRECTION('',(0.,-0.5,0.866025403784439));
#5664=DIRECTION('',(1.,0.,0.));
#5665=DIRECTION('',(1.,0.,0.));
#5666=DIRECTION('',(0.,-0.866025403784439,0.5));
#5667=DIRECTION('',(0.,-0.5,-0.866025403784439));
#5668=DIRECTION('',(1.,0.,0.));
#5669=DIRECTION('',(0.,0.,-1.));
#5670=DIRECTION('',(-1.,0.,0.));
#5671=DIRECTION('',(0.,0.866025403784439,0.5));
#5672=DIRECTION('',(0.,-0.5,0.866025403784439));
#5673=DIRECTION('',(1.,0.,0.));
#5674=DIRECTION('',(1.,0.,0.));
#5675=DIRECTION('',(0.,-0.866025403784439,0.5));
#5676=DIRECTION('',(0.,-0.5,-0.866025403784439));
#5677=DIRECTION('',(1.,0.,0.));
#5678=DIRECTION('',(0.,0.,-1.));
#5679=DIRECTION('',(-1.,0.,0.));
#5680=DIRECTION('',(0.,0.866025403784439,0.5));
#5681=DIRECTION('',(0.,-0.5,0.866025403784439));
#5682=DIRECTION('',(1.,0.,0.));
#5683=DIRECTION('',(1.,0.,0.));
#5684=DIRECTION('',(0.,-0.866025403784439,0.5));
#5685=DIRECTION('',(0.,-0.5,-0.866025403784439));
#5686=DIRECTION('',(1.,0.,0.));
#5687=DIRECTION('',(0.,0.,-1.));
#5688=DIRECTION('',(-1.,0.,0.));
#5689=DIRECTION('',(0.,0.866025403784439,0.5));
#5690=DIRECTION('',(0.,-0.5,0.866025403784439));
#5691=DIRECTION('',(1.,0.,0.));
#5692=DIRECTION('',(1.,0.,0.));
#5693=DIRECTION('',(0.,-0.866025403784439,0.5));
#5694=DIRECTION('',(0.,-0.5,-0.866025403784439));
#5695=DIRECTION('',(1.,0.,0.));
#5696=DIRECTION('',(0.,0.,-1.));
#5697=DIRECTION('',(-1.,0.,0.));
#5698=DIRECTION('',(0.,0.866025403784439,0.5));
#5699=DIRECTION('',(0.,-0.5,0.866025403784439));
#5700=DIRECTION('',(1.,0.,0.));
#5701=DIRECTION('',(1.,0.,0.));
#5702=DIRECTION('',(0.,-0.866025403784439,0.5));
#5703=DIRECTION('',(0.,-0.5,-0.866025403784439));
#5704=DIRECTION('',(1.,0.,0.));
#5705=DIRECTION('',(0.,0.,-1.));
#5706=DIRECTION('',(-1.,0.,0.));
#5707=DIRECTION('',(0.,0.866025403784439,0.5));
#5708=DIRECTION('',(0.,-0.5,0.866025403784439));
#5709=DIRECTION('',(1.,0.,0.));
#5710=DIRECTION('',(1.,0.,0.));
#5711=DIRECTION('',(0.,-0.866025403784439,0.5));
#5712=DIRECTION('',(0.,-0.5,-0.866025403784439));
#5713=DIRECTION('',(1.,0.,0.));
#5714=DIRECTION('',(0.,0.,-1.));
#5715=DIRECTION('',(-1.,0.,0.));
#5716=DIRECTION('',(0.,0.866025403784439,0.5));
#5717=DIRECTION('',(0.,-0.5,0.866025403784439));
#5718=DIRECTION('',(1.,0.,0.));
#5719=DIRECTION('',(1.,0.,0.));
#5720=DIRECTION('',(0.,-0.866025403784439,0.5));
#5721=DIRECTION('',(0.,-0.5,-0.866025403784439));
#5722=DIRECTION('',(1.,0.,0.));
#5723=DIRECTION('',(0.,0.,-1.));
#5724=DIRECTION('',(-1.,0.,0.));
#5725=DIRECTION('',(0.866025403784439,0.,-0.5));
#5726=DIRECTION('',(-0.5,0.,-0.866025403784439));
#5727=DIRECTION('',(0.,1.,0.));
#5728=DIRECTION('',(0.,1.,0.));
#5729=DIRECTION('',(-0.866025403784439,0.,-0.5));
#5730=DIRECTION('',(-0.5,0.,0.866025403784439));
#5731=DIRECTION('',(0.,1.,0.));
#5732=DIRECTION('',(1.31338845849243E-16,0.,1.));
#5733=DIRECTION('',(1.,0.,-1.31338845849243E-16));
#5734=DIRECTION('',(0.866025403784439,0.,-0.5));
#5735=DIRECTION('',(-0.5,0.,-0.866025403784439));
#5736=DIRECTION('',(0.,1.,0.));
#5737=DIRECTION('',(0.,1.,0.));
#5738=DIRECTION('',(-0.866025403784439,0.,-0.5));
#5739=DIRECTION('',(-0.5,0.,0.866025403784439));
#5740=DIRECTION('',(0.,1.,0.));
#5741=DIRECTION('',(1.31338845849243E-16,0.,1.));
#5742=DIRECTION('',(1.,0.,-1.31338845849243E-16));
#5743=DIRECTION('',(0.866025403784439,0.,-0.5));
#5744=DIRECTION('',(-0.5,0.,-0.866025403784439));
#5745=DIRECTION('',(0.,1.,0.));
#5746=DIRECTION('',(0.,1.,0.));
#5747=DIRECTION('',(-0.866025403784439,0.,-0.5));
#5748=DIRECTION('',(-0.5,0.,0.866025403784439));
#5749=DIRECTION('',(0.,1.,0.));
#5750=DIRECTION('',(1.31338845849243E-16,0.,1.));
#5751=DIRECTION('',(1.,0.,-1.31338845849243E-16));
#5752=DIRECTION('',(0.866025403784439,0.,-0.5));
#5753=DIRECTION('',(-0.5,0.,-0.866025403784439));
#5754=DIRECTION('',(0.,1.,0.));
#5755=DIRECTION('',(0.,1.,0.));
#5756=DIRECTION('',(-0.866025403784439,0.,-0.5));
#5757=DIRECTION('',(-0.5,0.,0.866025403784439));
#5758=DIRECTION('',(0.,1.,0.));
#5759=DIRECTION('',(1.31338845849243E-16,0.,1.));
#5760=DIRECTION('',(1.,0.,-1.31338845849243E-16));
#5761=DIRECTION('',(0.866025403784439,0.,-0.5));
#5762=DIRECTION('',(-0.5,0.,-0.866025403784439));
#5763=DIRECTION('',(0.,1.,0.));
#5764=DIRECTION('',(0.,1.,0.));
#5765=DIRECTION('',(-0.866025403784439,0.,-0.5));
#5766=DIRECTION('',(-0.5,0.,0.866025403784439));
#5767=DIRECTION('',(0.,1.,0.));
#5768=DIRECTION('',(1.31338845849243E-16,0.,1.));
#5769=DIRECTION('',(1.,0.,-1.31338845849243E-16));
#5770=DIRECTION('',(0.866025403784439,0.,-0.5));
#5771=DIRECTION('',(-0.5,0.,-0.866025403784439));
#5772=DIRECTION('',(0.,1.,0.));
#5773=DIRECTION('',(0.,1.,0.));
#5774=DIRECTION('',(-0.866025403784439,0.,-0.5));
#5775=DIRECTION('',(-0.5,0.,0.866025403784439));
#5776=DIRECTION('',(0.,1.,0.));
#5777=DIRECTION('',(1.31338845849243E-16,0.,1.));
#5778=DIRECTION('',(1.,0.,-1.31338845849243E-16));
#5779=DIRECTION('',(0.866025403784439,0.,-0.5));
#5780=DIRECTION('',(-0.5,0.,-0.866025403784439));
#5781=DIRECTION('',(0.,1.,0.));
#5782=DIRECTION('',(0.,1.,0.));
#5783=DIRECTION('',(-0.866025403784439,0.,-0.5));
#5784=DIRECTION('',(-0.5,0.,0.866025403784439));
#5785=DIRECTION('',(0.,1.,0.));
#5786=DIRECTION('',(1.31338845849243E-16,0.,1.));
#5787=DIRECTION('',(1.,0.,-1.31338845849243E-16));
#5788=DIRECTION('',(0.866025403784439,0.,-0.5));
#5789=DIRECTION('',(-0.5,0.,-0.866025403784439));
#5790=DIRECTION('',(0.,1.,0.));
#5791=DIRECTION('',(0.,1.,0.));
#5792=DIRECTION('',(-0.866025403784439,0.,-0.5));
#5793=DIRECTION('',(-0.5,0.,0.866025403784439));
#5794=DIRECTION('',(0.,1.,0.));
#5795=DIRECTION('',(1.31338845849243E-16,0.,1.));
#5796=DIRECTION('',(1.,0.,-1.31338845849243E-16));
#5797=DIRECTION('',(0.866025403784439,0.,-0.5));
#5798=DIRECTION('',(-0.5,0.,-0.866025403784439));
#5799=DIRECTION('',(0.,1.,0.));
#5800=DIRECTION('',(0.,1.,0.));
#5801=DIRECTION('',(-0.866025403784439,0.,-0.5));
#5802=DIRECTION('',(-0.5,0.,0.866025403784439));
#5803=DIRECTION('',(0.,1.,0.));
#5804=DIRECTION('',(1.31338845849243E-16,0.,1.));
#5805=DIRECTION('',(1.,0.,-1.31338845849243E-16));
#5806=DIRECTION('',(0.866025403784439,0.,-0.5));
#5807=DIRECTION('',(-0.5,0.,-0.866025403784439));
#5808=DIRECTION('',(0.,1.,0.));
#5809=DIRECTION('',(0.,1.,0.));
#5810=DIRECTION('',(-0.866025403784439,0.,-0.5));
#5811=DIRECTION('',(-0.5,0.,0.866025403784439));
#5812=DIRECTION('',(0.,1.,0.));
#5813=DIRECTION('',(1.31338845849243E-16,0.,1.));
#5814=DIRECTION('',(1.,0.,-1.31338845849243E-16));
#5815=DIRECTION('',(0.866025403784439,0.,-0.5));
#5816=DIRECTION('',(-0.5,0.,-0.866025403784439));
#5817=DIRECTION('',(0.,1.,0.));
#5818=DIRECTION('',(0.,1.,0.));
#5819=DIRECTION('',(-0.866025403784439,0.,-0.5));
#5820=DIRECTION('',(-0.5,0.,0.866025403784439));
#5821=DIRECTION('',(0.,1.,0.));
#5822=DIRECTION('',(1.31338845849243E-16,0.,1.));
#5823=DIRECTION('',(1.,0.,-1.31338845849243E-16));
#5824=DIRECTION('',(0.,0.,1.));
#5825=DIRECTION('',(-1.,1.22464679914735E-16,0.));
#5826=DIRECTION('',(0.,1.,0.));
#5827=DIRECTION('',(-1.,1.22464679914735E-16,0.));
#5828=DIRECTION('',(-1.,1.22464679914735E-16,0.));
#5829=DIRECTION('',(0.,0.,1.));
#5830=DIRECTION('',(-1.,1.22464679914735E-16,0.));
#5831=DIRECTION('',(-1.,1.22464679914735E-16,0.));
#5832=DIRECTION('',(-1.,1.22464679914735E-16,0.));
#5833=DIRECTION('',(0.,1.,0.));
#5834=DIRECTION('',(0.,0.,1.));
#5835=DIRECTION('',(1.,0.,0.));
#5836=DIRECTION('',(0.,0.,1.));
#5837=DIRECTION('',(1.,0.,0.));
#5838=DIRECTION('',(0.,0.,1.));
#5839=DIRECTION('',(1.,0.,0.));
#5840=DIRECTION('',(0.,1.,0.));
#5841=DIRECTION('',(1.,0.,0.));
#5842=DIRECTION('',(1.,0.,0.));
#5843=DIRECTION('',(0.,0.,1.));
#5844=DIRECTION('',(1.,0.,0.));
#5845=DIRECTION('',(0.,1.,0.));
#5846=DIRECTION('',(1.,0.,0.));
#5847=DIRECTION('',(1.,0.,0.));
#5848=DIRECTION('',(-1.22464679914735E-16,-1.,-1.70740499604017E-16));
#5849=DIRECTION('',(-2.09096806324878E-32,-1.70740499604017E-16,1.));
#5850=DIRECTION('',(-1.22464679914735E-16,-1.,-1.70740499604017E-16));
#5851=DIRECTION('',(-2.09096806324878E-32,-1.70740499604017E-16,1.));
#5852=DIRECTION('',(0.866025403784439,-1.06057523872491E-16,-0.5));
#5853=DIRECTION('',(0.5,-6.12323399573677E-17,0.866025403784439));
#5854=DIRECTION('',(-1.22464679914735E-16,-1.,0.));
#5855=DIRECTION('',(-0.5,0.,-0.866025403784439));
#5856=DIRECTION('',(-1.22464679914735E-16,-1.,0.));
#5857=DIRECTION('',(-0.866025403784439,1.06057523872491E-16,-0.5));
#5858=DIRECTION('',(0.5,-6.12323399573677E-17,-0.866025403784439));
#5859=DIRECTION('',(-0.5,0.,0.866025403784439));
#5860=DIRECTION('',(-1.22464679914735E-16,-1.,0.));
#5861=DIRECTION('',(0.,0.,1.));
#5862=DIRECTION('',(-1.,1.22464679914735E-16,0.));
#5863=DIRECTION('',(1.,0.,0.));
#5864=DIRECTION('',(0.,0.,1.));
#5865=DIRECTION('',(1.,0.,0.));
#5866=DIRECTION('',(0.866025403784439,0.,-0.5));
#5867=DIRECTION('',(-0.5,0.,-0.866025403784439));
#5868=DIRECTION('',(-0.5,0.,-0.866025403784439));
#5869=DIRECTION('',(0.,1.,0.));
#5870=DIRECTION('',(0.,1.,0.));
#5871=DIRECTION('',(0.,0.,1.));
#5872=DIRECTION('',(1.,0.,0.));
#5873=DIRECTION('',(1.,0.,0.));
#5874=DIRECTION('',(0.,1.,0.));
#5875=DIRECTION('',(-0.847100670886274,0.180056805991956,-0.5));
#5876=DIRECTION('',(-0.489073800366903,0.10395584540888,0.866025403784439));
#5877=DIRECTION('',(0.20791169081776,0.978147600733806,0.));
#5878=DIRECTION('',(0.20791169081776,0.978147600733806,0.));
#5879=DIRECTION('',(0.847100670886274,-0.180056805991956,-0.5));
#5880=DIRECTION('',(-0.489073800366903,0.10395584540888,-0.866025403784439));
#5881=DIRECTION('',(0.20791169081776,0.978147600733806,0.));
#5882=DIRECTION('',(0.,0.,1.));
#5883=DIRECTION('',(0.978147600733806,-0.20791169081776,0.));
#5884=DIRECTION('',(-0.791153573830373,0.352244265553648,-0.5));
#5885=DIRECTION('',(-0.456772728821301,0.2033683215379,0.866025403784439));
#5886=DIRECTION('',(0.406736643075801,0.913545457642601,0.));
#5887=DIRECTION('',(0.406736643075801,0.913545457642601,0.));
#5888=DIRECTION('',(0.791153573830373,-0.352244265553648,-0.5));
#5889=DIRECTION('',(-0.4567727288213,0.2033683215379,-0.866025403784439));
#5890=DIRECTION('',(0.406736643075801,0.913545457642601,0.));
#5891=DIRECTION('',(0.,0.,1.));
#5892=DIRECTION('',(0.913545457642601,-0.406736643075801,0.));
#5893=DIRECTION('',(-0.700629269222037,0.509036960455127,-0.5));
#5894=DIRECTION('',(-0.404508497187474,0.293892626146237,0.866025403784439));
#5895=DIRECTION('',(0.587785252292473,0.809016994374947,0.));
#5896=DIRECTION('',(0.587785252292473,0.809016994374947,0.));
#5897=DIRECTION('',(0.700629269222037,-0.509036960455127,-0.5));
#5898=DIRECTION('',(-0.404508497187474,0.293892626146237,-0.866025403784439));
#5899=DIRECTION('',(0.587785252292473,0.809016994374947,0.));
#5900=DIRECTION('',(0.,0.,1.));
#5901=DIRECTION('',(0.809016994374947,-0.587785252292473,0.));
#5902=DIRECTION('',(-0.579484103556456,0.643582297554377,-0.5));
#5903=DIRECTION('',(-0.334565303179429,0.371572412738698,0.866025403784439));
#5904=DIRECTION('',(0.743144825477395,0.669130606358858,0.));
#5905=DIRECTION('',(0.743144825477395,0.669130606358858,0.));
#5906=DIRECTION('',(0.579484103556456,-0.643582297554377,-0.5));
#5907=DIRECTION('',(-0.334565303179429,0.371572412738698,-0.866025403784439));
#5908=DIRECTION('',(0.743144825477395,0.669130606358858,0.));
#5909=DIRECTION('',(0.,0.,1.));
#5910=DIRECTION('',(0.669130606358858,-0.743144825477395,0.));
#5911=DIRECTION('',(-0.433012701892219,0.75,-0.5));
#5912=DIRECTION('',(-0.25,0.43301270189222,0.866025403784439));
#5913=DIRECTION('',(0.866025403784439,0.5,0.));
#5914=DIRECTION('',(0.866025403784439,0.5,0.));
#5915=DIRECTION('',(0.433012701892219,-0.75,-0.5));
#5916=DIRECTION('',(-0.25,0.43301270189222,-0.866025403784439));
#5917=DIRECTION('',(0.866025403784439,0.5,0.));
#5918=DIRECTION('',(0.,0.,1.));
#5919=DIRECTION('',(0.5,-0.866025403784439,0.));
#5920=DIRECTION('',(-0.267616567329818,0.823639103546332,-0.5));
#5921=DIRECTION('',(-0.154508497187474,0.475528258147577,0.866025403784439));
#5922=DIRECTION('',(0.951056516295154,0.309016994374948,0.));
#5923=DIRECTION('',(0.951056516295154,0.309016994374948,0.));
#5924=DIRECTION('',(0.267616567329818,-0.823639103546332,-0.5));
#5925=DIRECTION('',(-0.154508497187474,0.475528258147577,-0.866025403784439));
#5926=DIRECTION('',(0.951056516295154,0.309016994374948,0.));
#5927=DIRECTION('',(0.,0.,1.));
#5928=DIRECTION('',(0.309016994374948,-0.951056516295154,0.));
#5929=DIRECTION('',(-0.090524304608336,0.861281226008774,-0.5));
#5930=DIRECTION('',(-0.0522642316338265,0.497260947684137,0.866025403784439));
#5931=DIRECTION('',(0.994521895368273,0.104528463267653,0.));
#5932=DIRECTION('',(0.994521895368273,0.104528463267653,0.));
#5933=DIRECTION('',(0.090524304608336,-0.861281226008774,-0.5));
#5934=DIRECTION('',(-0.0522642316338265,0.497260947684137,-0.866025403784439));
#5935=DIRECTION('',(0.994521895368273,0.104528463267653,0.));
#5936=DIRECTION('',(0.,0.,1.));
#5937=DIRECTION('',(0.104528463267653,-0.994521895368273,0.));
#5938=DIRECTION('',(0.0905243046083371,0.861281226008774,-0.5));
#5939=DIRECTION('',(0.0522642316338272,0.497260947684137,0.866025403784439));
#5940=DIRECTION('',(0.994521895368273,-0.104528463267654,0.));
#5941=DIRECTION('',(0.994521895368273,-0.104528463267654,0.));
#5942=DIRECTION('',(-0.0905243046083371,-0.861281226008774,-0.5));
#5943=DIRECTION('',(0.0522642316338271,0.497260947684137,-0.866025403784439));
#5944=DIRECTION('',(0.994521895368273,-0.104528463267654,0.));
#5945=DIRECTION('',(0.,0.,1.));
#5946=DIRECTION('',(-0.104528463267654,-0.994521895368273,0.));
#5947=DIRECTION('',(0.267616567329818,0.823639103546332,-0.5));
#5948=DIRECTION('',(0.154508497187474,0.475528258147577,0.866025403784439));
#5949=DIRECTION('',(0.951056516295154,-0.309016994374948,0.));
#5950=DIRECTION('',(0.951056516295154,-0.309016994374948,0.));
#5951=DIRECTION('',(-0.267616567329818,-0.823639103546332,-0.5));
#5952=DIRECTION('',(0.154508497187474,0.475528258147577,-0.866025403784439));
#5953=DIRECTION('',(0.951056516295154,-0.309016994374948,0.));
#5954=DIRECTION('',(0.,0.,1.));
#5955=DIRECTION('',(-0.309016994374948,-0.951056516295154,0.));
#5956=DIRECTION('',(0.43301270189222,0.75,-0.5));
#5957=DIRECTION('',(0.25,0.43301270189222,0.866025403784439));
#5958=DIRECTION('',(0.866025403784438,-0.5,0.));
#5959=DIRECTION('',(0.866025403784438,-0.5,0.));
#5960=DIRECTION('',(-0.43301270189222,-0.75,-0.5));
#5961=DIRECTION('',(0.25,0.433012701892219,-0.866025403784439));
#5962=DIRECTION('',(0.866025403784438,-0.5,0.));
#5963=DIRECTION('',(0.,0.,1.));
#5964=DIRECTION('',(-0.5,-0.866025403784438,0.));
#5965=DIRECTION('',(0.579484103556457,0.643582297554376,-0.5));
#5966=DIRECTION('',(0.33456530317943,0.371572412738698,0.866025403784439));
#5967=DIRECTION('',(0.743144825477394,-0.669130606358859,0.));
#5968=DIRECTION('',(0.743144825477394,-0.669130606358859,0.));
#5969=DIRECTION('',(-0.579484103556457,-0.643582297554376,-0.5));
#5970=DIRECTION('',(0.334565303179429,0.371572412738697,-0.866025403784439));
#5971=DIRECTION('',(0.743144825477394,-0.669130606358859,0.));
#5972=DIRECTION('',(0.,0.,1.));
#5973=DIRECTION('',(-0.669130606358859,-0.743144825477394,0.));
#5974=DIRECTION('',(0.700629269222037,0.509036960455127,-0.5));
#5975=DIRECTION('',(0.404508497187474,0.293892626146237,0.866025403784439));
#5976=DIRECTION('',(0.587785252292473,-0.809016994374948,0.));
#5977=DIRECTION('',(0.587785252292473,-0.809016994374948,0.));
#5978=DIRECTION('',(-0.700629269222037,-0.509036960455127,-0.5));
#5979=DIRECTION('',(0.404508497187474,0.293892626146237,-0.866025403784439));
#5980=DIRECTION('',(0.587785252292473,-0.809016994374948,0.));
#5981=DIRECTION('',(0.,0.,1.));
#5982=DIRECTION('',(-0.809016994374948,-0.587785252292473,0.));
#5983=DIRECTION('',(0.791153573830373,0.352244265553647,-0.5));
#5984=DIRECTION('',(0.456772728821301,0.2033683215379,0.866025403784439));
#5985=DIRECTION('',(0.4067366430758,-0.913545457642601,0.));
#5986=DIRECTION('',(0.4067366430758,-0.913545457642601,0.));
#5987=DIRECTION('',(-0.791153573830373,-0.352244265553647,-0.5));
#5988=DIRECTION('',(0.4567727288213,0.2033683215379,-0.866025403784439));
#5989=DIRECTION('',(0.4067366430758,-0.913545457642601,0.));
#5990=DIRECTION('',(0.,0.,1.));
#5991=DIRECTION('',(-0.913545457642601,-0.4067366430758,0.));
#5992=DIRECTION('',(0.847100670886274,0.180056805991955,-0.5));
#5993=DIRECTION('',(0.489073800366903,0.10395584540888,0.866025403784439));
#5994=DIRECTION('',(0.207911690817759,-0.978147600733806,0.));
#5995=DIRECTION('',(0.207911690817759,-0.978147600733806,0.));
#5996=DIRECTION('',(-0.847100670886274,-0.180056805991955,-0.5));
#5997=DIRECTION('',(0.489073800366903,0.103955845408879,-0.866025403784439));
#5998=DIRECTION('',(0.207911690817759,-0.978147600733806,0.));
#5999=DIRECTION('',(0.,0.,1.));
#6000=DIRECTION('',(-0.978147600733806,-0.207911690817759,0.));
#6001=DIRECTION('',(0.847100670886274,-0.180056805991956,-0.5));
#6002=DIRECTION('',(0.489073800366903,-0.10395584540888,0.866025403784439));
#6003=DIRECTION('',(-0.207911690817759,-0.978147600733806,0.));
#6004=DIRECTION('',(-0.207911690817759,-0.978147600733806,0.));
#6005=DIRECTION('',(-0.847100670886274,0.180056805991956,-0.5));
#6006=DIRECTION('',(0.489073800366903,-0.10395584540888,-0.866025403784439));
#6007=DIRECTION('',(-0.207911690817759,-0.978147600733806,0.));
#6008=DIRECTION('',(0.,0.,1.));
#6009=DIRECTION('',(-0.978147600733806,0.207911690817759,0.));
#6010=DIRECTION('',(0.791153573830373,-0.352244265553647,-0.5));
#6011=DIRECTION('',(0.456772728821301,-0.2033683215379,0.866025403784439));
#6012=DIRECTION('',(-0.4067366430758,-0.913545457642601,0.));
#6013=DIRECTION('',(-0.4067366430758,-0.913545457642601,0.));
#6014=DIRECTION('',(-0.791153573830373,0.352244265553647,-0.5));
#6015=DIRECTION('',(0.4567727288213,-0.2033683215379,-0.866025403784439));
#6016=DIRECTION('',(-0.4067366430758,-0.913545457642601,0.));
#6017=DIRECTION('',(0.,0.,1.));
#6018=DIRECTION('',(-0.913545457642601,0.4067366430758,0.));
#6019=DIRECTION('',(0.700629269222037,-0.509036960455127,-0.5));
#6020=DIRECTION('',(0.404508497187474,-0.293892626146237,0.866025403784439));
#6021=DIRECTION('',(-0.587785252292473,-0.809016994374947,0.));
#6022=DIRECTION('',(-0.587785252292473,-0.809016994374947,0.));
#6023=DIRECTION('',(-0.700629269222037,0.509036960455127,-0.5));
#6024=DIRECTION('',(0.404508497187474,-0.293892626146237,-0.866025403784439));
#6025=DIRECTION('',(-0.587785252292473,-0.809016994374947,0.));
#6026=DIRECTION('',(0.,0.,1.));
#6027=DIRECTION('',(-0.809016994374947,0.587785252292473,0.));
#6028=DIRECTION('',(0.579484103556456,-0.643582297554377,-0.5));
#6029=DIRECTION('',(0.334565303179429,-0.371572412738698,0.866025403784439));
#6030=DIRECTION('',(-0.743144825477395,-0.669130606358858,0.));
#6031=DIRECTION('',(-0.743144825477395,-0.669130606358858,0.));
#6032=DIRECTION('',(-0.579484103556456,0.643582297554377,-0.5));
#6033=DIRECTION('',(0.334565303179429,-0.371572412738697,-0.866025403784439));
#6034=DIRECTION('',(-0.743144825477395,-0.669130606358858,0.));
#6035=DIRECTION('',(0.,0.,1.));
#6036=DIRECTION('',(-0.669130606358858,0.743144825477395,0.));
#6037=DIRECTION('',(0.433012701892219,-0.75,-0.5));
#6038=DIRECTION('',(0.25,-0.43301270189222,0.866025403784439));
#6039=DIRECTION('',(-0.866025403784439,-0.5,0.));
#6040=DIRECTION('',(-0.866025403784439,-0.5,0.));
#6041=DIRECTION('',(-0.433012701892219,0.75,-0.5));
#6042=DIRECTION('',(0.25,-0.43301270189222,-0.866025403784439));
#6043=DIRECTION('',(-0.866025403784439,-0.5,0.));
#6044=DIRECTION('',(0.,0.,1.));
#6045=DIRECTION('',(-0.5,0.866025403784439,0.));
#6046=DIRECTION('',(0.267616567329818,-0.823639103546332,-0.5));
#6047=DIRECTION('',(0.154508497187474,-0.475528258147577,0.866025403784439));
#6048=DIRECTION('',(-0.951056516295154,-0.309016994374948,0.));
#6049=DIRECTION('',(-0.951056516295154,-0.309016994374948,0.));
#6050=DIRECTION('',(-0.267616567329818,0.823639103546332,-0.5));
#6051=DIRECTION('',(0.154508497187474,-0.475528258147577,-0.866025403784439));
#6052=DIRECTION('',(-0.951056516295154,-0.309016994374948,0.));
#6053=DIRECTION('',(0.,0.,1.));
#6054=DIRECTION('',(-0.309016994374948,0.951056516295154,0.));
#6055=DIRECTION('',(0.0905243046083363,-0.861281226008774,-0.5));
#6056=DIRECTION('',(0.0522642316338267,-0.497260947684137,0.866025403784439));
#6057=DIRECTION('',(-0.994521895368273,-0.104528463267653,0.));
#6058=DIRECTION('',(-0.994521895368273,-0.104528463267653,0.));
#6059=DIRECTION('',(-0.0905243046083363,0.861281226008774,-0.5));
#6060=DIRECTION('',(0.0522642316338267,-0.497260947684137,-0.866025403784439));
#6061=DIRECTION('',(-0.994521895368273,-0.104528463267653,0.));
#6062=DIRECTION('',(0.,0.,1.));
#6063=DIRECTION('',(-0.104528463267653,0.994521895368273,0.));
#6064=DIRECTION('',(-0.0905243046083366,-0.861281226008774,-0.5));
#6065=DIRECTION('',(-0.0522642316338269,-0.497260947684137,0.866025403784439));
#6066=DIRECTION('',(-0.994521895368273,0.104528463267654,0.));
#6067=DIRECTION('',(-0.994521895368273,0.104528463267654,0.));
#6068=DIRECTION('',(0.0905243046083366,0.861281226008774,-0.5));
#6069=DIRECTION('',(-0.0522642316338268,-0.497260947684137,-0.866025403784439));
#6070=DIRECTION('',(-0.994521895368273,0.104528463267654,0.));
#6071=DIRECTION('',(0.,0.,1.));
#6072=DIRECTION('',(0.104528463267654,0.994521895368273,0.));
#6073=DIRECTION('',(-0.267616567329818,-0.823639103546332,-0.5));
#6074=DIRECTION('',(-0.154508497187474,-0.475528258147577,0.866025403784439));
#6075=DIRECTION('',(-0.951056516295154,0.309016994374948,0.));
#6076=DIRECTION('',(-0.951056516295154,0.309016994374948,0.));
#6077=DIRECTION('',(0.267616567329818,0.823639103546332,-0.5));
#6078=DIRECTION('',(-0.154508497187474,-0.475528258147577,-0.866025403784439));
#6079=DIRECTION('',(-0.951056516295154,0.309016994374948,0.));
#6080=DIRECTION('',(0.,0.,1.));
#6081=DIRECTION('',(0.309016994374948,0.951056516295154,0.));
#6082=DIRECTION('',(-0.43301270189222,-0.75,-0.5));
#6083=DIRECTION('',(-0.25,-0.43301270189222,0.866025403784439));
#6084=DIRECTION('',(-0.866025403784439,0.5,0.));
#6085=DIRECTION('',(-0.866025403784439,0.5,0.));
#6086=DIRECTION('',(0.43301270189222,0.75,-0.5));
#6087=DIRECTION('',(-0.25,-0.433012701892219,-0.866025403784439));
#6088=DIRECTION('',(-0.866025403784439,0.5,0.));
#6089=DIRECTION('',(0.,0.,1.));
#6090=DIRECTION('',(0.5,0.866025403784439,0.));
#6091=DIRECTION('',(-0.579484103556456,-0.643582297554376,-0.5));
#6092=DIRECTION('',(-0.33456530317943,-0.371572412738698,0.866025403784439));
#6093=DIRECTION('',(-0.743144825477394,0.669130606358858,0.));
#6094=DIRECTION('',(-0.743144825477394,0.669130606358858,0.));
#6095=DIRECTION('',(0.579484103556457,0.643582297554377,-0.5));
#6096=DIRECTION('',(-0.334565303179429,-0.371572412738697,-0.866025403784439));
#6097=DIRECTION('',(-0.743144825477394,0.669130606358858,0.));
#6098=DIRECTION('',(0.,0.,1.));
#6099=DIRECTION('',(0.669130606358858,0.743144825477394,0.));
#6100=DIRECTION('',(-0.700629269222037,-0.509036960455127,-0.5));
#6101=DIRECTION('',(-0.404508497187474,-0.293892626146237,0.866025403784439));
#6102=DIRECTION('',(-0.587785252292473,0.809016994374948,0.));
#6103=DIRECTION('',(-0.587785252292473,0.809016994374948,0.));
#6104=DIRECTION('',(0.700629269222037,0.509036960455127,-0.5));
#6105=DIRECTION('',(-0.404508497187474,-0.293892626146237,-0.866025403784439));
#6106=DIRECTION('',(-0.587785252292473,0.809016994374948,0.));
#6107=DIRECTION('',(0.,0.,1.));
#6108=DIRECTION('',(0.809016994374948,0.587785252292473,0.));
#6109=DIRECTION('',(-0.791153573830373,-0.352244265553647,-0.5));
#6110=DIRECTION('',(-0.456772728821301,-0.2033683215379,0.866025403784439));
#6111=DIRECTION('',(-0.4067366430758,0.913545457642601,0.));
#6112=DIRECTION('',(-0.4067366430758,0.913545457642601,0.));
#6113=DIRECTION('',(0.791153573830373,0.352244265553647,-0.5));
#6114=DIRECTION('',(-0.4567727288213,-0.2033683215379,-0.866025403784439));
#6115=DIRECTION('',(-0.4067366430758,0.913545457642601,0.));
#6116=DIRECTION('',(0.,0.,1.));
#6117=DIRECTION('',(0.913545457642601,0.4067366430758,0.));
#6118=DIRECTION('',(-0.847100670886274,-0.180056805991956,-0.5));
#6119=DIRECTION('',(-0.489073800366903,-0.10395584540888,0.866025403784439));
#6120=DIRECTION('',(-0.207911690817759,0.978147600733806,0.));
#6121=DIRECTION('',(-0.207911690817759,0.978147600733806,0.));
#6122=DIRECTION('',(0.847100670886274,0.180056805991956,-0.5));
#6123=DIRECTION('',(-0.489073800366903,-0.10395584540888,-0.866025403784439));
#6124=DIRECTION('',(-0.207911690817759,0.978147600733806,0.));
#6125=DIRECTION('',(0.,0.,1.));
#6126=DIRECTION('',(0.978147600733806,0.207911690817759,0.));
#6127=DIRECTION('',(0.,0.,1.));
#6128=DIRECTION('',(1.,0.,0.));
#6129=DIRECTION('',(-0.866025403784439,0.,-0.5));
#6130=DIRECTION('',(-0.5,0.,0.866025403784439));
#6131=DIRECTION('',(-0.5,0.,0.866025403784439));
#6132=DIRECTION('',(0.,-1.,0.));
#6133=DIRECTION('',(0.,0.,-1.));
#6134=DIRECTION('',(0.,-1.,0.));
#6135=DIRECTION('',(0.,0.,-1.));
#6136=DIRECTION('',(0.,1.,-1.70740499604017E-16));
#6137=DIRECTION('',(0.,1.70740499604017E-16,1.));
#6138=DIRECTION('',(0.,1.,-1.70740499604017E-16));
#6139=DIRECTION('',(0.,1.70740499604017E-16,1.));
#6140=DIRECTION('',(1.,0.,0.));
#6141=DIRECTION('',(0.,0.,-1.));
#6142=DIRECTION('',(1.,0.,0.));
#6143=DIRECTION('',(0.,0.,-1.));
#6144=DIRECTION('',(0.,0.,1.));
#6145=DIRECTION('',(1.,0.,0.));
#6146=DIRECTION('',(0.866025403784439,0.,-0.5));
#6147=DIRECTION('',(-0.5,0.,-0.866025403784439));
#6148=DIRECTION('',(0.,1.,0.));
#6149=DIRECTION('',(0.,1.,0.));
#6150=DIRECTION('',(-0.866025403784439,0.,-0.5));
#6151=DIRECTION('',(-0.5,0.,0.866025403784439));
#6152=DIRECTION('',(0.,1.,0.));
#6153=DIRECTION('',(1.31338845849243E-16,0.,1.));
#6154=DIRECTION('',(1.,0.,-1.31338845849243E-16));
#6155=DIRECTION('',(0.,0.866025403784439,0.5));
#6156=DIRECTION('',(0.,-0.5,0.866025403784439));
#6157=DIRECTION('',(1.,0.,0.));
#6158=DIRECTION('',(1.,0.,0.));
#6159=DIRECTION('',(0.,-0.866025403784439,0.5));
#6160=DIRECTION('',(0.,-0.5,-0.866025403784439));
#6161=DIRECTION('',(1.,0.,0.));
#6162=DIRECTION('',(0.,0.,-1.));
#6163=DIRECTION('',(-1.,0.,0.));
#6164=DIRECTION('',(0.,0.,1.));
#6165=DIRECTION('',(1.,0.,0.));
#6166=DIRECTION('',(0.,0.,1.));
#6167=DIRECTION('',(1.,0.,0.));
#6168=DIRECTION('',(0.,0.,1.));
#6169=DIRECTION('',(-1.83697019872103E-16,-1.,0.));
#6170=DIRECTION('',(1.83697019872103E-16,1.,0.));
#6171=DIRECTION('',(0.,0.,1.));
#6172=DIRECTION('',(-1.83697019872103E-16,-1.,0.));
#6173=DIRECTION('',(-1.,1.83697019872103E-16,0.));
#6174=DIRECTION('',(0.,0.,1.));
#6175=DIRECTION('',(-1.83697019872103E-16,-1.,0.));
#6176=DIRECTION('',(-1.83697019872103E-16,-1.,0.));
#6177=DIRECTION('',(1.,-1.83697019872103E-16,0.));
#6178=DIRECTION('',(0.,0.,1.));
#6179=DIRECTION('',(-1.83697019872103E-16,-1.,0.));
#6180=DIRECTION('',(0.,0.,1.));
#6181=DIRECTION('',(-1.83697019872103E-16,-1.,0.));
#6182=DIRECTION('',(0.,0.,1.));
#6183=DIRECTION('',(0.,0.,1.));
#6184=DIRECTION('',(-1.83697019872103E-16,-1.,0.));
#6185=DIRECTION('',(0.,0.,-1.));
#6186=DIRECTION('',(0.,0.,1.));
#6187=DIRECTION('',(-1.,1.83697019872103E-16,0.));
#6188=DIRECTION('',(0.,0.,-1.));
#6189=DIRECTION('',(0.,0.,1.));
#6190=DIRECTION('',(1.,0.,0.));
#6191=DIRECTION('',(0.,0.,1.));
#6192=DIRECTION('',(1.,0.,0.));
#6193=DIRECTION('',(-1.,0.,0.));
#6194=DIRECTION('',(0.,0.,1.));
#6195=DIRECTION('',(1.,0.,0.));
#6196=DIRECTION('',(0.,-1.,0.));
#6197=DIRECTION('',(0.,0.,1.));
#6198=DIRECTION('',(1.,0.,0.));
#6199=DIRECTION('',(1.,0.,0.));
#6200=DIRECTION('',(0.,1.,0.));
#6201=DIRECTION('',(0.,0.,1.));
#6202=DIRECTION('',(1.,0.,0.));
#6203=DIRECTION('',(0.,0.,1.));
#6204=DIRECTION('',(1.,0.,0.));
#6205=DIRECTION('',(0.,0.,1.));
#6206=DIRECTION('',(0.,0.,1.));
#6207=DIRECTION('',(1.,0.,0.));
#6208=DIRECTION('',(0.,0.,-1.));
#6209=DIRECTION('',(0.,0.,1.));
#6210=DIRECTION('',(0.,-1.,0.));
#6211=DIRECTION('',(0.,0.,-1.));
#6212=DIRECTION('',(0.,0.,1.));
#6213=DIRECTION('',(1.,0.,0.));
#6214=DIRECTION('',(0.,0.,1.));
#6215=DIRECTION('',(6.12323399573677E-17,1.,0.));
#6216=DIRECTION('',(-6.12323399573677E-17,-1.,0.));
#6217=DIRECTION('',(0.,0.,1.));
#6218=DIRECTION('',(6.12323399573677E-17,1.,0.));
#6219=DIRECTION('',(1.,-6.12323399573677E-17,0.));
#6220=DIRECTION('',(0.,0.,1.));
#6221=DIRECTION('',(6.12323399573677E-17,1.,0.));
#6222=DIRECTION('',(6.12323399573677E-17,1.,0.));
#6223=DIRECTION('',(-1.,6.12323399573677E-17,0.));
#6224=DIRECTION('',(0.,0.,1.));
#6225=DIRECTION('',(6.12323399573677E-17,1.,0.));
#6226=DIRECTION('',(0.,0.,1.));
#6227=DIRECTION('',(6.12323399573677E-17,1.,0.));
#6228=DIRECTION('',(0.,0.,1.));
#6229=DIRECTION('',(0.,0.,1.));
#6230=DIRECTION('',(6.12323399573677E-17,1.,0.));
#6231=DIRECTION('',(0.,0.,-1.));
#6232=DIRECTION('',(0.,0.,1.));
#6233=DIRECTION('',(1.,-6.12323399573677E-17,0.));
#6234=DIRECTION('',(0.,0.,-1.));
#6235=CARTESIAN_POINT('',(0.,0.,0.));
#6236=CARTESIAN_POINT('',(0.,0.,0.000832));
#6237=CARTESIAN_POINT('',(0.0150672872082875,-0.00127,0.000832));
#6238=CARTESIAN_POINT('',(0.00127,-0.00127,0.000832));
#6239=CARTESIAN_POINT('',(0.0288645744165751,-0.00127,0.000832));
#6240=CARTESIAN_POINT('',(-8.23993651088983E-18,-1.9515639104739E-18,0.000832));
#6241=CARTESIAN_POINT('',(0.00127,-0.0288645744165751,0.000832));
#6242=CARTESIAN_POINT('',(0.00127,-0.0150672872082875,0.000832));
#6243=CARTESIAN_POINT('',(0.0150790742515004,-0.0150790742515004,0.002032));
#6244=CARTESIAN_POINT('',(0.0150672872082875,-0.00127,0.002032));
#6245=CARTESIAN_POINT('',(0.0288645744165751,-0.00127,0.002032));
#6246=CARTESIAN_POINT('',(0.00127,-0.00127,0.002032));
#6247=CARTESIAN_POINT('',(0.00127,-0.0150672872082875,0.002032));
#6248=CARTESIAN_POINT('',(0.00127,-0.0288645744165751,0.002032));
#6249=CARTESIAN_POINT('',(-8.23993651088983E-18,-1.9515639104739E-18,0.002032));
#6250=CARTESIAN_POINT('',(-8.23993651088983E-18,-1.9515639104739E-18,0.00083));
#6251=CARTESIAN_POINT('',(0.0288645744165751,-0.00127,0.00083));
#6252=CARTESIAN_POINT('',(0.00127,-0.0288645744165751,0.00083));
#6253=CARTESIAN_POINT('',(0.00127,-0.0150672872082875,0.00083));
#6254=CARTESIAN_POINT('',(0.00127,-0.00127,0.00083));
#6255=CARTESIAN_POINT('',(0.0150672872082875,-0.00127,0.00083));
#6256=CARTESIAN_POINT('',(0.,0.,0.));
#6257=CARTESIAN_POINT('',(0.,-0.000508,0.015242));
#6258=CARTESIAN_POINT('',(0.024257,-0.000508,0.002232));
#6259=CARTESIAN_POINT('',(-0.0008973485030008,-0.000508,0.002232));
#6260=CARTESIAN_POINT('',(-0.0041993485030008,-0.000508,0.002232));
#6261=CARTESIAN_POINT('',(0.00854823387436717,-0.000508,0.024311460351271));
#6262=CARTESIAN_POINT('',(-0.0025483485030008,-0.000508,0.00509161588329622));
#6263=CARTESIAN_POINT('',(-0.000242256628868374,-0.000508,0.00109734759037712));
#6264=CARTESIAN_POINT('',(0.0194056,-0.000508,0.002232));
#6265=CARTESIAN_POINT('',(-0.0057487485030008,-0.000508,0.002232));
#6266=CARTESIAN_POINT('',(-0.0090507485030008,-0.000508,0.002232));
#6267=CARTESIAN_POINT('',(0.00369683387436717,-0.000508,0.024311460351271));
#6268=CARTESIAN_POINT('',(-0.0073997485030008,-0.000508,0.00509161588329622));
#6269=CARTESIAN_POINT('',(-0.00509365662886837,-0.000508,0.00109734759037712));
#6270=CARTESIAN_POINT('',(0.0145542,-0.000508,0.002232));
#6271=CARTESIAN_POINT('',(-0.0106001485030008,-0.000508,0.002232));
#6272=CARTESIAN_POINT('',(-0.0139021485030008,-0.000508,0.002232));
#6273=CARTESIAN_POINT('',(-0.00115456612563283,-0.000508,0.024311460351271));
#6274=CARTESIAN_POINT('',(-0.0122511485030008,-0.000508,0.00509161588329622));
#6275=CARTESIAN_POINT('',(-0.00994505662886837,-0.000508,0.00109734759037712));
#6276=CARTESIAN_POINT('',(0.0097028,-0.000508,0.002232));
#6277=CARTESIAN_POINT('',(-0.0154515485030008,-0.000508,0.002232));
#6278=CARTESIAN_POINT('',(-0.0187535485030008,-0.000508,0.002232));
#6279=CARTESIAN_POINT('',(-0.00600596612563283,-0.000508,0.024311460351271));
#6280=CARTESIAN_POINT('',(-0.0171025485030008,-0.000508,0.00509161588329622));
#6281=CARTESIAN_POINT('',(-0.0147964566288684,-0.000508,0.00109734759037712));
#6282=CARTESIAN_POINT('',(0.0048514,-0.000508,0.002232));
#6283=CARTESIAN_POINT('',(-0.0203029485030008,-0.000508,0.002232));
#6284=CARTESIAN_POINT('',(-0.0236049485030008,-0.000508,0.002232));
#6285=CARTESIAN_POINT('',(-0.0108573661256328,-0.000508,0.024311460351271));
#6286=CARTESIAN_POINT('',(-0.0219539485030008,-0.000508,0.00509161588329622));
#6287=CARTESIAN_POINT('',(-0.0196478566288684,-0.000508,0.00109734759037712));
#6288=CARTESIAN_POINT('',(-1.70871838449866E-18,-0.000508,0.002232));
#6289=CARTESIAN_POINT('',(-0.0251543485030008,-0.000508,0.002232));
#6290=CARTESIAN_POINT('',(-0.0284563485030008,-0.000508,0.002232));
#6291=CARTESIAN_POINT('',(-0.0157087661256328,-0.000508,0.024311460351271));
#6292=CARTESIAN_POINT('',(-0.0268053485030008,-0.000508,0.00509161588329622));
#6293=CARTESIAN_POINT('',(-0.0244992566288684,-0.000508,0.00109734759037712));
#6294=CARTESIAN_POINT('',(-0.000508,-0.000508,0.015242));
#6295=CARTESIAN_POINT('',(-0.000508,-0.000508,0.008128));
#6296=CARTESIAN_POINT('',(-0.000508,-0.000508,0.002032));
#6297=CARTESIAN_POINT('',(0.,-0.000508,0.008128));
#6298=CARTESIAN_POINT('',(-0.0296501485030008,-0.000508,0.008128));
#6299=CARTESIAN_POINT('',(-0.0296501485030008,-0.000508,0.01524));
#6300=CARTESIAN_POINT('',(-0.0296501485030008,-0.000508,0.003502));
#6301=CARTESIAN_POINT('',(-0.051054,-0.000508,0.003502));
#6302=CARTESIAN_POINT('',(-0.0306036286056041,-0.000508,0.003502));
#6303=CARTESIAN_POINT('',(-0.0306036286056041,-0.000508,0.015242));
#6304=CARTESIAN_POINT('',(-0.0306036286056041,-0.000508,0.002232));
#6305=CARTESIAN_POINT('',(-0.051054,-0.000508,0.002232));
#6306=CARTESIAN_POINT('',(-0.0296501485030008,-0.000508,0.002232));
#6307=CARTESIAN_POINT('',(-0.0296501485030008,-0.000508,0.01524));
#6308=CARTESIAN_POINT('',(-0.0296501485030008,-0.000508,0.002032));
#6309=CARTESIAN_POINT('',(0.,-0.000508,0.002032));
#6310=CARTESIAN_POINT('',(0.,0.000508,0.015242));
#6311=CARTESIAN_POINT('',(-0.0276308485030008,0.000508,0.00366180794164811));
#6312=CARTESIAN_POINT('',(-0.0268053485030008,0.000508,0.00509161588329622));
#6313=CARTESIAN_POINT('',(-0.0284563485030008,0.000508,0.002232));
#6314=CARTESIAN_POINT('',(-0.0268053485030008,0.000508,0.002232));
#6315=CARTESIAN_POINT('',(-0.0251543485030008,0.000508,0.002232));
#6316=CARTESIAN_POINT('',(-0.0259798485030008,0.000508,0.00366180794164811));
#6317=CARTESIAN_POINT('',(-0.0227794485030008,0.000508,0.00366180794164811));
#6318=CARTESIAN_POINT('',(-0.0219539485030008,0.000508,0.00509161588329622));
#6319=CARTESIAN_POINT('',(-0.0236049485030008,0.000508,0.002232));
#6320=CARTESIAN_POINT('',(-0.0219539485030008,0.000508,0.002232));
#6321=CARTESIAN_POINT('',(-0.0203029485030008,0.000508,0.002232));
#6322=CARTESIAN_POINT('',(-0.0211284485030008,0.000508,0.00366180794164811));
#6323=CARTESIAN_POINT('',(-0.0179280485030008,0.000508,0.00366180794164811));
#6324=CARTESIAN_POINT('',(-0.0171025485030008,0.000508,0.00509161588329622));
#6325=CARTESIAN_POINT('',(-0.0187535485030008,0.000508,0.002232));
#6326=CARTESIAN_POINT('',(-0.0171025485030008,0.000508,0.002232));
#6327=CARTESIAN_POINT('',(-0.0154515485030008,0.000508,0.002232));
#6328=CARTESIAN_POINT('',(-0.0162770485030008,0.000508,0.00366180794164811));
#6329=CARTESIAN_POINT('',(-0.0130766485030008,0.000508,0.00366180794164811));
#6330=CARTESIAN_POINT('',(-0.0122511485030008,0.000508,0.00509161588329622));
#6331=CARTESIAN_POINT('',(-0.0139021485030008,0.000508,0.002232));
#6332=CARTESIAN_POINT('',(-0.0122511485030008,0.000508,0.002232));
#6333=CARTESIAN_POINT('',(-0.0106001485030008,0.000508,0.002232));
#6334=CARTESIAN_POINT('',(-0.0114256485030008,0.000508,0.00366180794164811));
#6335=CARTESIAN_POINT('',(-0.0082252485030008,0.000508,0.00366180794164811));
#6336=CARTESIAN_POINT('',(-0.0073997485030008,0.000508,0.00509161588329622));
#6337=CARTESIAN_POINT('',(-0.0090507485030008,0.000508,0.002232));
#6338=CARTESIAN_POINT('',(-0.0073997485030008,0.000508,0.002232));
#6339=CARTESIAN_POINT('',(-0.0057487485030008,0.000508,0.002232));
#6340=CARTESIAN_POINT('',(-0.0065742485030008,0.000508,0.00366180794164811));
#6341=CARTESIAN_POINT('',(-0.0033738485030008,0.000508,0.00366180794164811));
#6342=CARTESIAN_POINT('',(-0.0025483485030008,0.000508,0.00509161588329622));
#6343=CARTESIAN_POINT('',(-0.0041993485030008,0.000508,0.002232));
#6344=CARTESIAN_POINT('',(-0.0025483485030008,0.000508,0.002232));
#6345=CARTESIAN_POINT('',(-0.0008973485030008,0.000508,0.002232));
#6346=CARTESIAN_POINT('',(-0.0017228485030008,0.000508,0.00366180794164811));
#6347=CARTESIAN_POINT('',(0.,0.000508,0.008128));
#6348=CARTESIAN_POINT('',(-0.000508,0.000508,0.008128));
#6349=CARTESIAN_POINT('',(-0.0296501485030008,0.000508,0.008128));
#6350=CARTESIAN_POINT('',(-0.000508,0.000508,0.015242));
#6351=CARTESIAN_POINT('',(-0.000508,0.000508,0.002032));
#6352=CARTESIAN_POINT('',(0.,0.000508,0.002032));
#6353=CARTESIAN_POINT('',(-0.0296501485030008,0.000508,0.002032));
#6354=CARTESIAN_POINT('',(-0.0296501485030008,0.000508,0.01524));
#6355=CARTESIAN_POINT('',(-0.0296501485030008,0.000508,0.002232));
#6356=CARTESIAN_POINT('',(-0.051054,0.000508,0.002232));
#6357=CARTESIAN_POINT('',(-0.0306036286056041,0.000508,0.002232));
#6358=CARTESIAN_POINT('',(-0.0306036286056041,0.000508,0.015242));
#6359=CARTESIAN_POINT('',(-0.0306036286056041,0.000508,0.003502));
#6360=CARTESIAN_POINT('',(-0.051054,0.000508,0.003502));
#6361=CARTESIAN_POINT('',(-0.0296501485030008,0.000508,0.003502));
#6362=CARTESIAN_POINT('',(-0.0296501485030008,0.000508,0.01524));
#6363=CARTESIAN_POINT('',(0.,1.94023854005913E-18,0.01524));
#6364=CARTESIAN_POINT('',(1.92960971032618E-18,-2.02810152965058E-19,0.002232));
#6365=CARTESIAN_POINT('',(-0.0292320066720124,0.00498790097911154,0.002232));
#6366=CARTESIAN_POINT('',(-0.0296302601170622,0.00119877255775842,0.002232));
#6367=CARTESIAN_POINT('',(1.92960971032618E-18,-2.02810152965058E-19,0.00553155678841871));
#6368=CARTESIAN_POINT('',(-0.0294920495461985,0.00309973931397065,0.00553155678841871));
#6369=CARTESIAN_POINT('',(1.92960971032618E-18,-2.02810152965058E-19,0.00553155678841871));
#6370=CARTESIAN_POINT('',(1.84527650669023E-18,-5.99566682019509E-19,0.002232));
#6371=CARTESIAN_POINT('',(-0.0275561742646649,0.0109565793085899,0.002232));
#6372=CARTESIAN_POINT('',(-0.0287335290132334,0.00733305398150532,0.002232));
#6373=CARTESIAN_POINT('',(1.84527650669023E-18,-5.99566682019509E-19,0.00553155678841871));
#6374=CARTESIAN_POINT('',(-0.0282031054624747,0.00916374445969189,0.00553155678841871));
#6375=CARTESIAN_POINT('',(1.84527650669023E-18,-5.99566682019509E-19,0.00553155678841871));
#6376=CARTESIAN_POINT('',(1.68029586509284E-18,-9.70119270029566E-19,0.002232));
#6377=CARTESIAN_POINT('',(-0.0246760048127568,0.0164464025467821,0.002232));
#6378=CARTESIAN_POINT('',(-0.0265810048127568,0.0131468457583634,0.002232));
#6379=CARTESIAN_POINT('',(1.68029586509284E-18,-9.70119270029566E-19,0.00553155678841871));
#6380=CARTESIAN_POINT('',(-0.0256815503365257,0.01482725,0.00553155678841871));
#6381=CARTESIAN_POINT('',(1.68029586509284E-18,-9.70119270029566E-19,0.00553155678841871));
#6382=CARTESIAN_POINT('',(1.44187823123676E-18,-1.29827299079059E-18,0.002232));
#6383=CARTESIAN_POINT('',(-0.020717375541923,0.0212174390750847,0.002232));
#6384=CARTESIAN_POINT('',(-0.0232667631521502,0.0183860572900158,0.002232));
#6385=CARTESIAN_POINT('',(1.44187823123676E-18,-1.29827299079059E-18,0.00553155678841871));
#6386=CARTESIAN_POINT('',(-0.0220375882271194,0.0198427335662687,0.00553155678841871));
#6387=CARTESIAN_POINT('',(1.44187823123676E-18,-1.29827299079059E-18,0.00553155678841871));
#6388=CARTESIAN_POINT('',(1.14044359977624E-18,-1.56968595204907E-18,0.002232));
#6389=CARTESIAN_POINT('',(-0.0158532975469095,0.0250611717032375,0.002232));
#6390=CARTESIAN_POINT('',(-0.018935652295478,0.0228217098920032,0.002232));
#6391=CARTESIAN_POINT('',(1.14044359977624E-18,-1.56968595204907E-18,0.00553155678841871));
#6392=CARTESIAN_POINT('',(-0.0174304777641071,0.0239909944596919,0.00553155678841871));
#6393=CARTESIAN_POINT('',(1.14044359977624E-18,-1.56968595204907E-18,0.00553155678841871));
#6394=CARTESIAN_POINT('',(7.89166110549942E-19,-1.77249610501413E-18,0.002232));
#6395=CARTESIAN_POINT('',(-0.0102963543765343,0.0278096108711147,0.002232));
#6396=CARTESIAN_POINT('',(-0.0137769625701527,0.026259944260996,0.002232));
#6397=CARTESIAN_POINT('',(7.89166110549942E-19,-1.77249610501413E-18,0.00553155678841871));
#6398=CARTESIAN_POINT('',(-0.0120615717820913,0.0270907337736625,0.00553155678841871));
#6399=CARTESIAN_POINT('',(7.89166110549942E-19,-1.77249610501413E-18,0.00553155678841871));
#6400=CARTESIAN_POINT('',(4.03398275453474E-19,-1.8978396728101E-18,0.002232));
#6401=CARTESIAN_POINT('',(-0.0042894111125147,0.0293426365986057,0.002232));
#6402=CARTESIAN_POINT('',(-0.00801615347131049,0.02855049305659,0.002232));
#6403=CARTESIAN_POINT('',(4.03398275453474E-19,-1.8978396728101E-18,0.00553155678841871));
#6404=CARTESIAN_POINT('',(-0.00616551723535524,0.0290064780259606,0.00553155678841871));
#6405=CARTESIAN_POINT('',(4.03398275453474E-19,-1.8978396728101E-18,0.00553155678841871));
#6406=CARTESIAN_POINT('',(-0.000508,0.0296501485030008,0.01524));
#6407=CARTESIAN_POINT('',(-0.000508,0.0296501485030008,0.00465167497817372));
#6408=CARTESIAN_POINT('',(-0.000508,0.0296501485030008,0.008128));
#6409=CARTESIAN_POINT('',(0.,1.94023854005913E-18,0.008128));
#6410=CARTESIAN_POINT('',(0.,1.94023854005913E-18,0.003502));
#6411=CARTESIAN_POINT('',(-0.0296370901785246,0.001016,0.003502));
#6412=CARTESIAN_POINT('',(-0.0296370901785246,0.001016,0.01524));
#6413=CARTESIAN_POINT('',(-0.0296370901785246,0.001016,0.002232));
#6414=CARTESIAN_POINT('',(0.,1.94023854005913E-18,0.002232));
#6415=CARTESIAN_POINT('',(0.,1.94023854005913E-18,0.002032));
#6416=CARTESIAN_POINT('',(-0.000508,0.0296501485030008,0.002032));
#6417=CARTESIAN_POINT('',(-0.000508,0.0296501485030008,0.01524));
#6418=CARTESIAN_POINT('',(-0.000508,0.0296501485030008,0.002232));
#6419=CARTESIAN_POINT('',(-2.37610691766575E-34,-1.94023854005913E-18,0.002232));
#6420=CARTESIAN_POINT('',(-0.001905,0.0295932483051456,0.002232));
#6421=CARTESIAN_POINT('',(-2.37610691766575E-34,-1.94023854005913E-18,0.00553155678841871));
#6422=CARTESIAN_POINT('',(0.,1.94023854005913E-18,0.01524));
#6423=CARTESIAN_POINT('',(-1.92960971032618E-18,-2.02810152965056E-19,0.002232));
#6424=CARTESIAN_POINT('',(0.0296302601170622,0.00119877255775839,0.002232));
#6425=CARTESIAN_POINT('',(0.0292320066720124,0.00498790097911151,0.002232));
#6426=CARTESIAN_POINT('',(-1.92960971032618E-18,-2.02810152965056E-19,0.00553155678841871));
#6427=CARTESIAN_POINT('',(0.0294920495461985,0.00309973931397062,0.00553155678841871));
#6428=CARTESIAN_POINT('',(-1.92960971032618E-18,-2.02810152965056E-19,0.00553155678841871));
#6429=CARTESIAN_POINT('',(-1.84527650669023E-18,-5.99566682019508E-19,0.002232));
#6430=CARTESIAN_POINT('',(0.0287335290132334,0.00733305398150532,0.002232));
#6431=CARTESIAN_POINT('',(0.0275561742646649,0.0109565793085898,0.002232));
#6432=CARTESIAN_POINT('',(-1.84527650669023E-18,-5.99566682019508E-19,0.00553155678841871));
#6433=CARTESIAN_POINT('',(0.0282031054624747,0.00916374445969188,0.00553155678841871));
#6434=CARTESIAN_POINT('',(-1.84527650669023E-18,-5.99566682019508E-19,0.00553155678841871));
#6435=CARTESIAN_POINT('',(-1.68029586509284E-18,-9.70119270029565E-19,0.002232));
#6436=CARTESIAN_POINT('',(0.0265810048127568,0.0131468457583634,0.002232));
#6437=CARTESIAN_POINT('',(0.0246760048127569,0.0164464025467821,0.002232));
#6438=CARTESIAN_POINT('',(-1.68029586509284E-18,-9.70119270029565E-19,0.00553155678841871));
#6439=CARTESIAN_POINT('',(0.0256815503365257,0.01482725,0.00553155678841871));
#6440=CARTESIAN_POINT('',(-1.68029586509284E-18,-9.70119270029565E-19,0.00553155678841871));
#6441=CARTESIAN_POINT('',(-1.44187823123676E-18,-1.29827299079059E-18,0.002232));
#6442=CARTESIAN_POINT('',(0.0232667631521502,0.0183860572900158,0.002232));
#6443=CARTESIAN_POINT('',(0.020717375541923,0.0212174390750847,0.002232));
#6444=CARTESIAN_POINT('',(-1.44187823123676E-18,-1.29827299079059E-18,0.00553155678841871));
#6445=CARTESIAN_POINT('',(0.0220375882271194,0.0198427335662687,0.00553155678841871));
#6446=CARTESIAN_POINT('',(-1.44187823123676E-18,-1.29827299079059E-18,0.00553155678841871));
#6447=CARTESIAN_POINT('',(-1.14044359977624E-18,-1.56968595204907E-18,0.002232));
#6448=CARTESIAN_POINT('',(0.018935652295478,0.0228217098920032,0.002232));
#6449=CARTESIAN_POINT('',(0.0158532975469095,0.0250611717032375,0.002232));
#6450=CARTESIAN_POINT('',(-1.14044359977624E-18,-1.56968595204907E-18,0.00553155678841871));
#6451=CARTESIAN_POINT('',(0.0174304777641071,0.0239909944596919,0.00553155678841871));
#6452=CARTESIAN_POINT('',(-1.14044359977624E-18,-1.56968595204907E-18,0.00553155678841871));
#6453=CARTESIAN_POINT('',(-7.89166110549943E-19,-1.77249610501413E-18,0.002232));
#6454=CARTESIAN_POINT('',(0.0137769625701527,0.0262599442609959,0.002232));
#6455=CARTESIAN_POINT('',(0.0102963543765344,0.0278096108711147,0.002232));
#6456=CARTESIAN_POINT('',(-7.89166110549943E-19,-1.77249610501413E-18,0.00553155678841871));
#6457=CARTESIAN_POINT('',(0.0120615717820913,0.0270907337736625,0.00553155678841871));
#6458=CARTESIAN_POINT('',(-7.89166110549943E-19,-1.77249610501413E-18,0.00553155678841871));
#6459=CARTESIAN_POINT('',(-4.03398275453476E-19,-1.8978396728101E-18,0.002232));
#6460=CARTESIAN_POINT('',(0.00801615347131052,0.02855049305659,0.002232));
#6461=CARTESIAN_POINT('',(0.00428941111251472,0.0293426365986057,0.002232));
#6462=CARTESIAN_POINT('',(-4.03398275453476E-19,-1.8978396728101E-18,0.00553155678841871));
#6463=CARTESIAN_POINT('',(0.00616551723535526,0.0290064780259606,0.00553155678841871));
#6464=CARTESIAN_POINT('',(-4.03398275453476E-19,-1.8978396728101E-18,0.00553155678841871));
#6465=CARTESIAN_POINT('',(0.0296501485030008,0.000508,0.01524));
#6466=CARTESIAN_POINT('',(0.0296501485030008,0.000508,0.003502));
#6467=CARTESIAN_POINT('',(0.0296501485030008,0.000508,0.008128));
#6468=CARTESIAN_POINT('',(0.,1.94023854005913E-18,0.008128));
#6469=CARTESIAN_POINT('',(0.000508,0.0296501485030008,0.008128));
#6470=CARTESIAN_POINT('',(0.000508,0.0296501485030008,0.01524));
#6471=CARTESIAN_POINT('',(0.000508,0.0296501485030008,0.00465167497817373));
#6472=CARTESIAN_POINT('',(-2.37610691766575E-34,-1.94023854005913E-18,0.00553155678841871));
#6473=CARTESIAN_POINT('',(0.001905,0.0295932483051456,0.002232));
#6474=CARTESIAN_POINT('',(-2.37610691766575E-34,-1.94023854005913E-18,0.002232));
#6475=CARTESIAN_POINT('',(0.000508,0.0296501485030008,0.002232));
#6476=CARTESIAN_POINT('',(0.000508,0.0296501485030008,0.01524));
#6477=CARTESIAN_POINT('',(0.000508,0.0296501485030008,0.002032));
#6478=CARTESIAN_POINT('',(0.,1.94023854005913E-18,0.002032));
#6479=CARTESIAN_POINT('',(0.0296501485030008,0.000508,0.002032));
#6480=CARTESIAN_POINT('',(0.0296501485030008,0.000508,0.01524));
#6481=CARTESIAN_POINT('',(0.0296501485030008,0.000508,0.002232));
#6482=CARTESIAN_POINT('',(-2.37610691766575E-34,-1.94023854005913E-18,0.002232));
#6483=CARTESIAN_POINT('',(0.0296370901785246,0.001016,0.002232));
#6484=CARTESIAN_POINT('',(0.0296370901785246,0.001016,0.01524));
#6485=CARTESIAN_POINT('',(0.0296370901785246,0.001016,0.003502));
#6486=CARTESIAN_POINT('',(-2.37610691766575E-34,-1.94023854005913E-18,0.003502));
#6487=CARTESIAN_POINT('',(-0.000508,0.,0.015242));
#6488=CARTESIAN_POINT('',(-0.000508,0.0291084,0.002232));
#6489=CARTESIAN_POINT('',(-0.000508,0.000652051496999206,0.002232));
#6490=CARTESIAN_POINT('',(-0.000508,0.0039540514969992,0.002232));
#6491=CARTESIAN_POINT('',(-0.000508,0.00460914337113163,0.00109734759037712));
#6492=CARTESIAN_POINT('',(-0.000508,0.00230305149699921,0.00509161588329622));
#6493=CARTESIAN_POINT('',(-0.000508,0.0133996338743672,0.024311460351271));
#6494=CARTESIAN_POINT('',(-0.000508,0.0339598,0.002232));
#6495=CARTESIAN_POINT('',(-0.000508,0.00550345149699921,0.002232));
#6496=CARTESIAN_POINT('',(-0.000508,0.00880545149699921,0.002232));
#6497=CARTESIAN_POINT('',(-0.000508,0.00946054337113163,0.00109734759037712));
#6498=CARTESIAN_POINT('',(-0.000508,0.00715445149699921,0.00509161588329622));
#6499=CARTESIAN_POINT('',(-0.000508,0.0182510338743672,0.024311460351271));
#6500=CARTESIAN_POINT('',(-0.000508,0.0388112,0.002232));
#6501=CARTESIAN_POINT('',(-0.000508,0.0103548514969992,0.002232));
#6502=CARTESIAN_POINT('',(-0.000508,0.0136568514969992,0.002232));
#6503=CARTESIAN_POINT('',(-0.000508,0.0143119433711316,0.00109734759037712));
#6504=CARTESIAN_POINT('',(-0.000508,0.0120058514969992,0.00509161588329622));
#6505=CARTESIAN_POINT('',(-0.000508,0.0231024338743672,0.024311460351271));
#6506=CARTESIAN_POINT('',(-0.000508,0.0436626,0.002232));
#6507=CARTESIAN_POINT('',(-0.000508,0.0152062514969992,0.002232));
#6508=CARTESIAN_POINT('',(-0.000508,0.0185082514969992,0.002232));
#6509=CARTESIAN_POINT('',(-0.000508,0.0191633433711316,0.00109734759037712));
#6510=CARTESIAN_POINT('',(-0.000508,0.0168572514969992,0.00509161588329622));
#6511=CARTESIAN_POINT('',(-0.000508,0.0279538338743672,0.024311460351271));
#6512=CARTESIAN_POINT('',(-0.000508,0.048514,0.002232));
#6513=CARTESIAN_POINT('',(-0.000508,0.0200576514969992,0.002232));
#6514=CARTESIAN_POINT('',(-0.000508,0.0233596514969992,0.002232));
#6515=CARTESIAN_POINT('',(-0.000508,0.0240147433711316,0.00109734759037712));
#6516=CARTESIAN_POINT('',(-0.000508,0.0217086514969992,0.00509161588329622));
#6517=CARTESIAN_POINT('',(-0.000508,0.0328052338743672,0.024311460351271));
#6518=CARTESIAN_POINT('',(-0.000508,0.0533654,0.002232));
#6519=CARTESIAN_POINT('',(-0.000508,0.0249090514969992,0.002232));
#6520=CARTESIAN_POINT('',(-0.000508,0.0282110514969992,0.002232));
#6521=CARTESIAN_POINT('',(-0.000508,0.0288661433711317,0.00109734759037712));
#6522=CARTESIAN_POINT('',(-0.000508,0.0265600514969992,0.00509161588329622));
#6523=CARTESIAN_POINT('',(-0.000508,0.0376566338743671,0.024311460351271));
#6524=CARTESIAN_POINT('',(-0.000508,0.,0.008128));
#6525=CARTESIAN_POINT('',(-0.000508,0.069596,0.00465167497817371));
#6526=CARTESIAN_POINT('',(-0.000508,0.0304165817797184,0.00465167497817372));
#6527=CARTESIAN_POINT('',(-0.000508,0.0304165817797184,0.015242));
#6528=CARTESIAN_POINT('',(-0.000508,0.0304165817797184,0.002232));
#6529=CARTESIAN_POINT('',(-0.000508,0.069596,0.002232));
#6530=CARTESIAN_POINT('',(-0.000508,0.,0.002032));
#6531=CARTESIAN_POINT('',(0.000508,0.,0.015242));
#6532=CARTESIAN_POINT('',(0.000508,0.0273855514969992,0.00366180794164811));
#6533=CARTESIAN_POINT('',(0.000508,0.0282110514969992,0.002232));
#6534=CARTESIAN_POINT('',(0.000508,0.0265600514969992,0.00509161588329622));
#6535=CARTESIAN_POINT('',(0.000508,0.0265600514969992,0.002232));
#6536=CARTESIAN_POINT('',(0.000508,0.0249090514969992,0.002232));
#6537=CARTESIAN_POINT('',(0.000508,0.0257345514969992,0.00366180794164811));
#6538=CARTESIAN_POINT('',(0.000508,0.0225341514969992,0.00366180794164811));
#6539=CARTESIAN_POINT('',(0.000508,0.0233596514969992,0.002232));
#6540=CARTESIAN_POINT('',(0.000508,0.0217086514969992,0.00509161588329622));
#6541=CARTESIAN_POINT('',(0.000508,0.0217086514969992,0.002232));
#6542=CARTESIAN_POINT('',(0.000508,0.0200576514969992,0.002232));
#6543=CARTESIAN_POINT('',(0.000508,0.0208831514969992,0.00366180794164811));
#6544=CARTESIAN_POINT('',(0.000508,0.0176827514969992,0.00366180794164811));
#6545=CARTESIAN_POINT('',(0.000508,0.0185082514969992,0.002232));
#6546=CARTESIAN_POINT('',(0.000508,0.0168572514969992,0.00509161588329622));
#6547=CARTESIAN_POINT('',(0.000508,0.0168572514969992,0.002232));
#6548=CARTESIAN_POINT('',(0.000508,0.0152062514969992,0.002232));
#6549=CARTESIAN_POINT('',(0.000508,0.0160317514969992,0.00366180794164811));
#6550=CARTESIAN_POINT('',(0.000508,0.0128313514969992,0.00366180794164811));
#6551=CARTESIAN_POINT('',(0.000508,0.0136568514969992,0.002232));
#6552=CARTESIAN_POINT('',(0.000508,0.0120058514969992,0.00509161588329622));
#6553=CARTESIAN_POINT('',(0.000508,0.0120058514969992,0.002232));
#6554=CARTESIAN_POINT('',(0.000508,0.0103548514969992,0.002232));
#6555=CARTESIAN_POINT('',(0.000508,0.0111803514969992,0.00366180794164811));
#6556=CARTESIAN_POINT('',(0.000508,0.00797995149699921,0.00366180794164811));
#6557=CARTESIAN_POINT('',(0.000508,0.00880545149699921,0.002232));
#6558=CARTESIAN_POINT('',(0.000508,0.00715445149699921,0.00509161588329622));
#6559=CARTESIAN_POINT('',(0.000508,0.00715445149699921,0.002232));
#6560=CARTESIAN_POINT('',(0.000508,0.00550345149699921,0.002232));
#6561=CARTESIAN_POINT('',(0.000508,0.00632895149699921,0.00366180794164811));
#6562=CARTESIAN_POINT('',(0.000508,0.00312855149699921,0.00366180794164811));
#6563=CARTESIAN_POINT('',(0.000508,0.0039540514969992,0.002232));
#6564=CARTESIAN_POINT('',(0.000508,0.00230305149699921,0.00509161588329622));
#6565=CARTESIAN_POINT('',(0.000508,0.00230305149699921,0.002232));
#6566=CARTESIAN_POINT('',(0.000508,0.000652051496999206,0.002232));
#6567=CARTESIAN_POINT('',(0.000508,0.00147755149699921,0.00366180794164811));
#6568=CARTESIAN_POINT('',(0.000508,0.,0.008128));
#6569=CARTESIAN_POINT('',(0.000508,0.000508,0.008128));
#6570=CARTESIAN_POINT('',(0.000508,0.000508,0.015242));
#6571=CARTESIAN_POINT('',(0.000508,0.000508,0.002032));
#6572=CARTESIAN_POINT('',(0.000508,0.,0.002032));
#6573=CARTESIAN_POINT('',(0.000508,0.069596,0.002232));
#6574=CARTESIAN_POINT('',(0.000508,0.0304165817797184,0.002232));
#6575=CARTESIAN_POINT('',(0.000508,0.0304165817797184,0.015242));
#6576=CARTESIAN_POINT('',(0.000508,0.0304165817797184,0.00465167497817373));
#6577=CARTESIAN_POINT('',(0.000508,0.069596,0.00465167497817374));
#6578=CARTESIAN_POINT('',(0.,1.94023854005913E-18,0.01524));
#6579=CARTESIAN_POINT('',(1.92960971032618E-18,2.02810152965056E-19,0.002232));
#6580=CARTESIAN_POINT('',(-0.0296302601170622,-0.00119877255775838,0.002232));
#6581=CARTESIAN_POINT('',(-0.0292320066720125,-0.0049879009791115,0.002232));
#6582=CARTESIAN_POINT('',(1.92960971032618E-18,2.02810152965056E-19,0.00553155678841871));
#6583=CARTESIAN_POINT('',(-0.0294920495461985,-0.00309973931397061,0.00553155678841871));
#6584=CARTESIAN_POINT('',(1.92960971032618E-18,2.02810152965056E-19,0.00553155678841871));
#6585=CARTESIAN_POINT('',(1.84527650669023E-18,5.99566682019508E-19,0.002232));
#6586=CARTESIAN_POINT('',(-0.0287335290132334,-0.00733305398150531,0.002232));
#6587=CARTESIAN_POINT('',(-0.0275561742646649,-0.0109565793085898,0.002232));
#6588=CARTESIAN_POINT('',(1.84527650669023E-18,5.99566682019508E-19,0.00553155678841871));
#6589=CARTESIAN_POINT('',(-0.0282031054624747,-0.00916374445969187,0.00553155678841871));
#6590=CARTESIAN_POINT('',(1.84527650669023E-18,5.99566682019508E-19,0.00553155678841871));
#6591=CARTESIAN_POINT('',(1.68029586509284E-18,9.70119270029564E-19,0.002232));
#6592=CARTESIAN_POINT('',(-0.0265810048127568,-0.0131468457583634,0.002232));
#6593=CARTESIAN_POINT('',(-0.0246760048127569,-0.0164464025467821,0.002232));
#6594=CARTESIAN_POINT('',(1.68029586509284E-18,9.70119270029564E-19,0.00553155678841871));
#6595=CARTESIAN_POINT('',(-0.0256815503365257,-0.01482725,0.00553155678841871));
#6596=CARTESIAN_POINT('',(1.68029586509284E-18,9.70119270029564E-19,0.00553155678841871));
#6597=CARTESIAN_POINT('',(1.44187823123676E-18,1.29827299079059E-18,0.002232));
#6598=CARTESIAN_POINT('',(-0.0232667631521502,-0.0183860572900158,0.002232));
#6599=CARTESIAN_POINT('',(-0.020717375541923,-0.0212174390750847,0.002232));
#6600=CARTESIAN_POINT('',(1.44187823123676E-18,1.29827299079059E-18,0.00553155678841871));
#6601=CARTESIAN_POINT('',(-0.0220375882271194,-0.0198427335662687,0.00553155678841871));
#6602=CARTESIAN_POINT('',(1.44187823123676E-18,1.29827299079059E-18,0.00553155678841871));
#6603=CARTESIAN_POINT('',(1.14044359977624E-18,1.56968595204907E-18,0.002232));
#6604=CARTESIAN_POINT('',(-0.018935652295478,-0.0228217098920032,0.002232));
#6605=CARTESIAN_POINT('',(-0.0158532975469095,-0.0250611717032375,0.002232));
#6606=CARTESIAN_POINT('',(1.14044359977624E-18,1.56968595204907E-18,0.00553155678841871));
#6607=CARTESIAN_POINT('',(-0.0174304777641071,-0.0239909944596919,0.00553155678841871));
#6608=CARTESIAN_POINT('',(1.14044359977624E-18,1.56968595204907E-18,0.00553155678841871));
#6609=CARTESIAN_POINT('',(7.89166110549944E-19,1.77249610501413E-18,0.002232));
#6610=CARTESIAN_POINT('',(-0.0137769625701527,-0.0262599442609959,0.002232));
#6611=CARTESIAN_POINT('',(-0.0102963543765344,-0.0278096108711147,0.002232));
#6612=CARTESIAN_POINT('',(7.89166110549944E-19,1.77249610501413E-18,0.00553155678841871));
#6613=CARTESIAN_POINT('',(-0.0120615717820913,-0.0270907337736625,0.00553155678841871));
#6614=CARTESIAN_POINT('',(7.89166110549944E-19,1.77249610501413E-18,0.00553155678841871));
#6615=CARTESIAN_POINT('',(4.03398275453476E-19,1.8978396728101E-18,0.002232));
#6616=CARTESIAN_POINT('',(-0.00801615347131052,-0.02855049305659,0.002232));
#6617=CARTESIAN_POINT('',(-0.00428941111251472,-0.0293426365986057,0.002232));
#6618=CARTESIAN_POINT('',(4.03398275453476E-19,1.8978396728101E-18,0.00553155678841871));
#6619=CARTESIAN_POINT('',(-0.00616551723535526,-0.0290064780259606,0.00553155678841871));
#6620=CARTESIAN_POINT('',(4.03398275453476E-19,1.8978396728101E-18,0.00553155678841871));
#6621=CARTESIAN_POINT('',(0.,1.94023854005913E-18,0.008128));
#6622=CARTESIAN_POINT('',(-0.000508,-0.0296501485030008,0.008128));
#6623=CARTESIAN_POINT('',(-0.000508,-0.0296501485030008,0.01524));
#6624=CARTESIAN_POINT('',(-0.000508,-0.0296501485030008,0.00465167497817372));
#6625=CARTESIAN_POINT('',(0.,1.94023854005913E-18,0.00553155678841871));
#6626=CARTESIAN_POINT('',(-0.001905,-0.0295932483051456,0.002232));
#6627=CARTESIAN_POINT('',(0.,1.94023854005913E-18,0.002232));
#6628=CARTESIAN_POINT('',(-0.000508,-0.0296501485030008,0.002232));
#6629=CARTESIAN_POINT('',(-0.000508,-0.0296501485030008,0.01524));
#6630=CARTESIAN_POINT('',(-0.000508,-0.0296501485030008,0.002032));
#6631=CARTESIAN_POINT('',(0.,1.94023854005913E-18,0.002032));
#6632=CARTESIAN_POINT('',(0.,1.94023854005913E-18,0.002232));
#6633=CARTESIAN_POINT('',(-0.0296370901785246,-0.001016,0.002232));
#6634=CARTESIAN_POINT('',(-0.0296370901785246,-0.001016,0.01524));
#6635=CARTESIAN_POINT('',(-0.0296370901785246,-0.001016,0.003502));
#6636=CARTESIAN_POINT('',(0.,1.94023854005913E-18,0.003502));
#6637=CARTESIAN_POINT('',(0.,1.94023854005913E-18,0.01524));
#6638=CARTESIAN_POINT('',(0.,1.94023854005913E-18,0.000832));
#6639=CARTESIAN_POINT('',(0.0316865,1.94023854005913E-18,0.000832));
#6640=CARTESIAN_POINT('',(-2.37610691766575E-34,-1.94023854005913E-18,0.002232));
#6641=CARTESIAN_POINT('',(0.0316702072340867,-0.001016,0.002232));
#6642=CARTESIAN_POINT('',(0.0316702072340867,0.001016,0.002232));
#6643=CARTESIAN_POINT('',(0.0316702072340867,-0.001016,0.01524));
#6644=CARTESIAN_POINT('',(0.0316702072340867,-0.001016,0.003502));
#6645=CARTESIAN_POINT('',(-2.37610691766575E-34,-1.94023854005913E-18,0.003502));
#6646=CARTESIAN_POINT('',(0.0316702072340867,0.001016,0.003502));
#6647=CARTESIAN_POINT('',(0.0316702072340867,0.001016,0.01524));
#6648=CARTESIAN_POINT('',(0.,1.94023854005913E-18,0.002232));
#6649=CARTESIAN_POINT('',(-0.0316702072340867,0.001016,0.002232));
#6650=CARTESIAN_POINT('',(-0.0316702072340867,-0.001016,0.002232));
#6651=CARTESIAN_POINT('',(-0.0316702072340867,0.001016,0.01524));
#6652=CARTESIAN_POINT('',(-0.0316702072340867,0.001016,0.003502));
#6653=CARTESIAN_POINT('',(0.,1.94023854005913E-18,0.003502));
#6654=CARTESIAN_POINT('',(-0.0316702072340867,-0.001016,0.003502));
#6655=CARTESIAN_POINT('',(-0.0316702072340867,-0.001016,0.01524));
#6656=CARTESIAN_POINT('',(4.03398275453476E-19,1.8978396728101E-18,0.00553155678841871));
#6657=CARTESIAN_POINT('',(-0.00471270586879297,-0.0313340818541767,0.002232));
#6658=CARTESIAN_POINT('',(-0.00658799379109695,-0.0309940739506517,0.00553155678841871));
#6659=CARTESIAN_POINT('',(4.03398275453476E-19,1.8978396728101E-18,0.002232));
#6660=CARTESIAN_POINT('',(-0.00843944822758877,-0.0305419383121611,0.002232));
#6661=CARTESIAN_POINT('',(4.03398275453476E-19,1.8978396728101E-18,0.00553155678841871));
#6662=CARTESIAN_POINT('',(7.89166110549944E-19,1.77249610501413E-18,0.00553155678841871));
#6663=CARTESIAN_POINT('',(-0.0111244438770479,-0.0296695303413521,0.002232));
#6664=CARTESIAN_POINT('',(-0.0128880606408214,-0.0289470581435923,0.00553155678841871));
#6665=CARTESIAN_POINT('',(7.89166110549944E-19,1.77249610501413E-18,0.002232));
#6666=CARTESIAN_POINT('',(-0.0146050520706662,-0.0281198637312333,0.002232));
#6667=CARTESIAN_POINT('',(7.89166110549944E-19,1.77249610501413E-18,0.00553155678841871));
#6668=CARTESIAN_POINT('',(1.14044359977624E-18,1.56968595204907E-18,0.00553155678841871));
#6669=CARTESIAN_POINT('',(-0.0170499903068716,-0.0267082779824081,0.002232));
#6670=CARTESIAN_POINT('',(-0.0186248573967654,-0.0256349169922618,0.00553155678841871));
#6671=CARTESIAN_POINT('',(1.14044359977624E-18,1.56968595204907E-18,0.002232));
#6672=CARTESIAN_POINT('',(-0.0201323450554401,-0.0244688161711738,0.002232));
#6673=CARTESIAN_POINT('',(1.14044359977624E-18,1.56968595204907E-18,0.00553155678841871));
#6674=CARTESIAN_POINT('',(1.44187823123676E-18,1.29827299079059E-18,0.00553155678841871));
#6675=CARTESIAN_POINT('',(-0.0222303703453543,-0.0225797457150959,0.002232));
#6676=CARTESIAN_POINT('',(-0.0235476585124894,-0.0212024069583899,0.00553155678841871));
#6677=CARTESIAN_POINT('',(1.44187823123676E-18,1.29827299079059E-18,0.002232));
#6678=CARTESIAN_POINT('',(-0.0247797579555816,-0.019748363930027,0.002232));
#6679=CARTESIAN_POINT('',(1.44187823123676E-18,1.29827299079059E-18,0.00553155678841871));
#6680=CARTESIAN_POINT('',(1.68029586509284E-18,9.70119270029564E-19,0.00553155678841871));
#6681=CARTESIAN_POINT('',(-0.0264391765265929,-0.0174643702103929,0.002232));
#6682=CARTESIAN_POINT('',(-0.0274413139570156,-0.01584325,0.00553155678841871));
#6683=CARTESIAN_POINT('',(1.68029586509284E-18,9.70119270029564E-19,0.002232));
#6684=CARTESIAN_POINT('',(-0.0283441765265929,-0.0141648134219742,0.002232));
#6685=CARTESIAN_POINT('',(1.68029586509284E-18,9.70119270029564E-19,0.00553155678841871));
#6686=CARTESIAN_POINT('',(1.84527650669023E-18,5.99566682019508E-19,0.00553155678841871));
#6687=CARTESIAN_POINT('',(-0.0294924638243745,-0.0115857179241496,0.002232));
#6688=CARTESIAN_POINT('',(-0.0301356523035864,-0.00979166699226177,0.00553155678841871));
#6689=CARTESIAN_POINT('',(1.84527650669023E-18,5.99566682019508E-19,0.002232));
#6690=CARTESIAN_POINT('',(-0.0306698185729431,-0.0079621925970651,0.002232));
#6691=CARTESIAN_POINT('',(1.84527650669023E-18,5.99566682019508E-19,0.00553155678841871));
#6692=CARTESIAN_POINT('',(1.92960971032618E-18,2.02810152965056E-19,0.00553155678841871));
#6693=CARTESIAN_POINT('',(-0.031256788932488,-0.0052007141701783,0.002232));
#6694=CARTESIAN_POINT('',(-0.0315129180375868,-0.00331214115133049,0.00553155678841871));
#6695=CARTESIAN_POINT('',(1.92960971032618E-18,2.02810152965056E-19,0.002232));
#6696=CARTESIAN_POINT('',(-0.0316550423775378,-0.00141158574882518,0.002232));
#6697=CARTESIAN_POINT('',(1.92960971032618E-18,2.02810152965056E-19,0.00553155678841871));
#6698=CARTESIAN_POINT('',(1.92960971032618E-18,-2.02810152965058E-19,0.00553155678841871));
#6699=CARTESIAN_POINT('',(-0.0316550423775378,0.00141158574882522,0.002232));
#6700=CARTESIAN_POINT('',(-0.0315129180375868,0.00331214115133053,0.00553155678841871));
#6701=CARTESIAN_POINT('',(1.92960971032618E-18,-2.02810152965058E-19,0.002232));
#6702=CARTESIAN_POINT('',(-0.031256788932488,0.00520071417017834,0.002232));
#6703=CARTESIAN_POINT('',(1.92960971032618E-18,-2.02810152965058E-19,0.00553155678841871));
#6704=CARTESIAN_POINT('',(1.84527650669023E-18,-5.99566682019509E-19,0.00553155678841871));
#6705=CARTESIAN_POINT('',(-0.0306698185729431,0.00796219259706511,0.002232));
#6706=CARTESIAN_POINT('',(-0.0301356523035864,0.00979166699226178,0.00553155678841871));
#6707=CARTESIAN_POINT('',(1.84527650669023E-18,-5.99566682019509E-19,0.002232));
#6708=CARTESIAN_POINT('',(-0.0294924638243745,0.0115857179241496,0.002232));
#6709=CARTESIAN_POINT('',(1.84527650669023E-18,-5.99566682019509E-19,0.00553155678841871));
#6710=CARTESIAN_POINT('',(1.68029586509284E-18,-9.70119270029566E-19,0.00553155678841871));
#6711=CARTESIAN_POINT('',(-0.0283441765265929,0.0141648134219742,0.002232));
#6712=CARTESIAN_POINT('',(-0.0274413139570156,0.01584325,0.00553155678841871));
#6713=CARTESIAN_POINT('',(1.68029586509284E-18,-9.70119270029566E-19,0.002232));
#6714=CARTESIAN_POINT('',(-0.0264391765265929,0.0174643702103929,0.002232));
#6715=CARTESIAN_POINT('',(1.68029586509284E-18,-9.70119270029566E-19,0.00553155678841871));
#6716=CARTESIAN_POINT('',(1.44187823123676E-18,-1.29827299079059E-18,0.00553155678841871));
#6717=CARTESIAN_POINT('',(-0.0247797579555816,0.019748363930027,0.002232));
#6718=CARTESIAN_POINT('',(-0.0235476585124894,0.0212024069583899,0.00553155678841871));
#6719=CARTESIAN_POINT('',(1.44187823123676E-18,-1.29827299079059E-18,0.002232));
#6720=CARTESIAN_POINT('',(-0.0222303703453543,0.0225797457150959,0.002232));
#6721=CARTESIAN_POINT('',(1.44187823123676E-18,-1.29827299079059E-18,0.00553155678841871));
#6722=CARTESIAN_POINT('',(1.14044359977624E-18,-1.56968595204907E-18,0.00553155678841871));
#6723=CARTESIAN_POINT('',(-0.0201323450554401,0.0244688161711738,0.002232));
#6724=CARTESIAN_POINT('',(-0.0186248573967654,0.0256349169922618,0.00553155678841871));
#6725=CARTESIAN_POINT('',(1.14044359977624E-18,-1.56968595204907E-18,0.002232));
#6726=CARTESIAN_POINT('',(-0.0170499903068716,0.0267082779824081,0.002232));
#6727=CARTESIAN_POINT('',(1.14044359977624E-18,-1.56968595204907E-18,0.00553155678841871));
#6728=CARTESIAN_POINT('',(7.89166110549942E-19,-1.77249610501413E-18,0.00553155678841871));
#6729=CARTESIAN_POINT('',(-0.0146050520706662,0.0281198637312333,0.002232));
#6730=CARTESIAN_POINT('',(-0.0128880606408213,0.0289470581435923,0.00553155678841871));
#6731=CARTESIAN_POINT('',(7.89166110549942E-19,-1.77249610501413E-18,0.002232));
#6732=CARTESIAN_POINT('',(-0.0111244438770479,0.0296695303413521,0.002232));
#6733=CARTESIAN_POINT('',(7.89166110549942E-19,-1.77249610501413E-18,0.00553155678841871));
#6734=CARTESIAN_POINT('',(4.03398275453474E-19,-1.8978396728101E-18,0.00553155678841871));
#6735=CARTESIAN_POINT('',(-0.00843944822758874,0.0305419383121611,0.002232));
#6736=CARTESIAN_POINT('',(-0.00658799379109692,0.0309940739506517,0.00553155678841871));
#6737=CARTESIAN_POINT('',(4.03398275453474E-19,-1.8978396728101E-18,0.002232));
#6738=CARTESIAN_POINT('',(-0.00471270586879294,0.0313340818541767,0.002232));
#6739=CARTESIAN_POINT('',(4.03398275453474E-19,-1.8978396728101E-18,0.00553155678841871));
#6740=CARTESIAN_POINT('',(-2.37610691766575E-34,-1.94023854005913E-18,0.00553155678841871));
#6741=CARTESIAN_POINT('',(-0.001905,0.0316291836323671,0.002232));
#6742=CARTESIAN_POINT('',(4.96467925260377E-18,0.0316865,0.00553155678841871));
#6743=CARTESIAN_POINT('',(-2.37610691766575E-34,-1.94023854005913E-18,0.002232));
#6744=CARTESIAN_POINT('',(0.001905,0.0316291836323671,0.002232));
#6745=CARTESIAN_POINT('',(-2.37610691766575E-34,-1.94023854005913E-18,0.00553155678841871));
#6746=CARTESIAN_POINT('',(-4.03398275453476E-19,-1.8978396728101E-18,0.00553155678841871));
#6747=CARTESIAN_POINT('',(0.00471270586879296,0.0313340818541767,0.002232));
#6748=CARTESIAN_POINT('',(0.00658799379109695,0.0309940739506517,0.00553155678841871));
#6749=CARTESIAN_POINT('',(-4.03398275453476E-19,-1.8978396728101E-18,0.002232));
#6750=CARTESIAN_POINT('',(0.00843944822758876,0.0305419383121611,0.002232));
#6751=CARTESIAN_POINT('',(-4.03398275453476E-19,-1.8978396728101E-18,0.00553155678841871));
#6752=CARTESIAN_POINT('',(-7.89166110549943E-19,-1.77249610501413E-18,0.00553155678841871));
#6753=CARTESIAN_POINT('',(0.0111244438770479,0.0296695303413521,0.002232));
#6754=CARTESIAN_POINT('',(0.0128880606408214,0.0289470581435923,0.00553155678841871));
#6755=CARTESIAN_POINT('',(-7.89166110549943E-19,-1.77249610501413E-18,0.002232));
#6756=CARTESIAN_POINT('',(0.0146050520706662,0.0281198637312333,0.002232));
#6757=CARTESIAN_POINT('',(-7.89166110549943E-19,-1.77249610501413E-18,0.00553155678841871));
#6758=CARTESIAN_POINT('',(-1.14044359977624E-18,-1.56968595204907E-18,0.00553155678841871));
#6759=CARTESIAN_POINT('',(0.0170499903068716,0.0267082779824081,0.002232));
#6760=CARTESIAN_POINT('',(0.0186248573967654,0.0256349169922618,0.00553155678841871));
#6761=CARTESIAN_POINT('',(-1.14044359977624E-18,-1.56968595204907E-18,0.002232));
#6762=CARTESIAN_POINT('',(0.0201323450554401,0.0244688161711738,0.002232));
#6763=CARTESIAN_POINT('',(-1.14044359977624E-18,-1.56968595204907E-18,0.00553155678841871));
#6764=CARTESIAN_POINT('',(-1.44187823123676E-18,-1.29827299079059E-18,0.00553155678841871));
#6765=CARTESIAN_POINT('',(0.0222303703453543,0.0225797457150959,0.002232));
#6766=CARTESIAN_POINT('',(0.0235476585124894,0.0212024069583899,0.00553155678841871));
#6767=CARTESIAN_POINT('',(-1.44187823123676E-18,-1.29827299079059E-18,0.002232));
#6768=CARTESIAN_POINT('',(0.0247797579555816,0.019748363930027,0.002232));
#6769=CARTESIAN_POINT('',(-1.44187823123676E-18,-1.29827299079059E-18,0.00553155678841871));
#6770=CARTESIAN_POINT('',(-1.68029586509284E-18,-9.70119270029565E-19,0.00553155678841871));
#6771=CARTESIAN_POINT('',(0.0264391765265929,0.0174643702103929,0.002232));
#6772=CARTESIAN_POINT('',(0.0274413139570156,0.01584325,0.00553155678841871));
#6773=CARTESIAN_POINT('',(-1.68029586509284E-18,-9.70119270029565E-19,0.002232));
#6774=CARTESIAN_POINT('',(0.0283441765265929,0.0141648134219742,0.002232));
#6775=CARTESIAN_POINT('',(-1.68029586509284E-18,-9.70119270029565E-19,0.00553155678841871));
#6776=CARTESIAN_POINT('',(-1.84527650669023E-18,-5.99566682019508E-19,0.00553155678841871));
#6777=CARTESIAN_POINT('',(0.0294924638243745,0.0115857179241496,0.002232));
#6778=CARTESIAN_POINT('',(0.0301356523035864,0.00979166699226177,0.00553155678841871));
#6779=CARTESIAN_POINT('',(-1.84527650669023E-18,-5.99566682019508E-19,0.002232));
#6780=CARTESIAN_POINT('',(0.0306698185729431,0.0079621925970651,0.002232));
#6781=CARTESIAN_POINT('',(-1.84527650669023E-18,-5.99566682019508E-19,0.00553155678841871));
#6782=CARTESIAN_POINT('',(-1.92960971032618E-18,-2.02810152965056E-19,0.00553155678841871));
#6783=CARTESIAN_POINT('',(0.031256788932488,0.00520071417017831,0.002232));
#6784=CARTESIAN_POINT('',(0.0315129180375868,0.0033121411513305,0.00553155678841871));
#6785=CARTESIAN_POINT('',(-1.92960971032618E-18,-2.02810152965056E-19,0.002232));
#6786=CARTESIAN_POINT('',(0.0316550423775378,0.00141158574882519,0.002232));
#6787=CARTESIAN_POINT('',(-1.92960971032618E-18,-2.02810152965056E-19,0.00553155678841871));
#6788=CARTESIAN_POINT('',(-1.92960971032618E-18,2.02810152965057E-19,0.00553155678841871));
#6789=CARTESIAN_POINT('',(0.0316550423775378,-0.0014115857488252,0.002232));
#6790=CARTESIAN_POINT('',(0.0315129180375868,-0.00331214115133051,0.00553155678841871));
#6791=CARTESIAN_POINT('',(-1.92960971032618E-18,2.02810152965057E-19,0.002232));
#6792=CARTESIAN_POINT('',(0.031256788932488,-0.00520071417017832,0.002232));
#6793=CARTESIAN_POINT('',(-1.92960971032618E-18,2.02810152965057E-19,0.00553155678841871));
#6794=CARTESIAN_POINT('',(-1.84527650669023E-18,5.99566682019509E-19,0.00553155678841871));
#6795=CARTESIAN_POINT('',(0.0306698185729431,-0.00796219259706511,0.002232));
#6796=CARTESIAN_POINT('',(0.0301356523035864,-0.00979166699226178,0.00553155678841871));
#6797=CARTESIAN_POINT('',(-1.84527650669023E-18,5.99566682019509E-19,0.002232));
#6798=CARTESIAN_POINT('',(0.0294924638243745,-0.0115857179241496,0.002232));
#6799=CARTESIAN_POINT('',(-1.84527650669023E-18,5.99566682019509E-19,0.00553155678841871));
#6800=CARTESIAN_POINT('',(-1.68029586509284E-18,9.70119270029565E-19,0.00553155678841871));
#6801=CARTESIAN_POINT('',(0.0283441765265929,-0.0141648134219742,0.002232));
#6802=CARTESIAN_POINT('',(0.0274413139570156,-0.01584325,0.00553155678841871));
#6803=CARTESIAN_POINT('',(-1.68029586509284E-18,9.70119270029565E-19,0.002232));
#6804=CARTESIAN_POINT('',(0.0264391765265929,-0.0174643702103929,0.002232));
#6805=CARTESIAN_POINT('',(-1.68029586509284E-18,9.70119270029565E-19,0.00553155678841871));
#6806=CARTESIAN_POINT('',(-1.44187823123676E-18,1.29827299079059E-18,0.00553155678841871));
#6807=CARTESIAN_POINT('',(0.0247797579555816,-0.019748363930027,0.002232));
#6808=CARTESIAN_POINT('',(0.0235476585124894,-0.0212024069583899,0.00553155678841871));
#6809=CARTESIAN_POINT('',(-1.44187823123676E-18,1.29827299079059E-18,0.002232));
#6810=CARTESIAN_POINT('',(0.0222303703453543,-0.0225797457150959,0.002232));
#6811=CARTESIAN_POINT('',(-1.44187823123676E-18,1.29827299079059E-18,0.00553155678841871));
#6812=CARTESIAN_POINT('',(-1.14044359977624E-18,1.56968595204907E-18,0.00553155678841871));
#6813=CARTESIAN_POINT('',(0.0201323450554401,-0.0244688161711738,0.002232));
#6814=CARTESIAN_POINT('',(0.0186248573967654,-0.0256349169922618,0.00553155678841871));
#6815=CARTESIAN_POINT('',(-1.14044359977624E-18,1.56968595204907E-18,0.002232));
#6816=CARTESIAN_POINT('',(0.0170499903068716,-0.0267082779824081,0.002232));
#6817=CARTESIAN_POINT('',(-1.14044359977624E-18,1.56968595204907E-18,0.00553155678841871));
#6818=CARTESIAN_POINT('',(-7.89166110549942E-19,1.77249610501413E-18,0.00553155678841871));
#6819=CARTESIAN_POINT('',(0.0146050520706662,-0.0281198637312333,0.002232));
#6820=CARTESIAN_POINT('',(0.0128880606408213,-0.0289470581435923,0.00553155678841871));
#6821=CARTESIAN_POINT('',(-7.89166110549942E-19,1.77249610501413E-18,0.002232));
#6822=CARTESIAN_POINT('',(0.0111244438770479,-0.0296695303413521,0.002232));
#6823=CARTESIAN_POINT('',(-7.89166110549942E-19,1.77249610501413E-18,0.00553155678841871));
#6824=CARTESIAN_POINT('',(-4.03398275453475E-19,1.8978396728101E-18,0.00553155678841871));
#6825=CARTESIAN_POINT('',(0.00843944822758875,-0.0305419383121611,0.002232));
#6826=CARTESIAN_POINT('',(0.00658799379109693,-0.0309940739506517,0.00553155678841871));
#6827=CARTESIAN_POINT('',(-4.03398275453475E-19,1.8978396728101E-18,0.002232));
#6828=CARTESIAN_POINT('',(0.00471270586879295,-0.0313340818541767,0.002232));
#6829=CARTESIAN_POINT('',(-4.03398275453475E-19,1.8978396728101E-18,0.00553155678841871));
#6830=CARTESIAN_POINT('',(0.,1.94023854005913E-18,0.00553155678841871));
#6831=CARTESIAN_POINT('',(0.001905,-0.0316291836323671,0.002232));
#6832=CARTESIAN_POINT('',(-1.0842021724855E-18,-0.0316865,0.00553155678841871));
#6833=CARTESIAN_POINT('',(0.,1.94023854005913E-18,0.002232));
#6834=CARTESIAN_POINT('',(-0.001905,-0.0316291836323671,0.002232));
#6835=CARTESIAN_POINT('',(0.,1.94023854005913E-18,0.00553155678841871));
#6836=CARTESIAN_POINT('',(0.,1.94023854005913E-18,0.008128));
#6837=CARTESIAN_POINT('',(0.0316865,1.94023854005913E-18,0.008128));
#6838=CARTESIAN_POINT('',(0.,1.94023854005913E-18,0.01524));
#6839=CARTESIAN_POINT('',(-1.92960971032618E-18,2.02810152965057E-19,0.002232));
#6840=CARTESIAN_POINT('',(0.0292320066720124,-0.00498790097911152,0.002232));
#6841=CARTESIAN_POINT('',(0.0296302601170622,-0.0011987725577584,0.002232));
#6842=CARTESIAN_POINT('',(-1.92960971032618E-18,2.02810152965057E-19,0.00553155678841871));
#6843=CARTESIAN_POINT('',(0.0294920495461985,-0.00309973931397064,0.00553155678841871));
#6844=CARTESIAN_POINT('',(-1.92960971032618E-18,2.02810152965057E-19,0.00553155678841871));
#6845=CARTESIAN_POINT('',(-1.84527650669023E-18,5.99566682019509E-19,0.002232));
#6846=CARTESIAN_POINT('',(0.0275561742646649,-0.0109565793085898,0.002232));
#6847=CARTESIAN_POINT('',(0.0287335290132334,-0.00733305398150532,0.002232));
#6848=CARTESIAN_POINT('',(-1.84527650669023E-18,5.99566682019509E-19,0.00553155678841871));
#6849=CARTESIAN_POINT('',(0.0282031054624747,-0.00916374445969188,0.00553155678841871));
#6850=CARTESIAN_POINT('',(-1.84527650669023E-18,5.99566682019509E-19,0.00553155678841871));
#6851=CARTESIAN_POINT('',(-1.68029586509284E-18,9.70119270029565E-19,0.002232));
#6852=CARTESIAN_POINT('',(0.0246760048127569,-0.0164464025467821,0.002232));
#6853=CARTESIAN_POINT('',(0.0265810048127568,-0.0131468457583634,0.002232));
#6854=CARTESIAN_POINT('',(-1.68029586509284E-18,9.70119270029565E-19,0.00553155678841871));
#6855=CARTESIAN_POINT('',(0.0256815503365257,-0.01482725,0.00553155678841871));
#6856=CARTESIAN_POINT('',(-1.68029586509284E-18,9.70119270029565E-19,0.00553155678841871));
#6857=CARTESIAN_POINT('',(-1.44187823123676E-18,1.29827299079059E-18,0.002232));
#6858=CARTESIAN_POINT('',(0.020717375541923,-0.0212174390750847,0.002232));
#6859=CARTESIAN_POINT('',(0.0232667631521502,-0.0183860572900158,0.002232));
#6860=CARTESIAN_POINT('',(-1.44187823123676E-18,1.29827299079059E-18,0.00553155678841871));
#6861=CARTESIAN_POINT('',(0.0220375882271194,-0.0198427335662687,0.00553155678841871));
#6862=CARTESIAN_POINT('',(-1.44187823123676E-18,1.29827299079059E-18,0.00553155678841871));
#6863=CARTESIAN_POINT('',(-1.14044359977624E-18,1.56968595204907E-18,0.002232));
#6864=CARTESIAN_POINT('',(0.0158532975469095,-0.0250611717032375,0.002232));
#6865=CARTESIAN_POINT('',(0.018935652295478,-0.0228217098920032,0.002232));
#6866=CARTESIAN_POINT('',(-1.14044359977624E-18,1.56968595204907E-18,0.00553155678841871));
#6867=CARTESIAN_POINT('',(0.0174304777641071,-0.0239909944596919,0.00553155678841871));
#6868=CARTESIAN_POINT('',(-1.14044359977624E-18,1.56968595204907E-18,0.00553155678841871));
#6869=CARTESIAN_POINT('',(-7.89166110549942E-19,1.77249610501413E-18,0.002232));
#6870=CARTESIAN_POINT('',(0.0102963543765344,-0.0278096108711147,0.002232));
#6871=CARTESIAN_POINT('',(0.0137769625701527,-0.0262599442609959,0.002232));
#6872=CARTESIAN_POINT('',(-7.89166110549942E-19,1.77249610501413E-18,0.00553155678841871));
#6873=CARTESIAN_POINT('',(0.0120615717820913,-0.0270907337736625,0.00553155678841871));
#6874=CARTESIAN_POINT('',(-7.89166110549942E-19,1.77249610501413E-18,0.00553155678841871));
#6875=CARTESIAN_POINT('',(-4.03398275453475E-19,1.8978396728101E-18,0.002232));
#6876=CARTESIAN_POINT('',(0.0042894111125147,-0.0293426365986057,0.002232));
#6877=CARTESIAN_POINT('',(0.0080161534713105,-0.02855049305659,0.002232));
#6878=CARTESIAN_POINT('',(-4.03398275453475E-19,1.8978396728101E-18,0.00553155678841871));
#6879=CARTESIAN_POINT('',(0.00616551723535525,-0.0290064780259606,0.00553155678841871));
#6880=CARTESIAN_POINT('',(-4.03398275453475E-19,1.8978396728101E-18,0.00553155678841871));
#6881=CARTESIAN_POINT('',(0.000508,-0.0296501485030008,0.01524));
#6882=CARTESIAN_POINT('',(0.000508,-0.0296501485030008,0.008128));
#6883=CARTESIAN_POINT('',(0.000508,-0.0296501485030008,0.00465167497817372));
#6884=CARTESIAN_POINT('',(0.,1.94023854005913E-18,0.008128));
#6885=CARTESIAN_POINT('',(0.0296501485030008,-0.000508,0.008128));
#6886=CARTESIAN_POINT('',(0.0296501485030008,-0.000508,0.01524));
#6887=CARTESIAN_POINT('',(0.0296501485030008,-0.000508,0.003502));
#6888=CARTESIAN_POINT('',(-2.37610691766575E-34,-1.94023854005913E-18,0.003502));
#6889=CARTESIAN_POINT('',(0.0296370901785246,-0.001016,0.003502));
#6890=CARTESIAN_POINT('',(0.0296370901785246,-0.001016,0.01524));
#6891=CARTESIAN_POINT('',(0.0296370901785246,-0.001016,0.002232));
#6892=CARTESIAN_POINT('',(-2.37610691766575E-34,-1.94023854005913E-18,0.002232));
#6893=CARTESIAN_POINT('',(0.0296501485030008,-0.000508,0.002232));
#6894=CARTESIAN_POINT('',(0.0296501485030008,-0.000508,0.01524));
#6895=CARTESIAN_POINT('',(0.0296501485030008,-0.000508,0.002032));
#6896=CARTESIAN_POINT('',(0.,1.94023854005913E-18,0.002032));
#6897=CARTESIAN_POINT('',(0.000508,-0.0296501485030008,0.002032));
#6898=CARTESIAN_POINT('',(0.000508,-0.0296501485030008,0.01524));
#6899=CARTESIAN_POINT('',(0.000508,-0.0296501485030008,0.002232));
#6900=CARTESIAN_POINT('',(0.,1.94023854005913E-18,0.002232));
#6901=CARTESIAN_POINT('',(0.001905,-0.0295932483051456,0.002232));
#6902=CARTESIAN_POINT('',(0.,1.94023854005913E-18,0.00553155678841871));
#6903=CARTESIAN_POINT('',(-0.000508,0.,0.015242));
#6904=CARTESIAN_POINT('',(-0.000508,0.,0.002232));
#6905=CARTESIAN_POINT('',(-0.000508,-0.0284563485030008,0.002232));
#6906=CARTESIAN_POINT('',(-0.000508,-0.0251543485030008,0.002232));
#6907=CARTESIAN_POINT('',(-0.000508,-0.0244992566288684,0.00109734759037712));
#6908=CARTESIAN_POINT('',(-0.000508,-0.0268053485030008,0.00509161588329622));
#6909=CARTESIAN_POINT('',(-0.000508,-0.0157087661256328,0.024311460351271));
#6910=CARTESIAN_POINT('',(-0.000508,0.0048514,0.002232));
#6911=CARTESIAN_POINT('',(-0.000508,-0.0236049485030008,0.002232));
#6912=CARTESIAN_POINT('',(-0.000508,-0.0203029485030008,0.002232));
#6913=CARTESIAN_POINT('',(-0.000508,-0.0196478566288684,0.00109734759037712));
#6914=CARTESIAN_POINT('',(-0.000508,-0.0219539485030008,0.00509161588329622));
#6915=CARTESIAN_POINT('',(-0.000508,-0.0108573661256328,0.024311460351271));
#6916=CARTESIAN_POINT('',(-0.000508,0.0097028,0.002232));
#6917=CARTESIAN_POINT('',(-0.000508,-0.0187535485030008,0.002232));
#6918=CARTESIAN_POINT('',(-0.000508,-0.0154515485030008,0.002232));
#6919=CARTESIAN_POINT('',(-0.000508,-0.0147964566288684,0.00109734759037712));
#6920=CARTESIAN_POINT('',(-0.000508,-0.0171025485030008,0.00509161588329622));
#6921=CARTESIAN_POINT('',(-0.000508,-0.00600596612563282,0.024311460351271));
#6922=CARTESIAN_POINT('',(-0.000508,0.0145542,0.002232));
#6923=CARTESIAN_POINT('',(-0.000508,-0.0139021485030008,0.002232));
#6924=CARTESIAN_POINT('',(-0.000508,-0.0106001485030008,0.002232));
#6925=CARTESIAN_POINT('',(-0.000508,-0.00994505662886837,0.00109734759037712));
#6926=CARTESIAN_POINT('',(-0.000508,-0.0122511485030008,0.00509161588329622));
#6927=CARTESIAN_POINT('',(-0.000508,-0.00115456612563282,0.024311460351271));
#6928=CARTESIAN_POINT('',(-0.000508,0.0194056,0.002232));
#6929=CARTESIAN_POINT('',(-0.000508,-0.00905074850300079,0.002232));
#6930=CARTESIAN_POINT('',(-0.000508,-0.00574874850300079,0.002232));
#6931=CARTESIAN_POINT('',(-0.000508,-0.00509365662886837,0.00109734759037712));
#6932=CARTESIAN_POINT('',(-0.000508,-0.00739974850300079,0.00509161588329622));
#6933=CARTESIAN_POINT('',(-0.000508,0.00369683387436719,0.024311460351271));
#6934=CARTESIAN_POINT('',(-0.000508,0.024257,0.002232));
#6935=CARTESIAN_POINT('',(-0.000508,-0.00419934850300079,0.002232));
#6936=CARTESIAN_POINT('',(-0.000508,-0.000897348503000793,0.002232));
#6937=CARTESIAN_POINT('',(-0.000508,-0.000242256628868367,0.00109734759037712));
#6938=CARTESIAN_POINT('',(-0.000508,-0.00254834850300079,0.00509161588329622));
#6939=CARTESIAN_POINT('',(-0.000508,0.00854823387436718,0.024311460351271));
#6940=CARTESIAN_POINT('',(-0.000508,0.,0.008128));
#6941=CARTESIAN_POINT('',(-0.000508,0.,0.002032));
#6942=CARTESIAN_POINT('',(-0.000508,-0.069596,0.002232));
#6943=CARTESIAN_POINT('',(-0.000508,-0.0304165817797184,0.002232));
#6944=CARTESIAN_POINT('',(-0.000508,-0.0304165817797184,0.015242));
#6945=CARTESIAN_POINT('',(-0.000508,-0.0304165817797184,0.00465167497817372));
#6946=CARTESIAN_POINT('',(-0.000508,-0.069596,0.00465167497817372));
#6947=CARTESIAN_POINT('',(0.000508,0.,0.015242));
#6948=CARTESIAN_POINT('',(0.000508,-0.0017228485030008,0.00366180794164811));
#6949=CARTESIAN_POINT('',(0.000508,-0.000897348503000793,0.002232));
#6950=CARTESIAN_POINT('',(0.000508,-0.00254834850300079,0.00509161588329622));
#6951=CARTESIAN_POINT('',(0.000508,-0.00254834850300079,0.002232));
#6952=CARTESIAN_POINT('',(0.000508,-0.00419934850300079,0.002232));
#6953=CARTESIAN_POINT('',(0.000508,-0.0033738485030008,0.00366180794164811));
#6954=CARTESIAN_POINT('',(0.000508,-0.00657424850300079,0.00366180794164811));
#6955=CARTESIAN_POINT('',(0.000508,-0.00574874850300079,0.002232));
#6956=CARTESIAN_POINT('',(0.000508,-0.00739974850300079,0.00509161588329622));
#6957=CARTESIAN_POINT('',(0.000508,-0.00739974850300079,0.002232));
#6958=CARTESIAN_POINT('',(0.000508,-0.00905074850300079,0.002232));
#6959=CARTESIAN_POINT('',(0.000508,-0.00822524850300079,0.00366180794164811));
#6960=CARTESIAN_POINT('',(0.000508,-0.0114256485030008,0.00366180794164811));
#6961=CARTESIAN_POINT('',(0.000508,-0.0106001485030008,0.002232));
#6962=CARTESIAN_POINT('',(0.000508,-0.0122511485030008,0.00509161588329622));
#6963=CARTESIAN_POINT('',(0.000508,-0.0122511485030008,0.002232));
#6964=CARTESIAN_POINT('',(0.000508,-0.0139021485030008,0.002232));
#6965=CARTESIAN_POINT('',(0.000508,-0.0130766485030008,0.00366180794164811));
#6966=CARTESIAN_POINT('',(0.000508,-0.0162770485030008,0.00366180794164811));
#6967=CARTESIAN_POINT('',(0.000508,-0.0154515485030008,0.002232));
#6968=CARTESIAN_POINT('',(0.000508,-0.0171025485030008,0.00509161588329622));
#6969=CARTESIAN_POINT('',(0.000508,-0.0171025485030008,0.002232));
#6970=CARTESIAN_POINT('',(0.000508,-0.0187535485030008,0.002232));
#6971=CARTESIAN_POINT('',(0.000508,-0.0179280485030008,0.00366180794164811));
#6972=CARTESIAN_POINT('',(0.000508,-0.0211284485030008,0.00366180794164811));
#6973=CARTESIAN_POINT('',(0.000508,-0.0203029485030008,0.002232));
#6974=CARTESIAN_POINT('',(0.000508,-0.0219539485030008,0.00509161588329622));
#6975=CARTESIAN_POINT('',(0.000508,-0.0219539485030008,0.002232));
#6976=CARTESIAN_POINT('',(0.000508,-0.0236049485030008,0.002232));
#6977=CARTESIAN_POINT('',(0.000508,-0.0227794485030008,0.00366180794164811));
#6978=CARTESIAN_POINT('',(0.000508,-0.0259798485030008,0.00366180794164811));
#6979=CARTESIAN_POINT('',(0.000508,-0.0251543485030008,0.002232));
#6980=CARTESIAN_POINT('',(0.000508,-0.0268053485030008,0.00509161588329622));
#6981=CARTESIAN_POINT('',(0.000508,-0.0268053485030008,0.002232));
#6982=CARTESIAN_POINT('',(0.000508,-0.0284563485030008,0.002232));
#6983=CARTESIAN_POINT('',(0.000508,-0.0276308485030008,0.00366180794164811));
#6984=CARTESIAN_POINT('',(0.000508,-0.000508,0.015242));
#6985=CARTESIAN_POINT('',(0.000508,-0.000508,0.008128));
#6986=CARTESIAN_POINT('',(0.000508,-0.000508,0.002032));
#6987=CARTESIAN_POINT('',(0.000508,0.,0.008128));
#6988=CARTESIAN_POINT('',(0.000508,-0.069596,0.00465167497817372));
#6989=CARTESIAN_POINT('',(0.000508,-0.0304165817797184,0.00465167497817372));
#6990=CARTESIAN_POINT('',(0.000508,-0.0304165817797184,0.015242));
#6991=CARTESIAN_POINT('',(0.000508,-0.0304165817797184,0.002232));
#6992=CARTESIAN_POINT('',(0.000508,-0.069596,0.002232));
#6993=CARTESIAN_POINT('',(0.000508,0.,0.002032));
#6994=CARTESIAN_POINT('',(0.,0.000508,0.015242));
#6995=CARTESIAN_POINT('',(0.0014775514969992,0.000508,0.00366180794164811));
#6996=CARTESIAN_POINT('',(0.0023030514969992,0.000508,0.00509161588329622));
#6997=CARTESIAN_POINT('',(0.0006520514969992,0.000508,0.002232));
#6998=CARTESIAN_POINT('',(0.0023030514969992,0.000508,0.002232));
#6999=CARTESIAN_POINT('',(0.0039540514969992,0.000508,0.002232));
#7000=CARTESIAN_POINT('',(0.0031285514969992,0.000508,0.00366180794164811));
#7001=CARTESIAN_POINT('',(0.0063289514969992,0.000508,0.00366180794164811));
#7002=CARTESIAN_POINT('',(0.0071544514969992,0.000508,0.00509161588329622));
#7003=CARTESIAN_POINT('',(0.0055034514969992,0.000508,0.002232));
#7004=CARTESIAN_POINT('',(0.0071544514969992,0.000508,0.002232));
#7005=CARTESIAN_POINT('',(0.0088054514969992,0.000508,0.002232));
#7006=CARTESIAN_POINT('',(0.0079799514969992,0.000508,0.00366180794164811));
#7007=CARTESIAN_POINT('',(0.0111803514969992,0.000508,0.00366180794164811));
#7008=CARTESIAN_POINT('',(0.0120058514969992,0.000508,0.00509161588329622));
#7009=CARTESIAN_POINT('',(0.0103548514969992,0.000508,0.002232));
#7010=CARTESIAN_POINT('',(0.0120058514969992,0.000508,0.002232));
#7011=CARTESIAN_POINT('',(0.0136568514969992,0.000508,0.002232));
#7012=CARTESIAN_POINT('',(0.0128313514969992,0.000508,0.00366180794164811));
#7013=CARTESIAN_POINT('',(0.0160317514969992,0.000508,0.00366180794164811));
#7014=CARTESIAN_POINT('',(0.0168572514969992,0.000508,0.00509161588329622));
#7015=CARTESIAN_POINT('',(0.0152062514969992,0.000508,0.002232));
#7016=CARTESIAN_POINT('',(0.0168572514969992,0.000508,0.002232));
#7017=CARTESIAN_POINT('',(0.0185082514969992,0.000508,0.002232));
#7018=CARTESIAN_POINT('',(0.0176827514969992,0.000508,0.00366180794164811));
#7019=CARTESIAN_POINT('',(0.0208831514969992,0.000508,0.0036618079416481));
#7020=CARTESIAN_POINT('',(0.0217086514969992,0.000508,0.00509161588329622));
#7021=CARTESIAN_POINT('',(0.0200576514969992,0.000508,0.002232));
#7022=CARTESIAN_POINT('',(0.0217086514969992,0.000508,0.002232));
#7023=CARTESIAN_POINT('',(0.0233596514969992,0.000508,0.002232));
#7024=CARTESIAN_POINT('',(0.0225341514969992,0.000508,0.00366180794164811));
#7025=CARTESIAN_POINT('',(0.0257345514969992,0.000508,0.0036618079416481));
#7026=CARTESIAN_POINT('',(0.0265600514969992,0.000508,0.00509161588329622));
#7027=CARTESIAN_POINT('',(0.0249090514969992,0.000508,0.002232));
#7028=CARTESIAN_POINT('',(0.0265600514969992,0.000508,0.002232));
#7029=CARTESIAN_POINT('',(0.0282110514969992,0.000508,0.002232));
#7030=CARTESIAN_POINT('',(0.0273855514969992,0.000508,0.00366180794164811));
#7031=CARTESIAN_POINT('',(0.,0.000508,0.008128));
#7032=CARTESIAN_POINT('',(0.051054,0.000508,0.003502));
#7033=CARTESIAN_POINT('',(0.0306036286056041,0.000508,0.003502));
#7034=CARTESIAN_POINT('',(0.0306036286056041,0.000508,0.015242));
#7035=CARTESIAN_POINT('',(0.0306036286056041,0.000508,0.002232));
#7036=CARTESIAN_POINT('',(0.051054,0.000508,0.002232));
#7037=CARTESIAN_POINT('',(0.,0.000508,0.002032));
#7038=CARTESIAN_POINT('',(0.,-0.000508,0.015242));
#7039=CARTESIAN_POINT('',(0.0533654,-0.000508,0.002232));
#7040=CARTESIAN_POINT('',(0.0282110514969992,-0.000508,0.002232));
#7041=CARTESIAN_POINT('',(0.0249090514969992,-0.000508,0.002232));
#7042=CARTESIAN_POINT('',(0.0376566338743671,-0.000508,0.024311460351271));
#7043=CARTESIAN_POINT('',(0.0265600514969992,-0.000508,0.00509161588329622));
#7044=CARTESIAN_POINT('',(0.0288661433711316,-0.000508,0.00109734759037712));
#7045=CARTESIAN_POINT('',(0.048514,-0.000508,0.002232));
#7046=CARTESIAN_POINT('',(0.0233596514969992,-0.000508,0.002232));
#7047=CARTESIAN_POINT('',(0.0200576514969992,-0.000508,0.002232));
#7048=CARTESIAN_POINT('',(0.0328052338743672,-0.000508,0.024311460351271));
#7049=CARTESIAN_POINT('',(0.0217086514969992,-0.000508,0.00509161588329622));
#7050=CARTESIAN_POINT('',(0.0240147433711316,-0.000508,0.00109734759037712));
#7051=CARTESIAN_POINT('',(0.0436626,-0.000508,0.002232));
#7052=CARTESIAN_POINT('',(0.0185082514969992,-0.000508,0.002232));
#7053=CARTESIAN_POINT('',(0.0152062514969992,-0.000508,0.002232));
#7054=CARTESIAN_POINT('',(0.0279538338743672,-0.000508,0.024311460351271));
#7055=CARTESIAN_POINT('',(0.0168572514969992,-0.000508,0.00509161588329622));
#7056=CARTESIAN_POINT('',(0.0191633433711316,-0.000508,0.00109734759037712));
#7057=CARTESIAN_POINT('',(0.0388112,-0.000508,0.002232));
#7058=CARTESIAN_POINT('',(0.0136568514969992,-0.000508,0.002232));
#7059=CARTESIAN_POINT('',(0.0103548514969992,-0.000508,0.002232));
#7060=CARTESIAN_POINT('',(0.0231024338743672,-0.000508,0.024311460351271));
#7061=CARTESIAN_POINT('',(0.0120058514969992,-0.000508,0.00509161588329622));
#7062=CARTESIAN_POINT('',(0.0143119433711316,-0.000508,0.00109734759037712));
#7063=CARTESIAN_POINT('',(0.0339598,-0.000508,0.002232));
#7064=CARTESIAN_POINT('',(0.0088054514969992,-0.000508,0.002232));
#7065=CARTESIAN_POINT('',(0.0055034514969992,-0.000508,0.002232));
#7066=CARTESIAN_POINT('',(0.0182510338743671,-0.000508,0.024311460351271));
#7067=CARTESIAN_POINT('',(0.0071544514969992,-0.000508,0.00509161588329622));
#7068=CARTESIAN_POINT('',(0.00946054337113162,-0.000508,0.00109734759037712));
#7069=CARTESIAN_POINT('',(0.0291084,-0.000508,0.002232));
#7070=CARTESIAN_POINT('',(0.0039540514969992,-0.000508,0.002232));
#7071=CARTESIAN_POINT('',(0.0006520514969992,-0.000508,0.002232));
#7072=CARTESIAN_POINT('',(0.0133996338743672,-0.000508,0.024311460351271));
#7073=CARTESIAN_POINT('',(0.0023030514969992,-0.000508,0.00509161588329622));
#7074=CARTESIAN_POINT('',(0.00460914337113163,-0.000508,0.00109734759037712));
#7075=CARTESIAN_POINT('',(0.,-0.000508,0.008128));
#7076=CARTESIAN_POINT('',(0.,-0.000508,0.002032));
#7077=CARTESIAN_POINT('',(0.051054,-0.000508,0.002232));
#7078=CARTESIAN_POINT('',(0.0306036286056041,-0.000508,0.002232));
#7079=CARTESIAN_POINT('',(0.0306036286056041,-0.000508,0.015242));
#7080=CARTESIAN_POINT('',(0.0306036286056041,-0.000508,0.003502));
#7081=CARTESIAN_POINT('',(0.051054,-0.000508,0.003502));
#7082=CARTESIAN_POINT('',(-0.0009906,0.0273855514969992,0.00366180794164811));
#7083=CARTESIAN_POINT('',(-0.0009906,0.0282110514969992,0.002232));
#7084=CARTESIAN_POINT('',(-0.0009906,0.0265600514969992,0.00509161588329622));
#7085=CARTESIAN_POINT('',(-0.0009906,0.0257345514969992,0.00366180794164811));
#7086=CARTESIAN_POINT('',(-0.0009906,0.0249090514969992,0.002232));
#7087=CARTESIAN_POINT('',(-0.0009906,0.0265600514969992,0.002232));
#7088=CARTESIAN_POINT('',(-0.0009906,0.0225341514969992,0.00366180794164811));
#7089=CARTESIAN_POINT('',(-0.0009906,0.0233596514969992,0.002232));
#7090=CARTESIAN_POINT('',(-0.0009906,0.0217086514969992,0.00509161588329622));
#7091=CARTESIAN_POINT('',(-0.0009906,0.0208831514969992,0.00366180794164811));
#7092=CARTESIAN_POINT('',(-0.0009906,0.0200576514969992,0.002232));
#7093=CARTESIAN_POINT('',(-0.0009906,0.0217086514969992,0.002232));
#7094=CARTESIAN_POINT('',(-0.0009906,0.0176827514969992,0.00366180794164811));
#7095=CARTESIAN_POINT('',(-0.0009906,0.0185082514969992,0.002232));
#7096=CARTESIAN_POINT('',(-0.0009906,0.0168572514969992,0.00509161588329622));
#7097=CARTESIAN_POINT('',(-0.0009906,0.0160317514969992,0.00366180794164811));
#7098=CARTESIAN_POINT('',(-0.0009906,0.0152062514969992,0.002232));
#7099=CARTESIAN_POINT('',(-0.0009906,0.0168572514969992,0.002232));
#7100=CARTESIAN_POINT('',(-0.0009906,0.0128313514969992,0.00366180794164811));
#7101=CARTESIAN_POINT('',(-0.0009906,0.0136568514969992,0.002232));
#7102=CARTESIAN_POINT('',(-0.0009906,0.0120058514969992,0.00509161588329622));
#7103=CARTESIAN_POINT('',(-0.0009906,0.0111803514969992,0.00366180794164811));
#7104=CARTESIAN_POINT('',(-0.0009906,0.0103548514969992,0.002232));
#7105=CARTESIAN_POINT('',(-0.0009906,0.0120058514969992,0.002232));
#7106=CARTESIAN_POINT('',(-0.0009906,0.00797995149699921,0.00366180794164811));
#7107=CARTESIAN_POINT('',(-0.0009906,0.00880545149699921,0.002232));
#7108=CARTESIAN_POINT('',(-0.0009906,0.00715445149699921,0.00509161588329622));
#7109=CARTESIAN_POINT('',(-0.0009906,0.00632895149699921,0.00366180794164811));
#7110=CARTESIAN_POINT('',(-0.0009906,0.00550345149699921,0.002232));
#7111=CARTESIAN_POINT('',(-0.0009906,0.00715445149699921,0.002232));
#7112=CARTESIAN_POINT('',(-0.0009906,0.00312855149699921,0.00366180794164811));
#7113=CARTESIAN_POINT('',(-0.0009906,0.0039540514969992,0.002232));
#7114=CARTESIAN_POINT('',(-0.0009906,0.00230305149699921,0.00509161588329622));
#7115=CARTESIAN_POINT('',(-0.0009906,0.00147755149699921,0.00366180794164811));
#7116=CARTESIAN_POINT('',(-0.0009906,0.000652051496999206,0.002232));
#7117=CARTESIAN_POINT('',(-0.0009906,0.00230305149699921,0.002232));
#7118=CARTESIAN_POINT('',(-0.0009906,-0.0017228485030008,0.00366180794164811));
#7119=CARTESIAN_POINT('',(-0.0009906,-0.000897348503000793,0.002232));
#7120=CARTESIAN_POINT('',(-0.0009906,-0.00254834850300079,0.00509161588329622));
#7121=CARTESIAN_POINT('',(-0.0009906,-0.0033738485030008,0.00366180794164811));
#7122=CARTESIAN_POINT('',(-0.0009906,-0.00419934850300079,0.002232));
#7123=CARTESIAN_POINT('',(-0.0009906,-0.00254834850300079,0.002232));
#7124=CARTESIAN_POINT('',(-0.0009906,-0.00657424850300079,0.00366180794164811));
#7125=CARTESIAN_POINT('',(-0.0009906,-0.00574874850300079,0.002232));
#7126=CARTESIAN_POINT('',(-0.0009906,-0.00739974850300079,0.00509161588329622));
#7127=CARTESIAN_POINT('',(-0.0009906,-0.00822524850300079,0.00366180794164811));
#7128=CARTESIAN_POINT('',(-0.0009906,-0.00905074850300079,0.002232));
#7129=CARTESIAN_POINT('',(-0.0009906,-0.00739974850300079,0.002232));
#7130=CARTESIAN_POINT('',(-0.0009906,-0.0114256485030008,0.00366180794164811));
#7131=CARTESIAN_POINT('',(-0.0009906,-0.0106001485030008,0.002232));
#7132=CARTESIAN_POINT('',(-0.0009906,-0.0122511485030008,0.00509161588329622));
#7133=CARTESIAN_POINT('',(-0.0009906,-0.0130766485030008,0.00366180794164811));
#7134=CARTESIAN_POINT('',(-0.0009906,-0.0139021485030008,0.002232));
#7135=CARTESIAN_POINT('',(-0.0009906,-0.0122511485030008,0.002232));
#7136=CARTESIAN_POINT('',(-0.0009906,-0.0162770485030008,0.00366180794164811));
#7137=CARTESIAN_POINT('',(-0.0009906,-0.0154515485030008,0.002232));
#7138=CARTESIAN_POINT('',(-0.0009906,-0.0171025485030008,0.00509161588329622));
#7139=CARTESIAN_POINT('',(-0.0009906,-0.0179280485030008,0.00366180794164811));
#7140=CARTESIAN_POINT('',(-0.0009906,-0.0187535485030008,0.002232));
#7141=CARTESIAN_POINT('',(-0.0009906,-0.0171025485030008,0.002232));
#7142=CARTESIAN_POINT('',(-0.0009906,-0.0211284485030008,0.00366180794164811));
#7143=CARTESIAN_POINT('',(-0.0009906,-0.0203029485030008,0.002232));
#7144=CARTESIAN_POINT('',(-0.0009906,-0.0219539485030008,0.00509161588329622));
#7145=CARTESIAN_POINT('',(-0.0009906,-0.0227794485030008,0.00366180794164811));
#7146=CARTESIAN_POINT('',(-0.0009906,-0.0236049485030008,0.002232));
#7147=CARTESIAN_POINT('',(-0.0009906,-0.0219539485030008,0.002232));
#7148=CARTESIAN_POINT('',(0.0257345514969992,-0.0006858,0.0036618079416481));
#7149=CARTESIAN_POINT('',(0.0249090514969992,-0.0006858,0.002232));
#7150=CARTESIAN_POINT('',(0.0265600514969992,-0.0006858,0.00509161588329622));
#7151=CARTESIAN_POINT('',(0.0273855514969992,-0.0006858,0.00366180794164811));
#7152=CARTESIAN_POINT('',(0.0282110514969992,-0.0006858,0.002232));
#7153=CARTESIAN_POINT('',(0.0265600514969992,-0.0006858,0.002232));
#7154=CARTESIAN_POINT('',(0.0208831514969992,-0.0006858,0.0036618079416481));
#7155=CARTESIAN_POINT('',(0.0200576514969992,-0.0006858,0.002232));
#7156=CARTESIAN_POINT('',(0.0217086514969992,-0.0006858,0.00509161588329622));
#7157=CARTESIAN_POINT('',(0.0225341514969992,-0.0006858,0.00366180794164811));
#7158=CARTESIAN_POINT('',(0.0233596514969992,-0.0006858,0.002232));
#7159=CARTESIAN_POINT('',(0.0217086514969992,-0.0006858,0.002232));
#7160=CARTESIAN_POINT('',(0.0160317514969992,-0.0006858,0.00366180794164811));
#7161=CARTESIAN_POINT('',(0.0152062514969992,-0.0006858,0.002232));
#7162=CARTESIAN_POINT('',(0.0168572514969992,-0.0006858,0.00509161588329622));
#7163=CARTESIAN_POINT('',(0.0176827514969992,-0.0006858,0.00366180794164811));
#7164=CARTESIAN_POINT('',(0.0185082514969992,-0.0006858,0.002232));
#7165=CARTESIAN_POINT('',(0.0168572514969992,-0.0006858,0.002232));
#7166=CARTESIAN_POINT('',(0.0111803514969992,-0.0006858,0.00366180794164811));
#7167=CARTESIAN_POINT('',(0.0103548514969992,-0.0006858,0.002232));
#7168=CARTESIAN_POINT('',(0.0120058514969992,-0.0006858,0.00509161588329622));
#7169=CARTESIAN_POINT('',(0.0128313514969992,-0.0006858,0.00366180794164811));
#7170=CARTESIAN_POINT('',(0.0136568514969992,-0.0006858,0.002232));
#7171=CARTESIAN_POINT('',(0.0120058514969992,-0.0006858,0.002232));
#7172=CARTESIAN_POINT('',(0.0063289514969992,-0.0006858,0.00366180794164811));
#7173=CARTESIAN_POINT('',(0.0055034514969992,-0.0006858,0.002232));
#7174=CARTESIAN_POINT('',(0.0071544514969992,-0.0006858,0.00509161588329622));
#7175=CARTESIAN_POINT('',(0.0079799514969992,-0.0006858,0.00366180794164811));
#7176=CARTESIAN_POINT('',(0.0088054514969992,-0.0006858,0.002232));
#7177=CARTESIAN_POINT('',(0.0071544514969992,-0.0006858,0.002232));
#7178=CARTESIAN_POINT('',(0.0014775514969992,-0.0006858,0.00366180794164811));
#7179=CARTESIAN_POINT('',(0.0006520514969992,-0.0006858,0.002232));
#7180=CARTESIAN_POINT('',(0.0023030514969992,-0.0006858,0.00509161588329622));
#7181=CARTESIAN_POINT('',(0.0031285514969992,-0.0006858,0.00366180794164811));
#7182=CARTESIAN_POINT('',(0.0039540514969992,-0.0006858,0.002232));
#7183=CARTESIAN_POINT('',(0.0023030514969992,-0.0006858,0.002232));
#7184=CARTESIAN_POINT('',(-0.0033738485030008,-0.0006858,0.00366180794164811));
#7185=CARTESIAN_POINT('',(-0.0041993485030008,-0.0006858,0.002232));
#7186=CARTESIAN_POINT('',(-0.0025483485030008,-0.0006858,0.00509161588329622));
#7187=CARTESIAN_POINT('',(-0.0017228485030008,-0.0006858,0.00366180794164811));
#7188=CARTESIAN_POINT('',(-0.0008973485030008,-0.0006858,0.002232));
#7189=CARTESIAN_POINT('',(-0.0025483485030008,-0.0006858,0.002232));
#7190=CARTESIAN_POINT('',(-0.0082252485030008,-0.0006858,0.00366180794164811));
#7191=CARTESIAN_POINT('',(-0.0090507485030008,-0.0006858,0.002232));
#7192=CARTESIAN_POINT('',(-0.0073997485030008,-0.0006858,0.00509161588329622));
#7193=CARTESIAN_POINT('',(-0.0065742485030008,-0.0006858,0.00366180794164811));
#7194=CARTESIAN_POINT('',(-0.0057487485030008,-0.0006858,0.002232));
#7195=CARTESIAN_POINT('',(-0.0073997485030008,-0.0006858,0.002232));
#7196=CARTESIAN_POINT('',(-0.0130766485030008,-0.0006858,0.00366180794164811));
#7197=CARTESIAN_POINT('',(-0.0139021485030008,-0.0006858,0.002232));
#7198=CARTESIAN_POINT('',(-0.0122511485030008,-0.0006858,0.00509161588329622));
#7199=CARTESIAN_POINT('',(-0.0114256485030008,-0.0006858,0.00366180794164811));
#7200=CARTESIAN_POINT('',(-0.0106001485030008,-0.0006858,0.002232));
#7201=CARTESIAN_POINT('',(-0.0122511485030008,-0.0006858,0.002232));
#7202=CARTESIAN_POINT('',(-0.0179280485030008,-0.0006858,0.00366180794164811));
#7203=CARTESIAN_POINT('',(-0.0187535485030008,-0.0006858,0.002232));
#7204=CARTESIAN_POINT('',(-0.0171025485030008,-0.0006858,0.00509161588329622));
#7205=CARTESIAN_POINT('',(-0.0162770485030008,-0.0006858,0.00366180794164811));
#7206=CARTESIAN_POINT('',(-0.0154515485030008,-0.0006858,0.002232));
#7207=CARTESIAN_POINT('',(-0.0171025485030008,-0.0006858,0.002232));
#7208=CARTESIAN_POINT('',(-0.0227794485030008,-0.0006858,0.00366180794164811));
#7209=CARTESIAN_POINT('',(-0.0236049485030008,-0.0006858,0.002232));
#7210=CARTESIAN_POINT('',(-0.0219539485030008,-0.0006858,0.00509161588329622));
#7211=CARTESIAN_POINT('',(-0.0211284485030008,-0.0006858,0.00366180794164811));
#7212=CARTESIAN_POINT('',(-0.0203029485030008,-0.0006858,0.002232));
#7213=CARTESIAN_POINT('',(-0.0219539485030008,-0.0006858,0.002232));
#7214=CARTESIAN_POINT('',(0.051054,-6.2523117683669E-18,0.002232));
#7215=CARTESIAN_POINT('',(0.0306036286056041,-6.2523117683669E-18,0.002232));
#7216=CARTESIAN_POINT('',(0.051054,-0.001016,0.002232));
#7217=CARTESIAN_POINT('',(0.051054,0.001016,0.002232));
#7218=CARTESIAN_POINT('',(0.051054,-6.6859926373611E-18,0.003502));
#7219=CARTESIAN_POINT('',(0.051054,0.001016,0.003502));
#7220=CARTESIAN_POINT('',(0.051054,-0.001016,0.003502));
#7221=CARTESIAN_POINT('',(0.0306036286056041,-6.6859926373611E-18,0.003502));
#7222=CARTESIAN_POINT('',(0.,0.,0.002032));
#7223=CARTESIAN_POINT('',(0.,0.,0.002032));
#7224=CARTESIAN_POINT('',(-0.051054,0.,0.002232));
#7225=CARTESIAN_POINT('',(-0.0306036286056041,0.,0.002232));
#7226=CARTESIAN_POINT('',(-0.051054,0.001016,0.002232));
#7227=CARTESIAN_POINT('',(-0.051054,-0.001016,0.002232));
#7228=CARTESIAN_POINT('',(-0.051054,4.33680868994202E-19,0.003502));
#7229=CARTESIAN_POINT('',(-0.0306036286056041,4.33680868994202E-19,0.003502));
#7230=CARTESIAN_POINT('',(-0.051054,-0.001016,0.003502));
#7231=CARTESIAN_POINT('',(-0.051054,0.001016,0.003502));
#7232=CARTESIAN_POINT('',(0.051054,-0.001016,0.002867));
#7233=CARTESIAN_POINT('',(0.051054,0.001016,0.002867));
#7234=CARTESIAN_POINT('',(-0.0009525,0.069596,0.00388177839420936));
#7235=CARTESIAN_POINT('',(9.60725403583142E-18,0.069596,0.00553155678841871));
#7236=CARTESIAN_POINT('',(4.80915912423909E-18,0.0304165817797184,0.00553155678841871));
#7237=CARTESIAN_POINT('',(-0.0009525,0.0304165817797184,0.00388177839420936));
#7238=CARTESIAN_POINT('',(-0.001905,0.069596,0.002232));
#7239=CARTESIAN_POINT('',(0.0009525,0.069596,0.00388177839420936));
#7240=CARTESIAN_POINT('',(0.0009525,0.0304165817797184,0.00388177839420936));
#7241=CARTESIAN_POINT('',(0.001905,0.069596,0.002232));
#7242=CARTESIAN_POINT('',(8.52305186334592E-18,0.069596,0.002232));
#7243=CARTESIAN_POINT('',(8.52305186334592E-18,0.0304165817797184,0.002232));
#7244=CARTESIAN_POINT('',(0.,0.,0.002032));
#7245=CARTESIAN_POINT('',(-0.0009525,-0.069596,0.00388177839420936));
#7246=CARTESIAN_POINT('',(-0.0009525,-0.0304165817797184,0.00388177839420936));
#7247=CARTESIAN_POINT('',(-1.0842021724855E-18,-0.0304165817797184,0.00553155678841871));
#7248=CARTESIAN_POINT('',(-1.0842021724855E-18,-0.069596,0.00553155678841871));
#7249=CARTESIAN_POINT('',(-0.001905,-0.069596,0.002232));
#7250=CARTESIAN_POINT('',(0.,-0.069596,0.002232));
#7251=CARTESIAN_POINT('',(0.,-0.0304165817797184,0.002232));
#7252=CARTESIAN_POINT('',(0.001905,-0.069596,0.002232));
#7253=CARTESIAN_POINT('',(-0.0135381364444539,-0.0682731963061739,0.00388177839420936));
#7254=CARTESIAN_POINT('',(-0.0144698220341528,-0.0680751604206699,0.00553155678841871));
#7255=CARTESIAN_POINT('',(-0.0126064508547549,-0.0684712321916778,0.002232));
#7256=CARTESIAN_POINT('',(-0.0154015076238517,-0.067877124535166,0.00388177839420936));
#7257=CARTESIAN_POINT('',(-0.0163331932135507,-0.0676790886496621,0.002232));
#7258=CARTESIAN_POINT('',(-0.0144698220341528,-0.0680751604206699,0.002232));
#7259=CARTESIAN_POINT('',(-0.0274370913630988,-0.0639665263226241,0.00388177839420936));
#7260=CARTESIAN_POINT('',(-0.0283072434115035,-0.0635791096700944,0.00553155678841871));
#7261=CARTESIAN_POINT('',(-0.0265669393146943,-0.0643539429751538,0.002232));
#7262=CARTESIAN_POINT('',(-0.0291773954599081,-0.0631916930175647,0.00388177839420936));
#7263=CARTESIAN_POINT('',(-0.0300475475083126,-0.062804276365035,0.002232));
#7264=CARTESIAN_POINT('',(-0.0283072434115035,-0.0635791096700944,0.002232));
#7265=CARTESIAN_POINT('',(-0.0401369137314048,-0.0568642121933274,0.00388177839420936));
#7266=CARTESIAN_POINT('',(-0.040907502418547,-0.0563043467405188,0.00553155678841871));
#7267=CARTESIAN_POINT('',(-0.0393663250442627,-0.057424077646136,0.002232));
#7268=CARTESIAN_POINT('',(-0.0416780911056891,-0.0557444812877103,0.00388177839420936));
#7269=CARTESIAN_POINT('',(-0.0424486797928312,-0.0551846158349017,0.002232));
#7270=CARTESIAN_POINT('',(-0.040907502418547,-0.0563043467405188,0.002232));
#7271=CARTESIAN_POINT('',(-0.0510825603713679,-0.0472766591264183,0.00388177839420936));
#7272=CARTESIAN_POINT('',(-0.0517199072739248,-0.0465688136801511,0.00553155678841871));
#7273=CARTESIAN_POINT('',(-0.0504452134688111,-0.0479845045726855,0.002232));
#7274=CARTESIAN_POINT('',(-0.0523572541764816,-0.0458609682338839,0.00388177839420936));
#7275=CARTESIAN_POINT('',(-0.0529946010790384,-0.0451531227876166,0.002232));
#7276=CARTESIAN_POINT('',(-0.0517199072739248,-0.0465688136801511,0.002232));
#7277=CARTESIAN_POINT('',(-0.0597956540017818,-0.0356228891971046,0.00388177839420936));
#7278=CARTESIAN_POINT('',(-0.0602719040017818,-0.034798,0.00553155678841871));
#7279=CARTESIAN_POINT('',(-0.0593194040017818,-0.0364477783942093,0.002232));
#7280=CARTESIAN_POINT('',(-0.0607481540017818,-0.0339731108028953,0.00388177839420936));
#7281=CARTESIAN_POINT('',(-0.0612244040017818,-0.0331482216057906,0.002232));
#7282=CARTESIAN_POINT('',(-0.0602719040017818,-0.034798,0.002232));
#7283=CARTESIAN_POINT('',(-0.0658953906209354,-0.0224122280722899,0.00388177839420936));
#7284=CARTESIAN_POINT('',(-0.0661897293080775,-0.0215063467405189,0.00553155678841871));
#7285=CARTESIAN_POINT('',(-0.0656010519337932,-0.0233181094040611,0.002232));
#7286=CARTESIAN_POINT('',(-0.0664840679952197,-0.0206004654087477,0.00388177839420936));
#7287=CARTESIAN_POINT('',(-0.0667784066823618,-0.0196945840769766,0.002232));
#7288=CARTESIAN_POINT('',(-0.0661897293080775,-0.0215063467405189,0.002232));
#7289=CARTESIAN_POINT('',(-0.0691151824687879,-0.00822204503491386,0.00388177839420936));
#7290=CARTESIAN_POINT('',(-0.0692147458300504,-0.00727476292957558,0.00553155678841871));
#7291=CARTESIAN_POINT('',(-0.0690156191075255,-0.00916932714025214,0.002232));
#7292=CARTESIAN_POINT('',(-0.0693143091913128,-0.0063274808242373,0.00388177839420936));
#7293=CARTESIAN_POINT('',(-0.0694138725525752,-0.00538019871889902,0.002232));
#7294=CARTESIAN_POINT('',(-0.0692147458300504,-0.00727476292957558,0.002232));
#7295=CARTESIAN_POINT('',(-0.0693143091913128,0.00632748082423739,0.00388177839420936));
#7296=CARTESIAN_POINT('',(-0.0692147458300504,0.00727476292957567,0.00553155678841871));
#7297=CARTESIAN_POINT('',(-0.0694138725525752,0.0053801987188991,0.002232));
#7298=CARTESIAN_POINT('',(-0.0691151824687879,0.00822204503491395,0.00388177839420936));
#7299=CARTESIAN_POINT('',(-0.0690156191075255,0.00916932714025222,0.002232));
#7300=CARTESIAN_POINT('',(-0.0692147458300504,0.00727476292957566,0.002232));
#7301=CARTESIAN_POINT('',(-0.0664840679952197,0.0206004654087477,0.00388177839420936));
#7302=CARTESIAN_POINT('',(-0.0661897293080775,0.0215063467405189,0.00553155678841871));
#7303=CARTESIAN_POINT('',(-0.0667784066823618,0.0196945840769766,0.002232));
#7304=CARTESIAN_POINT('',(-0.0658953906209354,0.02241222807229,0.00388177839420936));
#7305=CARTESIAN_POINT('',(-0.0656010519337932,0.0233181094040611,0.002232));
#7306=CARTESIAN_POINT('',(-0.0661897293080775,0.0215063467405189,0.002232));
#7307=CARTESIAN_POINT('',(-0.0607481540017818,0.0339731108028953,0.00388177839420936));
#7308=CARTESIAN_POINT('',(-0.0602719040017818,0.034798,0.00553155678841871));
#7309=CARTESIAN_POINT('',(-0.0612244040017818,0.0331482216057907,0.002232));
#7310=CARTESIAN_POINT('',(-0.0597956540017818,0.0356228891971047,0.00388177839420936));
#7311=CARTESIAN_POINT('',(-0.0593194040017818,0.0364477783942094,0.002232));
#7312=CARTESIAN_POINT('',(-0.0602719040017818,0.034798,0.002232));
#7313=CARTESIAN_POINT('',(-0.0523572541764815,0.0458609682338839,0.00388177839420936));
#7314=CARTESIAN_POINT('',(-0.0517199072739247,0.0465688136801511,0.00553155678841871));
#7315=CARTESIAN_POINT('',(-0.0529946010790383,0.0451531227876167,0.002232));
#7316=CARTESIAN_POINT('',(-0.0510825603713679,0.0472766591264183,0.00388177839420936));
#7317=CARTESIAN_POINT('',(-0.0504452134688111,0.0479845045726856,0.002232));
#7318=CARTESIAN_POINT('',(-0.0517199072739247,0.0465688136801511,0.002232));
#7319=CARTESIAN_POINT('',(-0.0416780911056891,0.0557444812877103,0.00388177839420936));
#7320=CARTESIAN_POINT('',(-0.0409075024185469,0.0563043467405189,0.00553155678841871));
#7321=CARTESIAN_POINT('',(-0.0424486797928312,0.0551846158349017,0.002232));
#7322=CARTESIAN_POINT('',(-0.0401369137314048,0.0568642121933274,0.00388177839420936));
#7323=CARTESIAN_POINT('',(-0.0393663250442627,0.057424077646136,0.002232));
#7324=CARTESIAN_POINT('',(-0.0409075024185469,0.0563043467405189,0.002232));
#7325=CARTESIAN_POINT('',(-0.029177395459908,0.0631916930175648,0.00388177839420936));
#7326=CARTESIAN_POINT('',(-0.0283072434115034,0.0635791096700945,0.00553155678841871));
#7327=CARTESIAN_POINT('',(-0.0300475475083125,0.0628042763650351,0.002232));
#7328=CARTESIAN_POINT('',(-0.0274370913630988,0.0639665263226242,0.00388177839420936));
#7329=CARTESIAN_POINT('',(-0.0265669393146942,0.0643539429751539,0.002232));
#7330=CARTESIAN_POINT('',(-0.0283072434115034,0.0635791096700945,0.002232));
#7331=CARTESIAN_POINT('',(-0.0154015076238517,0.067877124535166,0.00388177839420936));
#7332=CARTESIAN_POINT('',(-0.0144698220341528,0.0680751604206699,0.00553155678841871));
#7333=CARTESIAN_POINT('',(-0.0163331932135506,0.0676790886496621,0.002232));
#7334=CARTESIAN_POINT('',(-0.0135381364444538,0.0682731963061739,0.00388177839420936));
#7335=CARTESIAN_POINT('',(-0.0126064508547549,0.0684712321916778,0.002232));
#7336=CARTESIAN_POINT('',(-0.0144698220341528,0.0680751604206699,0.002232));
#7337=CARTESIAN_POINT('',(0.0135381364444539,0.0682731963061739,0.00388177839420936));
#7338=CARTESIAN_POINT('',(0.0144698220341528,0.0680751604206699,0.00553155678841871));
#7339=CARTESIAN_POINT('',(0.0126064508547549,0.0684712321916778,0.002232));
#7340=CARTESIAN_POINT('',(0.0154015076238517,0.067877124535166,0.00388177839420936));
#7341=CARTESIAN_POINT('',(0.0163331932135507,0.0676790886496621,0.002232));
#7342=CARTESIAN_POINT('',(0.0144698220341528,0.0680751604206699,0.002232));
#7343=CARTESIAN_POINT('',(0.0274370913630988,0.0639665263226242,0.00388177839420936));
#7344=CARTESIAN_POINT('',(0.0283072434115034,0.0635791096700945,0.00553155678841871));
#7345=CARTESIAN_POINT('',(0.0265669393146942,0.0643539429751538,0.002232));
#7346=CARTESIAN_POINT('',(0.029177395459908,0.0631916930175648,0.00388177839420936));
#7347=CARTESIAN_POINT('',(0.0300475475083125,0.0628042763650351,0.002232));
#7348=CARTESIAN_POINT('',(0.0283072434115034,0.0635791096700945,0.002232));
#7349=CARTESIAN_POINT('',(0.0401369137314048,0.0568642121933274,0.00388177839420936));
#7350=CARTESIAN_POINT('',(0.040907502418547,0.0563043467405188,0.00553155678841871));
#7351=CARTESIAN_POINT('',(0.0393663250442627,0.057424077646136,0.002232));
#7352=CARTESIAN_POINT('',(0.0416780911056891,0.0557444812877103,0.00388177839420936));
#7353=CARTESIAN_POINT('',(0.0424486797928312,0.0551846158349017,0.002232));
#7354=CARTESIAN_POINT('',(0.040907502418547,0.0563043467405188,0.002232));
#7355=CARTESIAN_POINT('',(0.0510825603713679,0.0472766591264183,0.00388177839420936));
#7356=CARTESIAN_POINT('',(0.0517199072739248,0.0465688136801511,0.00553155678841871));
#7357=CARTESIAN_POINT('',(0.0504452134688111,0.0479845045726855,0.002232));
#7358=CARTESIAN_POINT('',(0.0523572541764816,0.0458609682338839,0.00388177839420936));
#7359=CARTESIAN_POINT('',(0.0529946010790384,0.0451531227876166,0.002232));
#7360=CARTESIAN_POINT('',(0.0517199072739248,0.0465688136801511,0.002232));
#7361=CARTESIAN_POINT('',(0.0597956540017818,0.0356228891971046,0.00388177839420936));
#7362=CARTESIAN_POINT('',(0.0602719040017818,0.034798,0.00553155678841871));
#7363=CARTESIAN_POINT('',(0.0593194040017818,0.0364477783942093,0.002232));
#7364=CARTESIAN_POINT('',(0.0607481540017818,0.0339731108028953,0.00388177839420936));
#7365=CARTESIAN_POINT('',(0.0612244040017818,0.0331482216057907,0.002232));
#7366=CARTESIAN_POINT('',(0.0602719040017818,0.034798,0.002232));
#7367=CARTESIAN_POINT('',(0.0658953906209354,0.0224122280722899,0.00388177839420936));
#7368=CARTESIAN_POINT('',(0.0661897293080775,0.0215063467405189,0.00553155678841871));
#7369=CARTESIAN_POINT('',(0.0656010519337932,0.0233181094040611,0.002232));
#7370=CARTESIAN_POINT('',(0.0664840679952197,0.0206004654087477,0.00388177839420936));
#7371=CARTESIAN_POINT('',(0.0667784066823618,0.0196945840769766,0.002232));
#7372=CARTESIAN_POINT('',(0.0661897293080775,0.0215063467405189,0.002232));
#7373=CARTESIAN_POINT('',(0.0691151824687879,0.00822204503491388,0.00388177839420936));
#7374=CARTESIAN_POINT('',(0.0692147458300504,0.0072747629295756,0.00553155678841871));
#7375=CARTESIAN_POINT('',(0.0690156191075255,0.00916932714025216,0.002232));
#7376=CARTESIAN_POINT('',(0.0693143091913128,0.00632748082423732,0.00388177839420936));
#7377=CARTESIAN_POINT('',(0.0694138725525752,0.00538019871889904,0.002232));
#7378=CARTESIAN_POINT('',(0.0692147458300504,0.0072747629295756,0.002232));
#7379=CARTESIAN_POINT('',(0.0693143091913128,-0.00632748082423735,0.00388177839420936));
#7380=CARTESIAN_POINT('',(0.0692147458300504,-0.00727476292957563,0.00553155678841871));
#7381=CARTESIAN_POINT('',(0.0694138725525752,-0.00538019871889907,0.002232));
#7382=CARTESIAN_POINT('',(0.0691151824687879,-0.00822204503491391,0.00388177839420936));
#7383=CARTESIAN_POINT('',(0.0690156191075255,-0.00916932714025219,0.002232));
#7384=CARTESIAN_POINT('',(0.0692147458300504,-0.00727476292957563,0.002232));
#7385=CARTESIAN_POINT('',(0.0664840679952197,-0.0206004654087477,0.00388177839420936));
#7386=CARTESIAN_POINT('',(0.0661897293080775,-0.0215063467405189,0.00553155678841871));
#7387=CARTESIAN_POINT('',(0.0667784066823618,-0.0196945840769766,0.002232));
#7388=CARTESIAN_POINT('',(0.0658953906209354,-0.02241222807229,0.00388177839420936));
#7389=CARTESIAN_POINT('',(0.0656010519337932,-0.0233181094040611,0.002232));
#7390=CARTESIAN_POINT('',(0.0661897293080775,-0.0215063467405189,0.002232));
#7391=CARTESIAN_POINT('',(0.0607481540017818,-0.0339731108028953,0.00388177839420936));
#7392=CARTESIAN_POINT('',(0.0602719040017818,-0.034798,0.00553155678841871));
#7393=CARTESIAN_POINT('',(0.0612244040017818,-0.0331482216057907,0.002232));
#7394=CARTESIAN_POINT('',(0.0597956540017818,-0.0356228891971047,0.00388177839420936));
#7395=CARTESIAN_POINT('',(0.0593194040017818,-0.0364477783942093,0.002232));
#7396=CARTESIAN_POINT('',(0.0602719040017818,-0.034798,0.002232));
#7397=CARTESIAN_POINT('',(0.0523572541764815,-0.0458609682338839,0.00388177839420936));
#7398=CARTESIAN_POINT('',(0.0517199072739247,-0.0465688136801511,0.00553155678841871));
#7399=CARTESIAN_POINT('',(0.0529946010790384,-0.0451531227876167,0.002232));
#7400=CARTESIAN_POINT('',(0.0510825603713679,-0.0472766591264183,0.00388177839420936));
#7401=CARTESIAN_POINT('',(0.0504452134688111,-0.0479845045726855,0.002232));
#7402=CARTESIAN_POINT('',(0.0517199072739247,-0.0465688136801511,0.002232));
#7403=CARTESIAN_POINT('',(0.0416780911056891,-0.0557444812877103,0.00388177839420936));
#7404=CARTESIAN_POINT('',(0.0409075024185469,-0.0563043467405189,0.00553155678841871));
#7405=CARTESIAN_POINT('',(0.0424486797928312,-0.0551846158349017,0.002232));
#7406=CARTESIAN_POINT('',(0.0401369137314048,-0.0568642121933274,0.00388177839420936));
#7407=CARTESIAN_POINT('',(0.0393663250442627,-0.057424077646136,0.002232));
#7408=CARTESIAN_POINT('',(0.0409075024185469,-0.0563043467405189,0.002232));
#7409=CARTESIAN_POINT('',(0.029177395459908,-0.0631916930175648,0.00388177839420936));
#7410=CARTESIAN_POINT('',(0.0283072434115034,-0.0635791096700945,0.00553155678841871));
#7411=CARTESIAN_POINT('',(0.0300475475083125,-0.0628042763650351,0.002232));
#7412=CARTESIAN_POINT('',(0.0274370913630988,-0.0639665263226242,0.00388177839420936));
#7413=CARTESIAN_POINT('',(0.0265669393146942,-0.0643539429751539,0.002232));
#7414=CARTESIAN_POINT('',(0.0283072434115034,-0.0635791096700945,0.002232));
#7415=CARTESIAN_POINT('',(0.0154015076238517,-0.067877124535166,0.00388177839420936));
#7416=CARTESIAN_POINT('',(0.0144698220341528,-0.0680751604206699,0.00553155678841871));
#7417=CARTESIAN_POINT('',(0.0163331932135507,-0.0676790886496621,0.002232));
#7418=CARTESIAN_POINT('',(0.0135381364444538,-0.0682731963061739,0.00388177839420936));
#7419=CARTESIAN_POINT('',(0.0126064508547549,-0.0684712321916778,0.002232));
#7420=CARTESIAN_POINT('',(0.0144698220341528,-0.0680751604206699,0.002232));
#7421=CARTESIAN_POINT('',(0.,0.,0.002032));
#7422=CARTESIAN_POINT('',(0.0009525,-0.069596,0.00388177839420936));
#7423=CARTESIAN_POINT('',(0.0009525,-0.0304165817797184,0.00388177839420936));
#7424=CARTESIAN_POINT('',(0.,0.0304165817797184,0.015242));
#7425=CARTESIAN_POINT('',(0.,-0.0304165817797184,0.015242));
#7426=CARTESIAN_POINT('',(-0.051054,0.001016,0.002867));
#7427=CARTESIAN_POINT('',(-0.051054,-0.001016,0.002867));
#7428=CARTESIAN_POINT('',(-0.0306036286056041,1.0842021724855E-19,0.015242));
#7429=CARTESIAN_POINT('',(0.0306036286056041,1.0842021724855E-19,0.015242));
#7430=CARTESIAN_POINT('',(0.,0.,0.000832));
#7431=CARTESIAN_POINT('',(-0.0276308485030008,-0.0006858,0.00366180794164811));
#7432=CARTESIAN_POINT('',(-0.0284563485030008,-0.0006858,0.002232));
#7433=CARTESIAN_POINT('',(-0.0268053485030008,-0.0006858,0.00509161588329622));
#7434=CARTESIAN_POINT('',(-0.0259798485030008,-0.0006858,0.00366180794164811));
#7435=CARTESIAN_POINT('',(-0.0251543485030008,-0.0006858,0.002232));
#7436=CARTESIAN_POINT('',(-0.0268053485030008,-0.0006858,0.002232));
#7437=CARTESIAN_POINT('',(-0.0009906,-0.0259798485030008,0.00366180794164811));
#7438=CARTESIAN_POINT('',(-0.0009906,-0.0251543485030008,0.002232));
#7439=CARTESIAN_POINT('',(-0.0009906,-0.0268053485030008,0.00509161588329622));
#7440=CARTESIAN_POINT('',(-0.0009906,-0.0276308485030008,0.00366180794164811));
#7441=CARTESIAN_POINT('',(-0.0009906,-0.0284563485030008,0.002232));
#7442=CARTESIAN_POINT('',(-0.0009906,-0.0268053485030008,0.002232));
#7443=CARTESIAN_POINT('',(0.,0.,0.008128));
#7444=CARTESIAN_POINT('',(0.,0.,0.));
#7445=CARTESIAN_POINT('',(0.,0.,0.000832));
#7446=CARTESIAN_POINT('',(0.00127,0.0150672872082875,0.000832));
#7447=CARTESIAN_POINT('',(0.00127,0.00127,0.000832));
#7448=CARTESIAN_POINT('',(0.00127,0.0288645744165751,0.000832));
#7449=CARTESIAN_POINT('',(1.9515639104739E-18,-8.23993651088983E-18,0.000832));
#7450=CARTESIAN_POINT('',(0.0288645744165751,0.00127,0.000832));
#7451=CARTESIAN_POINT('',(0.0150672872082875,0.00127,0.000832));
#7452=CARTESIAN_POINT('',(0.0150790742515004,0.0150790742515004,0.002032));
#7453=CARTESIAN_POINT('',(0.00127,0.0150672872082875,0.002032));
#7454=CARTESIAN_POINT('',(0.00127,0.0288645744165751,0.002032));
#7455=CARTESIAN_POINT('',(0.00127,0.00127,0.002032));
#7456=CARTESIAN_POINT('',(0.0150672872082875,0.00127,0.002032));
#7457=CARTESIAN_POINT('',(0.0288645744165751,0.00127,0.002032));
#7458=CARTESIAN_POINT('',(1.9515639104739E-18,-8.23993651088983E-18,0.002032));
#7459=CARTESIAN_POINT('',(1.9515639104739E-18,-8.23993651088983E-18,0.00083));
#7460=CARTESIAN_POINT('',(0.00127,0.0288645744165751,0.00083));
#7461=CARTESIAN_POINT('',(0.0288645744165751,0.00127,0.00083));
#7462=CARTESIAN_POINT('',(0.0150672872082875,0.00127,0.00083));
#7463=CARTESIAN_POINT('',(0.00127,0.00127,0.00083));
#7464=CARTESIAN_POINT('',(0.00127,0.0150672872082875,0.00083));
#7465=CARTESIAN_POINT('',(0.,0.,0.));
#7466=CARTESIAN_POINT('',(0.,0.,0.000832));
#7467=CARTESIAN_POINT('',(-0.0150672872082875,0.00127,0.000832));
#7468=CARTESIAN_POINT('',(-0.00127,0.00127,0.000832));
#7469=CARTESIAN_POINT('',(-0.0288645744165751,0.00127,0.000832));
#7470=CARTESIAN_POINT('',(8.23993651088983E-18,1.95156391047391E-18,0.000832));
#7471=CARTESIAN_POINT('',(-0.00127,0.0288645744165751,0.000832));
#7472=CARTESIAN_POINT('',(-0.00127,0.0150672872082875,0.000832));
#7473=CARTESIAN_POINT('',(-0.0150790742515004,0.0150790742515004,0.002032));
#7474=CARTESIAN_POINT('',(-0.0150672872082875,0.00127,0.002032));
#7475=CARTESIAN_POINT('',(-0.0288645744165751,0.00127,0.002032));
#7476=CARTESIAN_POINT('',(-0.00127,0.00127,0.002032));
#7477=CARTESIAN_POINT('',(-0.00127,0.0150672872082875,0.002032));
#7478=CARTESIAN_POINT('',(-0.00127,0.0288645744165751,0.002032));
#7479=CARTESIAN_POINT('',(8.23993651088983E-18,1.95156391047391E-18,0.002032));
#7480=CARTESIAN_POINT('',(8.23993651088983E-18,1.95156391047391E-18,0.00083));
#7481=CARTESIAN_POINT('',(-0.0288645744165751,0.00127,0.00083));
#7482=CARTESIAN_POINT('',(-0.00127,0.0288645744165751,0.00083));
#7483=CARTESIAN_POINT('',(-0.00127,0.0150672872082875,0.00083));
#7484=CARTESIAN_POINT('',(-0.00127,0.00127,0.00083));
#7485=CARTESIAN_POINT('',(-0.0150672872082875,0.00127,0.00083));
#7486=CARTESIAN_POINT('',(0.,0.,0.));
#7487=CARTESIAN_POINT('',(0.,0.,0.000832));
#7488=CARTESIAN_POINT('',(-0.00127,-0.0150672872082875,0.000832));
#7489=CARTESIAN_POINT('',(-0.00127,-0.00127,0.000832));
#7490=CARTESIAN_POINT('',(-0.00127,-0.0288645744165751,0.000832));
#7491=CARTESIAN_POINT('',(-1.95156391047391E-18,8.23993651088983E-18,0.000832));
#7492=CARTESIAN_POINT('',(-0.0288645744165751,-0.00127,0.000832));
#7493=CARTESIAN_POINT('',(-0.0150672872082875,-0.00127,0.000832));
#7494=CARTESIAN_POINT('',(-0.0150790742515004,-0.0150790742515004,0.002032));
#7495=CARTESIAN_POINT('',(-0.00127,-0.0150672872082875,0.002032));
#7496=CARTESIAN_POINT('',(-0.00127,-0.0288645744165751,0.002032));
#7497=CARTESIAN_POINT('',(-0.00127,-0.00127,0.002032));
#7498=CARTESIAN_POINT('',(-0.0150672872082875,-0.00127,0.002032));
#7499=CARTESIAN_POINT('',(-0.0288645744165751,-0.00127,0.002032));
#7500=CARTESIAN_POINT('',(-1.95156391047391E-18,8.23993651088983E-18,0.002032));
#7501=CARTESIAN_POINT('',(-1.95156391047391E-18,8.23993651088983E-18,0.00083));
#7502=CARTESIAN_POINT('',(-0.00127,-0.0288645744165751,0.00083));
#7503=CARTESIAN_POINT('',(-0.0288645744165751,-0.00127,0.00083));
#7504=CARTESIAN_POINT('',(-0.0150672872082875,-0.00127,0.00083));
#7505=CARTESIAN_POINT('',(-0.00127,-0.00127,0.00083));
#7506=CARTESIAN_POINT('',(-0.00127,-0.0150672872082875,0.00083));
#7507=MECHANICAL_DESIGN_GEOMETRIC_PRESENTATION_REPRESENTATION('',(#4473),
#7512);
#7508=MECHANICAL_DESIGN_GEOMETRIC_PRESENTATION_REPRESENTATION('',(#4474),
#7513);
#7509=MECHANICAL_DESIGN_GEOMETRIC_PRESENTATION_REPRESENTATION('',(#4475),
#7514);
#7510=MECHANICAL_DESIGN_GEOMETRIC_PRESENTATION_REPRESENTATION('',(#4476),
#7515);
#7511=MECHANICAL_DESIGN_GEOMETRIC_PRESENTATION_REPRESENTATION('',(#4477),
#7516);
#7512=(
GEOMETRIC_REPRESENTATION_CONTEXT(3)
GLOBAL_UNCERTAINTY_ASSIGNED_CONTEXT((#7517))
GLOBAL_UNIT_ASSIGNED_CONTEXT((#7532,#7527,#7522))
REPRESENTATION_CONTEXT('Part 4','TOP_LEVEL_ASSEMBLY_PART')
);
#7513=(
GEOMETRIC_REPRESENTATION_CONTEXT(3)
GLOBAL_UNCERTAINTY_ASSIGNED_CONTEXT((#7518))
GLOBAL_UNIT_ASSIGNED_CONTEXT((#7533,#7528,#7523))
REPRESENTATION_CONTEXT('Part 1','TOP_LEVEL_ASSEMBLY_PART')
);
#7514=(
GEOMETRIC_REPRESENTATION_CONTEXT(3)
GLOBAL_UNCERTAINTY_ASSIGNED_CONTEXT((#7519))
GLOBAL_UNIT_ASSIGNED_CONTEXT((#7534,#7529,#7524))
REPRESENTATION_CONTEXT('Part 5','TOP_LEVEL_ASSEMBLY_PART')
);
#7515=(
GEOMETRIC_REPRESENTATION_CONTEXT(3)
GLOBAL_UNCERTAINTY_ASSIGNED_CONTEXT((#7520))
GLOBAL_UNIT_ASSIGNED_CONTEXT((#7535,#7530,#7525))
REPRESENTATION_CONTEXT('Part 2','TOP_LEVEL_ASSEMBLY_PART')
);
#7516=(
GEOMETRIC_REPRESENTATION_CONTEXT(3)
GLOBAL_UNCERTAINTY_ASSIGNED_CONTEXT((#7521))
GLOBAL_UNIT_ASSIGNED_CONTEXT((#7536,#7531,#7526))
REPRESENTATION_CONTEXT('Part 3','TOP_LEVEL_ASSEMBLY_PART')
);
#7517=UNCERTAINTY_MEASURE_WITH_UNIT(LENGTH_MEASURE(5.E-6),#7532,
'DISTANCE_ACCURACY_VALUE','Maximum Tolerance applied to model');
#7518=UNCERTAINTY_MEASURE_WITH_UNIT(LENGTH_MEASURE(5.E-6),#7533,
'DISTANCE_ACCURACY_VALUE','Maximum Tolerance applied to model');
#7519=UNCERTAINTY_MEASURE_WITH_UNIT(LENGTH_MEASURE(5.E-6),#7534,
'DISTANCE_ACCURACY_VALUE','Maximum Tolerance applied to model');
#7520=UNCERTAINTY_MEASURE_WITH_UNIT(LENGTH_MEASURE(5.E-6),#7535,
'DISTANCE_ACCURACY_VALUE','Maximum Tolerance applied to model');
#7521=UNCERTAINTY_MEASURE_WITH_UNIT(LENGTH_MEASURE(5.E-6),#7536,
'DISTANCE_ACCURACY_VALUE','Maximum Tolerance applied to model');
#7522=(
NAMED_UNIT(*)
SI_UNIT($,.STERADIAN.)
SOLID_ANGLE_UNIT()
);
#7523=(
NAMED_UNIT(*)
SI_UNIT($,.STERADIAN.)
SOLID_ANGLE_UNIT()
);
#7524=(
NAMED_UNIT(*)
SI_UNIT($,.STERADIAN.)
SOLID_ANGLE_UNIT()
);
#7525=(
NAMED_UNIT(*)
SI_UNIT($,.STERADIAN.)
SOLID_ANGLE_UNIT()
);
#7526=(
NAMED_UNIT(*)
SI_UNIT($,.STERADIAN.)
SOLID_ANGLE_UNIT()
);
#7527=(
NAMED_UNIT(*)
PLANE_ANGLE_UNIT()
SI_UNIT($,.RADIAN.)
);
#7528=(
NAMED_UNIT(*)
PLANE_ANGLE_UNIT()
SI_UNIT($,.RADIAN.)
);
#7529=(
NAMED_UNIT(*)
PLANE_ANGLE_UNIT()
SI_UNIT($,.RADIAN.)
);
#7530=(
NAMED_UNIT(*)
PLANE_ANGLE_UNIT()
SI_UNIT($,.RADIAN.)
);
#7531=(
NAMED_UNIT(*)
PLANE_ANGLE_UNIT()
SI_UNIT($,.RADIAN.)
);
#7532=(
LENGTH_UNIT()
NAMED_UNIT(*)
SI_UNIT($,.METRE.)
);
#7533=(
LENGTH_UNIT()
NAMED_UNIT(*)
SI_UNIT($,.METRE.)
);
#7534=(
LENGTH_UNIT()
NAMED_UNIT(*)
SI_UNIT($,.METRE.)
);
#7535=(
LENGTH_UNIT()
NAMED_UNIT(*)
SI_UNIT($,.METRE.)
);
#7536=(
LENGTH_UNIT()
NAMED_UNIT(*)
SI_UNIT($,.METRE.)
);
#7537=PRODUCT_DEFINITION_SHAPE('','',#7542);
#7538=PRODUCT_DEFINITION_SHAPE('','',#7543);
#7539=PRODUCT_DEFINITION_SHAPE('','',#7544);
#7540=PRODUCT_DEFINITION_SHAPE('','',#7545);
#7541=PRODUCT_DEFINITION_SHAPE('','',#7546);
#7542=PRODUCT_DEFINITION('','',#7552,#7547);
#7543=PRODUCT_DEFINITION('','',#7553,#7548);
#7544=PRODUCT_DEFINITION('','',#7554,#7549);
#7545=PRODUCT_DEFINITION('','',#7555,#7550);
#7546=PRODUCT_DEFINITION('','',#7556,#7551);
#7547=PRODUCT_DEFINITION_CONTEXT('',#7582,'design');
#7548=PRODUCT_DEFINITION_CONTEXT('',#7583,'design');
#7549=PRODUCT_DEFINITION_CONTEXT('',#7584,'design');
#7550=PRODUCT_DEFINITION_CONTEXT('',#7585,'design');
#7551=PRODUCT_DEFINITION_CONTEXT('',#7586,'design');
#7552=PRODUCT_DEFINITION_FORMATION_WITH_SPECIFIED_SOURCE('','',#7562,
 .NOT_KNOWN.);
#7553=PRODUCT_DEFINITION_FORMATION_WITH_SPECIFIED_SOURCE('','',#7563,
 .NOT_KNOWN.);
#7554=PRODUCT_DEFINITION_FORMATION_WITH_SPECIFIED_SOURCE('','',#7564,
 .NOT_KNOWN.);
#7555=PRODUCT_DEFINITION_FORMATION_WITH_SPECIFIED_SOURCE('','',#7565,
 .NOT_KNOWN.);
#7556=PRODUCT_DEFINITION_FORMATION_WITH_SPECIFIED_SOURCE('','',#7566,
 .NOT_KNOWN.);
#7557=PRODUCT_RELATED_PRODUCT_CATEGORY('','',(#7562));
#7558=PRODUCT_RELATED_PRODUCT_CATEGORY('','',(#7563));
#7559=PRODUCT_RELATED_PRODUCT_CATEGORY('','',(#7564));
#7560=PRODUCT_RELATED_PRODUCT_CATEGORY('','',(#7565));
#7561=PRODUCT_RELATED_PRODUCT_CATEGORY('','',(#7566));
#7562=PRODUCT('Part 4','Part 4','Part 4',(#7572));
#7563=PRODUCT('Part 1','Part 1','Part 1',(#7573));
#7564=PRODUCT('Part 5','Part 5','Part 5',(#7574));
#7565=PRODUCT('Part 2','Part 2','Part 2',(#7575));
#7566=PRODUCT('Part 3','Part 3','Part 3',(#7576));
#7567=PRODUCT_CATEGORY('','');
#7568=PRODUCT_CATEGORY('','');
#7569=PRODUCT_CATEGORY('','');
#7570=PRODUCT_CATEGORY('','');
#7571=PRODUCT_CATEGORY('','');
#7572=PRODUCT_CONTEXT('',#7582,'mechanical');
#7573=PRODUCT_CONTEXT('',#7583,'mechanical');
#7574=PRODUCT_CONTEXT('',#7584,'mechanical');
#7575=PRODUCT_CONTEXT('',#7585,'mechanical');
#7576=PRODUCT_CONTEXT('',#7586,'mechanical');
#7577=APPLICATION_PROTOCOL_DEFINITION('international standard',
'ap242_managed_model_based_3d_engineering',2011,#7582);
#7578=APPLICATION_PROTOCOL_DEFINITION('international standard',
'ap242_managed_model_based_3d_engineering',2011,#7583);
#7579=APPLICATION_PROTOCOL_DEFINITION('international standard',
'ap242_managed_model_based_3d_engineering',2011,#7584);
#7580=APPLICATION_PROTOCOL_DEFINITION('international standard',
'ap242_managed_model_based_3d_engineering',2011,#7585);
#7581=APPLICATION_PROTOCOL_DEFINITION('international standard',
'ap242_managed_model_based_3d_engineering',2011,#7586);
#7582=APPLICATION_CONTEXT('managed model based 3d engineering');
#7583=APPLICATION_CONTEXT('managed model based 3d engineering');
#7584=APPLICATION_CONTEXT('managed model based 3d engineering');
#7585=APPLICATION_CONTEXT('managed model based 3d engineering');
#7586=APPLICATION_CONTEXT('managed model based 3d engineering');
ENDSEC;
END-ISO-10303-21;
